{
  "type": "FeatureCollection",
  "name": "roosevelt_footprints",
  "features": [
    {
      "type": "Feature",
      "id": "1040750",
      "properties": {
        "bin": "1040750",
        "bbl": "1013730050",
        "address": "900 MAIN STREET",
        "building_use": "Public Facilities & Institutions",
        "pluto_landuse_code": "8",
        "building_class": "I1",
        "pluto_year_built": "1900",
        "pluto_floors": "8.0000000",
        "residential_units": "0",
        "total_units": "1",
        "building_area_sqft": "661538",
        "lot_area_sqft": "490397",
        "construction_year": "1900",
        "height_roof": "113.7",
        "feature_code": "2100",
        "geometry_source": "Photogrammetric",
        "last_status_type": "Constructed",
        "retrieved_on": "2026-09-29",
        "source_footprint": "NYC DoITT BUILDING (Socrata 5zhs-2jue)",
        "source_taxlot": "NYC DCP PLUTO 26v2 (Socrata 64uk-42ks)",
        "source_boundary": "OpenStreetMap relation 2389564 (Roosevelt Island)",
        "source_attributes": {
          "building": {
            "name": null,
            "base_bbl": "1013730050",
            "shape_area": "29387.703125",
            "construction_year": "1900",
            "ground_elevation": "10",
            "mappluto_bbl": "1013730050",
            "objectid": "75680",
            "feature_code": "2100",
            "shape_length": "2671.2386597597151",
            "height_roof": "113.7",
            "last_status_type": "Constructed",
            "bin": "1040750",
            "last_edited_date": "2017-08-22T19:42:14.000Z",
            "geom_source": "Photogrammetric",
            "doitt_id": "990365"
          },
          "pluto": {
            "borough": "MN",
            "block": "1373",
            "lot": "50",
            "cd": "108",
            "ct2010": "238.02",
            "cb2010": "1000",
            "schooldist": "2",
            "council": "5",
            "zipcode": "10044",
            "firecomp": "E260",
            "policeprct": "114",
            "healtharea": "8300",
            "sanitboro": "1",
            "address": "900 MAIN STREET",
            "zonedist1": "R7-2",
            "splitzone": false,
            "bldgclass": "I1",
            "landuse": "8",
            "easements": "0",
            "ownertype": "C",
            "ownername": "NYC HEALTH AND HOSPITALS CORPORATION",
            "lotarea": "490397",
            "bldgarea": "661538",
            "comarea": "661538",
            "resarea": "0",
            "officearea": "0",
            "retailarea": "0",
            "garagearea": "0",
            "strgearea": "0",
            "factryarea": "0",
            "otherarea": "661538",
            "areasource": "2",
            "numbldgs": "4",
            "numfloors": "8.0000000",
            "unitsres": "0",
            "unitstotal": "1",
            "lotfront": "465.5800000",
            "lotdepth": "1053.2500000",
            "bldgfront": "200.0000000",
            "bldgdepth": "400.0000000",
            "ext": "N",
            "proxcode": "0",
            "irrlotcode": false,
            "lottype": "5",
            "bsmtcode": "0",
            "assessland": "39784050.00000",
            "assesstot": "116261550.00000",
            "exempttot": "116261550.00000",
            "yearbuilt": "1900",
            "yearalter1": "0",
            "yearalter2": "0",
            "builtfar": "1.35000000000",
            "residfar": "3.44000000000",
            "commfar": "0.00000000000",
            "facilfar": "6.50000000000",
            "affresfar": "5.01000000000",
            "mnffar": "0.00000000000",
            "borocode": "1",
            "bbl": "1013730050.00000000",
            "tract2010": "23802",
            "xcoord": "1000315",
            "ycoord": "219954",
            "latitude": "40.7703846",
            "longitude": "-73.9420011",
            "zonemap": "9a",
            "sanborn": "106E070",
            "taxmap": "10507",
            "plutomapid": "1",
            "version": "26v2",
            "sanitdistrict": "8",
            "healthcenterdistrict": "13",
            "firm07_flag": "1",
            "pfirm15_flag": "1",
            "dcpedited": "t",
            "bct2020": "1023802",
            "bctcb2020": "10238023000",
            "transitzone": "Inner Transit Zone"
          }
        }
      },
      "geometry": {
        "type": "MultiPolygon",
        "coordinates": [
          [
            [
              [
                -73.941598286442,
                40.771781303146
              ],
              [
                -73.941708732407,
                40.771646965231
              ],
              [
                -73.941652303947,
                40.771460995306
              ],
              [
                -73.941641598597,
                40.771424448353
              ],
              [
                -73.941209316919,
                40.771220324891
              ],
              [
                -73.940916235352,
                40.771270042167
              ],
              [
                -73.940879573655,
                40.771314916165
              ],
              [
                -73.940843859341,
                40.77135863079
              ],
              [
                -73.940763073481,
                40.771320483579
              ],
              [
                -73.940782190545,
                40.771297085717
              ],
              [
                -73.940786127317,
                40.771292266444
              ],
              [
                -73.940768159134,
                40.77128378167
              ],
              [
                -73.940752635994,
                40.771243045715
              ],
              [
                -73.940765366465,
                40.771227462742
              ],
              [
                -73.940599476079,
                40.771149127187
              ],
              [
                -73.940648018144,
                40.771089712662
              ],
              [
                -73.940848109035,
                40.771184197331
              ],
              [
                -73.940874686897,
                40.771151664972
              ],
              [
                -73.940955866882,
                40.771189998712
              ],
              [
                -73.941134145145,
                40.771159756465
              ],
              [
                -73.941125751134,
                40.771131154885
              ],
              [
                -73.941182880003,
                40.771061229342
              ],
              [
                -73.941218249618,
                40.771054675515
              ],
              [
                -73.941175512886,
                40.770921369271
              ],
              [
                -73.941094284559,
                40.770883012247
              ],
              [
                -73.941120154282,
                40.770851346653
              ],
              [
                -73.940915435834,
                40.770754676358
              ],
              [
                -73.940964124364,
                40.770695081671
              ],
              [
                -73.941132039838,
                40.770774373176
              ],
              [
                -73.941146234539,
                40.770756998906
              ],
              [
                -73.941133033139,
                40.770718626206
              ],
              [
                -73.941131434652,
                40.770713981493
              ],
              [
                -73.941079406669,
                40.770689856523
              ],
              [
                -73.941065048044,
                40.77064484471
              ],
              [
                -73.941096767645,
                40.770605313512
              ],
              [
                -73.941155986643,
                40.77059441976
              ],
              [
                -73.941208013394,
                40.770618544695
              ],
              [
                -73.94122237211,
                40.77066355649
              ],
              [
                -73.941197289251,
                40.770693595299
              ],
              [
                -73.94118761016,
                40.770705186144
              ],
              [
                -73.941199004362,
                40.770744581788
              ],
              [
                -73.941225109955,
                40.770756909494
              ],
              [
                -73.941326675636,
                40.770632590001
              ],
              [
                -73.941402734532,
                40.770668504769
              ],
              [
                -73.941250232445,
                40.77085516905
              ],
              [
                -73.941321336575,
                40.77107695969
              ],
              [
                -73.941469526053,
                40.771129118385
              ],
              [
                -73.941740582732,
                40.770797339139
              ],
              [
                -73.941697519988,
                40.770777004698
              ],
              [
                -73.941704604815,
                40.770768332831
              ],
              [
                -73.941680346146,
                40.770756877856
              ],
              [
                -73.941789315927,
                40.770623495433
              ],
              [
                -73.941678522401,
                40.770571177779
              ],
              [
                -73.941665319824,
                40.770564943213
              ],
              [
                -73.941657129042,
                40.770561075905
              ],
              [
                -73.941691488277,
                40.770519019066
              ],
              [
                -73.941729001535,
                40.770473102452
              ],
              [
                -73.941751905636,
                40.770483918276
              ],
              [
                -73.941803902531,
                40.770508471567
              ],
              [
                -73.941857655551,
                40.770442675489
              ],
              [
                -73.941857979256,
                40.77044227943
              ],
              [
                -73.941792389121,
                40.770411307711
              ],
              [
                -73.941839737921,
                40.770353350892
              ],
              [
                -73.941761480503,
                40.770316397919
              ],
              [
                -73.941768073193,
                40.770308328235
              ],
              [
                -73.941520809374,
                40.770191568873
              ],
              [
                -73.941452406525,
                40.770159268189
              ],
              [
                -73.941572135142,
                40.770012716155
              ],
              [
                -73.941689349486,
                40.769869241544
              ],
              [
                -73.942004394907,
                40.770018007972
              ],
              [
                -73.942010991094,
                40.770009935575
              ],
              [
                -73.942051526835,
                40.770029076363
              ],
              [
                -73.942210189139,
                40.77010399691
              ],
              [
                -73.942310016094,
                40.769981802656
              ],
              [
                -73.942178273984,
                40.769919593761
              ],
              [
                -73.942252045802,
                40.769829291324
              ],
              [
                -73.942383788987,
                40.769891500136
              ],
              [
                -73.942426915767,
                40.769838708951
              ],
              [
                -73.942493932168,
                40.769756676811
              ],
              [
                -73.942519181601,
                40.769768598571
              ],
              [
                -73.942525997058,
                40.769760256103
              ],
              [
                -73.942556949703,
                40.769774872305
              ],
              [
                -73.9426904424,
                40.769611465832
              ],
              [
                -73.942684411242,
                40.769608618141
              ],
              [
                -73.94268796835,
                40.769604264173
              ],
              [
                -73.942643713828,
                40.769583367575
              ],
              [
                -73.942421044994,
                40.769577723825
              ],
              [
                -73.941982341416,
                40.769566603165
              ],
              [
                -73.941988025997,
                40.769436974007
              ],
              [
                -73.942463187699,
                40.769449018763
              ],
              [
                -73.942513777567,
                40.769413814506
              ],
              [
                -73.942519208579,
                40.769289946616
              ],
              [
                -73.942529787795,
                40.769048684409
              ],
              [
                -73.942667190964,
                40.769052167571
              ],
              [
                -73.942702936708,
                40.769053073248
              ],
              [
                -73.942696192799,
                40.769206887653
              ],
              [
                -73.942683464836,
                40.769497168623
              ],
              [
                -73.942751462685,
                40.769529276571
              ],
              [
                -73.942775240706,
                40.769500169693
              ],
              [
                -73.942783987606,
                40.769489463445
              ],
              [
                -73.942802803285,
                40.769498348151
              ],
              [
                -73.942812323604,
                40.769502843689
              ],
              [
                -73.942818469078,
                40.769495321229
              ],
              [
                -73.942820507293,
                40.769492826044
              ],
              [
                -73.942823237532,
                40.76949411602
              ],
              [
                -73.942864373467,
                40.76951353958
              ],
              [
                -73.942904497439,
                40.769464424382
              ],
              [
                -73.942893010542,
                40.769459000358
              ],
              [
                -73.942844047399,
                40.76943587996
              ],
              [
                -73.942964682264,
                40.769288211191
              ],
              [
                -73.942892853238,
                40.769254293257
              ],
              [
                -73.942873410114,
                40.769245111988
              ],
              [
                -73.942962558627,
                40.769135985374
              ],
              [
                -73.943307366119,
                40.76929880274
              ],
              [
                -73.943209627645,
                40.769418443268
              ],
              [
                -73.943123340865,
                40.769377698837
              ],
              [
                -73.94301129536,
                40.769514853234
              ],
              [
                -73.942946027642,
                40.769484034512
              ],
              [
                -73.94290590369,
                40.769533149725
              ],
              [
                -73.94294765534,
                40.769552864422
              ],
              [
                -73.942939471661,
                40.769562882977
              ],
              [
                -73.942969943612,
                40.769577271003
              ],
              [
                -73.942938953052,
                40.76961520559
              ],
              [
                -73.942937418759,
                40.769617084182
              ],
              [
                -73.943004694626,
                40.769648852132
              ],
              [
                -73.943093436325,
                40.769612829017
              ],
              [
                -73.943520481896,
                40.769439479642
              ],
              [
                -73.943600726446,
                40.769553740646
              ],
              [
                -73.943178406785,
                40.769725170971
              ],
              [
                -73.94317088093,
                40.769745782492
              ],
              [
                -73.943160169731,
                40.769775114719
              ],
              [
                -73.943170894986,
                40.76979038715
              ],
              [
                -73.943387226542,
                40.770098425386
              ],
              [
                -73.943321482733,
                40.77012511281
              ],
              [
                -73.943237904155,
                40.770159039567
              ],
              [
                -73.942923445575,
                40.769711274455
              ],
              [
                -73.942874838613,
                40.769688321741
              ],
              [
                -73.94273505723,
                40.769859425508
              ],
              [
                -73.94276721052,
                40.769874608667
              ],
              [
                -73.942760294296,
                40.769883074469
              ],
              [
                -73.94278212331,
                40.76989338167
              ],
              [
                -73.942499108047,
                40.770239812236
              ],
              [
                -73.942631229964,
                40.770302200151
              ],
              [
                -73.942624436994,
                40.770310514721
              ],
              [
                -73.942674036505,
                40.770333934493
              ],
              [
                -73.942680829471,
                40.77032562082
              ],
              [
                -73.94290510156,
                40.770431520634
              ],
              [
                -73.942833152407,
                40.770519591136
              ],
              [
                -73.942804890851,
                40.770554185267
              ],
              [
                -73.942786687713,
                40.770576467296
              ],
              [
                -73.942655672667,
                40.770736838593
              ],
              [
                -73.942535038124,
                40.770679875671
              ],
              [
                -73.942541611783,
                40.770671831149
              ],
              [
                -73.942298084288,
                40.770556838511
              ],
              [
                -73.942290475991,
                40.770553246194
              ],
              [
                -73.942258552174,
                40.770538171979
              ],
              [
                -73.94223943229,
                40.77056157459
              ],
              [
                -73.94196834467,
                40.770893397327
              ],
              [
                -73.941947448438,
                40.77088353079
              ],
              [
                -73.941940674294,
                40.770891822816
              ],
              [
                -73.941902585365,
                40.77087383677
              ],
              [
                -73.941631695188,
                40.771205412963
              ],
              [
                -73.941754510782,
                40.771279710821
              ],
              [
                -73.941906422739,
                40.771253068669
              ],
              [
                -73.942049706668,
                40.771227940228
              ],
              [
                -73.94219984419,
                40.771044166132
              ],
              [
                -73.942278757455,
                40.771081428905
              ],
              [
                -73.942263951139,
                40.771099553126
              ],
              [
                -73.942176904733,
                40.771206100281
              ],
              [
                -73.942200428389,
                40.771217208088
              ],
              [
                -73.942214145506,
                40.77125996097
              ],
              [
                -73.942200808269,
                40.771276285812
              ],
              [
                -73.942261663447,
                40.771305021673
              ],
              [
                -73.94236378466,
                40.771353241633
              ],
              [
                -73.94231467952,
                40.771413348182
              ],
              [
                -73.942111815303,
                40.771317558041
              ],
              [
                -73.942084573962,
                40.771350902605
              ],
              [
                -73.942000758736,
                40.771311325641
              ],
              [
                -73.941827119906,
                40.771341777786
              ],
              [
                -73.941834599719,
                40.771366428343
              ],
              [
                -73.941774860239,
                40.771439550575
              ],
              [
                -73.941752647709,
                40.771443445733
              ],
              [
                -73.941742272383,
                40.771445265808
              ],
              [
                -73.941745255796,
                40.771455098113
              ],
              [
                -73.941782659555,
                40.771578365329
              ],
              [
                -73.941868178544,
                40.771619001401
              ],
              [
                -73.941843088089,
                40.771649521212
              ],
              [
                -73.942044177584,
                40.771745074096
              ],
              [
                -73.941994688011,
                40.771805271263
              ],
              [
                -73.941829954309,
                40.771726993001
              ],
              [
                -73.941817783755,
                40.771741795636
              ],
              [
                -73.941764014358,
                40.771753283211
              ],
              [
                -73.941741351414,
                40.77174251434
              ],
              [
                -73.941636374075,
                40.771870200334
              ],
              [
                -73.941556430361,
                40.771832212599
              ],
              [
                -73.941598286442,
                40.771781303146
              ]
            ]
          ]
        ]
      }
    },
    {
      "type": "Feature",
      "id": "1077365",
      "properties": {
        "bin": "1077365",
        "bbl": "1013730001",
        "address": "MAIN STREET",
        "building_use": "Multi-Family Elevator Buildings",
        "pluto_landuse_code": "3",
        "building_class": "D4",
        "pluto_year_built": "1975",
        "pluto_floors": "18.0000000",
        "residential_units": "8018",
        "total_units": "8088",
        "building_area_sqft": "4786701",
        "lot_area_sqft": "4227757",
        "construction_year": "1975",
        "height_roof": "186.62",
        "feature_code": "2100",
        "geometry_source": "Photogrammetric",
        "last_status_type": "Constructed",
        "retrieved_on": "2026-09-29",
        "source_footprint": "NYC DoITT BUILDING (Socrata 5zhs-2jue)",
        "source_taxlot": "NYC DCP PLUTO 26v2 (Socrata 64uk-42ks)",
        "source_boundary": "OpenStreetMap relation 2389564 (Roosevelt Island)",
        "source_attributes": {
          "building": {
            "name": null,
            "base_bbl": "1013730001",
            "shape_area": "2102.78125",
            "construction_year": "1975",
            "ground_elevation": "11",
            "mappluto_bbl": "1013730001",
            "objectid": "218236",
            "feature_code": "2100",
            "shape_length": "240.02617067199043",
            "height_roof": "186.62",
            "last_status_type": "Constructed",
            "bin": "1077365",
            "last_edited_date": "2017-08-22T18:57:40.000Z",
            "geom_source": "Photogrammetric",
            "doitt_id": "349394"
          },
          "pluto": {
            "borough": "MN",
            "block": "1373",
            "lot": "1",
            "cd": "108",
            "ct2010": "238.01",
            "cb2010": "1015",
            "schooldist": "2",
            "council": "5",
            "zipcode": "10044",
            "firecomp": "E260",
            "policeprct": "114",
            "healtharea": "8300",
            "sanitboro": "1",
            "address": "MAIN STREET",
            "zonedist1": "R7-2",
            "splitzone": false,
            "bldgclass": "D4",
            "landuse": "3",
            "easements": "1",
            "ownertype": "C",
            "ownername": "RIVERWALK 8 AFFORDABLE, L.P.",
            "lotarea": "4227757",
            "bldgarea": "4786701",
            "comarea": "1046956",
            "resarea": "3739745",
            "officearea": "7496",
            "retailarea": "537154",
            "garagearea": "406500",
            "strgearea": "0",
            "factryarea": "0",
            "otherarea": "95806",
            "areasource": "2",
            "numbldgs": "38",
            "numfloors": "18.0000000",
            "unitsres": "8018",
            "unitstotal": "8088",
            "lotfront": "200.0000000",
            "lotdepth": "102.5000000",
            "bldgfront": "0.0000000",
            "bldgdepth": "0.0000000",
            "ext": "N",
            "proxcode": "0",
            "irrlotcode": true,
            "lottype": "7",
            "bsmtcode": "0",
            "assessland": "134391150.00000",
            "assesstot": "592936650.00000",
            "exempttot": "592936650.00000",
            "yearbuilt": "1975",
            "yearalter1": "0",
            "yearalter2": "0",
            "landmark": "INDIVIDUAL LANDMARK",
            "builtfar": "1.13000000000",
            "residfar": "3.44000000000",
            "commfar": "0.00000000000",
            "facilfar": "6.50000000000",
            "affresfar": "5.01000000000",
            "mnffar": "0.00000000000",
            "borocode": "1",
            "bbl": "1013730001.00000000",
            "tract2010": "23801",
            "xcoord": "996792",
            "ycoord": "215349",
            "latitude": "40.7577508",
            "longitude": "-73.9547287",
            "zonemap": "9a",
            "zmcode": true,
            "sanborn": "106E070",
            "taxmap": "10507",
            "appbbl": "1013730001.00000000",
            "appdate": "2023-12-06T00:00:00.000",
            "plutomapid": "1",
            "version": "26v2",
            "sanitdistrict": "8",
            "healthcenterdistrict": "13",
            "firm07_flag": "1",
            "pfirm15_flag": "1",
            "bct2020": "1023804",
            "bctcb2020": "10238041000",
            "transitzone": "Inner Transit Zone"
          }
        }
      },
      "geometry": {
        "type": "MultiPolygon",
        "coordinates": [
          [
            [
              [
                -73.946044128955,
                40.766395320622
              ],
              [
                -73.94601012949,
                40.766377997006
              ],
              [
                -73.945996041162,
                40.766393981556
              ],
              [
                -73.945902216546,
                40.766346174801
              ],
              [
                -73.945916306071,
                40.766330190262
              ],
              [
                -73.945882818119,
                40.766313127994
              ],
              [
                -73.945928889709,
                40.766260859148
              ],
              [
                -73.945921113824,
                40.766256896882
              ],
              [
                -73.945993440258,
                40.766174842646
              ],
              [
                -73.946001216138,
                40.766178804907
              ],
              [
                -73.946070256238,
                40.766100477169
              ],
              [
                -73.946062480363,
                40.766096514913
              ],
              [
                -73.94614291393,
                40.766005262123
              ],
              [
                -73.946215755915,
                40.766042378012
              ],
              [
                -73.946221264824,
                40.766036128383
              ],
              [
                -73.946465113853,
                40.766160376447
              ],
              [
                -73.946458008123,
                40.76616843806
              ],
              [
                -73.946570506695,
                40.766225758748
              ],
              [
                -73.946546976238,
                40.766252454086
              ],
              [
                -73.946564769226,
                40.766261520511
              ],
              [
                -73.946501384262,
                40.766333433276
              ],
              [
                -73.946483590079,
                40.766324366841
              ],
              [
                -73.946461704994,
                40.766349197081
              ],
              [
                -73.946349206306,
                40.766291876288
              ],
              [
                -73.946343657081,
                40.766298171831
              ],
              [
                -73.946194696621,
                40.766222272709
              ],
              [
                -73.946163174685,
                40.766258035015
              ],
              [
                -73.946173339709,
                40.766263214962
              ],
              [
                -73.946097401228,
                40.766349369417
              ],
              [
                -73.946088589402,
                40.766344879882
              ],
              [
                -73.946044128955,
                40.766395320622
              ]
            ]
          ]
        ]
      }
    },
    {
      "type": "Feature",
      "id": "1083198",
      "properties": {
        "bin": "1083198",
        "bbl": "1013730002",
        "address": "475 MAIN STREET",
        "building_use": "Multi-Family Elevator Buildings",
        "pluto_landuse_code": "3",
        "building_class": "D3",
        "pluto_year_built": "2003",
        "pluto_floors": "16.0000000",
        "residential_units": "258",
        "total_units": "258",
        "building_area_sqft": "211000",
        "lot_area_sqft": "35918",
        "construction_year": "1975",
        "height_roof": "34",
        "feature_code": "2100",
        "geometry_source": "Other (Manual)",
        "last_status_type": "Constructed",
        "retrieved_on": "2026-09-29",
        "source_footprint": "NYC DoITT BUILDING (Socrata 5zhs-2jue)",
        "source_taxlot": "NYC DCP PLUTO 26v2 (Socrata 64uk-42ks)",
        "source_boundary": "OpenStreetMap relation 2389564 (Roosevelt Island)",
        "source_attributes": {
          "building": {
            "name": null,
            "base_bbl": "1013730002",
            "shape_area": "315.32421875",
            "construction_year": "1975",
            "ground_elevation": "24",
            "mappluto_bbl": "1013730002",
            "objectid": "1070287",
            "feature_code": "2100",
            "shape_length": "79.330745390673542",
            "height_roof": "34",
            "last_status_type": "Constructed",
            "bin": "1083198",
            "last_edited_date": "2018-12-07T18:34:44.000Z",
            "geom_source": "Other (Manual)",
            "doitt_id": "206864"
          },
          "pluto": {
            "borough": "MN",
            "block": "1373",
            "lot": "2",
            "cd": "108",
            "ct2010": "238.01",
            "cb2010": "1006",
            "schooldist": "2",
            "council": "5",
            "zipcode": "10044",
            "firecomp": "E260",
            "policeprct": "114",
            "healtharea": "8300",
            "sanitboro": "1",
            "address": "475 MAIN STREET",
            "zonedist1": "R7-2",
            "splitzone": false,
            "bldgclass": "D3",
            "landuse": "3",
            "easements": "0",
            "ownertype": "C",
            "ownername": "S.K.I. REALTY, INC.",
            "lotarea": "35918",
            "bldgarea": "211000",
            "comarea": "0",
            "resarea": "211000",
            "officearea": "0",
            "retailarea": "0",
            "garagearea": "0",
            "strgearea": "0",
            "factryarea": "0",
            "otherarea": "0",
            "areasource": "2",
            "numbldgs": "1",
            "numfloors": "16.0000000",
            "unitsres": "258",
            "unitstotal": "258",
            "lotfront": "128.0000000",
            "lotdepth": "249.0000000",
            "bldgfront": "85.0000000",
            "bldgdepth": "185.0000000",
            "ext": "N",
            "proxcode": "0",
            "irrlotcode": true,
            "lottype": "5",
            "bsmtcode": "0",
            "assessland": "2214000.00000",
            "assesstot": "23247900.00000",
            "exempttot": "23247900.00000",
            "yearbuilt": "2003",
            "yearalter1": "0",
            "yearalter2": "0",
            "landmark": "INDIVIDUAL LANDMARK",
            "builtfar": "5.87000000000",
            "residfar": "3.44000000000",
            "commfar": "0.00000000000",
            "facilfar": "6.50000000000",
            "affresfar": "5.01000000000",
            "mnffar": "0.00000000000",
            "borocode": "1",
            "bbl": "1013730002.00000000",
            "tract2010": "23801",
            "xcoord": "997721",
            "ycoord": "216204",
            "latitude": "40.7600962",
            "longitude": "-73.9513736",
            "zonemap": "9a",
            "zmcode": true,
            "sanborn": "106E070",
            "taxmap": "10507",
            "appbbl": "1013730001.00000000",
            "appdate": "2004-01-09T00:00:00.000",
            "plutomapid": "1",
            "version": "26v2",
            "sanitdistrict": "8",
            "healthcenterdistrict": "13",
            "bct2020": "1023804",
            "bctcb2020": "10238043000",
            "transitzone": "Inner Transit Zone"
          }
        }
      },
      "geometry": {
        "type": "MultiPolygon",
        "coordinates": [
          [
            [
              [
                -73.951018175289,
                40.760374888105
              ],
              [
                -73.951107835991,
                40.760274177697
              ],
              [
                -73.951155503353,
                40.760298713263
              ],
              [
                -73.951193008657,
                40.760256586427
              ],
              [
                -73.951235269431,
                40.760278339811
              ],
              [
                -73.951251930824,
                40.760286916067
              ],
              [
                -73.951124763741,
                40.760429753411
              ],
              [
                -73.951056980444,
                40.760394863388
              ],
              [
                -73.951018175289,
                40.760374888105
              ]
            ]
          ]
        ]
      }
    },
    {
      "type": "Feature",
      "id": "1083200",
      "properties": {
        "bin": "1083200",
        "bbl": "1013730040",
        "address": "531 MAIN STREET",
        "building_use": "Multi-Family Elevator Buildings",
        "pluto_landuse_code": "3",
        "building_class": "D4",
        "pluto_year_built": "1975",
        "pluto_floors": "20.0000000",
        "residential_units": "365",
        "total_units": "368",
        "building_area_sqft": "683637",
        "lot_area_sqft": "97913",
        "construction_year": "1975",
        "height_roof": "50.53",
        "feature_code": "2100",
        "geometry_source": "Photogrammetric",
        "last_status_type": "Constructed",
        "retrieved_on": "2026-09-29",
        "source_footprint": "NYC DoITT BUILDING (Socrata 5zhs-2jue)",
        "source_taxlot": "NYC DCP PLUTO 26v2 (Socrata 64uk-42ks)",
        "source_boundary": "OpenStreetMap relation 2389564 (Roosevelt Island)",
        "source_attributes": {
          "building": {
            "name": null,
            "base_bbl": "1013730040",
            "shape_area": "848.7109375",
            "construction_year": "1975",
            "ground_elevation": "23",
            "mappluto_bbl": "1013730040",
            "objectid": "323654",
            "feature_code": "2100",
            "shape_length": "144.51398294010735",
            "height_roof": "50.53",
            "last_status_type": "Constructed",
            "bin": "1083200",
            "last_edited_date": "2018-12-07T18:34:34.000Z",
            "geom_source": "Photogrammetric",
            "doitt_id": "201385"
          },
          "pluto": {
            "borough": "MN",
            "block": "1373",
            "lot": "40",
            "cd": "108",
            "ct2010": "238.01",
            "cb2010": "1009",
            "schooldist": "2",
            "council": "5",
            "zipcode": "10044",
            "firecomp": "E260",
            "policeprct": "114",
            "healtharea": "8300",
            "sanitboro": "1",
            "address": "531 MAIN STREET",
            "zonedist1": "R7-2",
            "splitzone": false,
            "bldgclass": "D4",
            "landuse": "3",
            "easements": "0",
            "ownertype": "C",
            "ownername": "RIVERCROSS TENANTS' CORP.",
            "lotarea": "97913",
            "bldgarea": "683637",
            "comarea": "11972",
            "resarea": "671665",
            "officearea": "3472",
            "retailarea": "8500",
            "garagearea": "0",
            "strgearea": "0",
            "factryarea": "0",
            "otherarea": "0",
            "areasource": "2",
            "numbldgs": "3",
            "numfloors": "20.0000000",
            "unitsres": "365",
            "unitstotal": "368",
            "lotfront": "377.0000000",
            "lotdepth": "320.0000000",
            "bldgfront": "374.0000000",
            "bldgdepth": "308.0000000",
            "ext": "N",
            "proxcode": "0",
            "irrlotcode": true,
            "lottype": "5",
            "bsmtcode": "0",
            "assessland": "4405500.00000",
            "assesstot": "83931750.00000",
            "exempttot": "83931750.00000",
            "yearbuilt": "1975",
            "yearalter1": "0",
            "yearalter2": "0",
            "landmark": "INDIVIDUAL LANDMARK",
            "builtfar": "6.98000000000",
            "residfar": "3.44000000000",
            "commfar": "0.00000000000",
            "facilfar": "6.50000000000",
            "affresfar": "5.01000000000",
            "mnffar": "0.00000000000",
            "borocode": "1",
            "bbl": "1013730040.00000000",
            "tract2010": "23801",
            "xcoord": "998006",
            "ycoord": "216729",
            "latitude": "40.7615368",
            "longitude": "-73.9503438",
            "zonemap": "9a",
            "sanborn": "16E 070",
            "taxmap": "10507",
            "appbbl": "1013730001.00000000",
            "appdate": "2004-01-09T00:00:00.000",
            "plutomapid": "1",
            "version": "26v2",
            "sanitdistrict": "8",
            "healthcenterdistrict": "13",
            "bct2020": "1023803",
            "bctcb2020": "10238032000",
            "transitzone": "Inner Transit Zone"
          }
        }
      },
      "geometry": {
        "type": "MultiPolygon",
        "coordinates": [
          [
            [
              [
                -73.950334828496,
                40.761955002236
              ],
              [
                -73.950330486099,
                40.761952749102
              ],
              [
                -73.950325731851,
                40.761958043821
              ],
              [
                -73.950321003678,
                40.761963311536
              ],
              [
                -73.950316683774,
                40.761961070118
              ],
              [
                -73.950133285234,
                40.76186588948
              ],
              [
                -73.950120205393,
                40.761880460288
              ],
              [
                -73.950066360074,
                40.761852516814
              ],
              [
                -73.950065715268,
                40.761853235137
              ],
              [
                -73.950028021322,
                40.761833672438
              ],
              [
                -73.950023055052,
                40.76183109484
              ],
              [
                -73.950026465178,
                40.76182729619
              ],
              [
                -73.950047331302,
                40.761804050604
              ],
              [
                -73.950042760249,
                40.761800353851
              ],
              [
                -73.950038766234,
                40.761796289942
              ],
              [
                -73.950035397775,
                40.761791910227
              ],
              [
                -73.950032701018,
                40.761787268757
              ],
              [
                -73.950030706711,
                40.761782427679
              ],
              [
                -73.950029442048,
                40.761777445538
              ],
              [
                -73.95002892356,
                40.761772387178
              ],
              [
                -73.950029157121,
                40.761767316537
              ],
              [
                -73.950030139129,
                40.76176229845
              ],
              [
                -73.950031857694,
                40.761757395947
              ],
              [
                -73.950034291451,
                40.761752671153
              ],
              [
                -73.950037409562,
                40.76174818529
              ],
              [
                -73.950041170535,
                40.761743994171
              ],
              [
                -73.950045529323,
                40.761740152707
              ],
              [
                -73.950050429045,
                40.761736707699
              ],
              [
                -73.950055806898,
                40.761733704146
              ],
              [
                -73.950061595348,
                40.761731179839
              ],
              [
                -73.950067719759,
                40.761729167163
              ],
              [
                -73.950074104317,
                40.761727691301
              ],
              [
                -73.950080667289,
                40.761726772028
              ],
              [
                -73.950087323396,
                40.761726419213
              ],
              [
                -73.950093989734,
                40.761726638222
              ],
              [
                -73.950100582218,
                40.761727427218
              ],
              [
                -73.950107014401,
                40.761728774457
              ],
              [
                -73.950113208131,
                40.761730664597
              ],
              [
                -73.950149632952,
                40.761749568451
              ],
              [
                -73.950159518373,
                40.761738555052
              ],
              [
                -73.950407343348,
                40.761867171226
              ],
              [
                -73.950394644048,
                40.761881318992
              ],
              [
                -73.950414644164,
                40.761891698715
              ],
              [
                -73.950464249073,
                40.76191744207
              ],
              [
                -73.950440425736,
                40.761943981406
              ],
              [
                -73.950426784113,
                40.761936902072
              ],
              [
                -73.95041119741,
                40.761954266101
              ],
              [
                -73.950425408472,
                40.761961641947
              ],
              [
                -73.950400687829,
                40.761989182249
              ],
              [
                -73.950334828496,
                40.761955002236
              ]
            ]
          ]
        ]
      }
    },
    {
      "type": "Feature",
      "id": "1083201",
      "properties": {
        "bin": "1083201",
        "bbl": "1013730001",
        "address": "MAIN STREET",
        "building_use": "Multi-Family Elevator Buildings",
        "pluto_landuse_code": "3",
        "building_class": "D4",
        "pluto_year_built": "1975",
        "pluto_floors": "18.0000000",
        "residential_units": "8018",
        "total_units": "8088",
        "building_area_sqft": "4786701",
        "lot_area_sqft": "4227757",
        "construction_year": "1975",
        "height_roof": "38.86",
        "feature_code": "2100",
        "geometry_source": "Photogrammetric",
        "last_status_type": "Constructed",
        "retrieved_on": "2026-09-29",
        "source_footprint": "NYC DoITT BUILDING (Socrata 5zhs-2jue)",
        "source_taxlot": "NYC DCP PLUTO 26v2 (Socrata 64uk-42ks)",
        "source_boundary": "OpenStreetMap relation 2389564 (Roosevelt Island)",
        "source_attributes": {
          "building": {
            "name": null,
            "base_bbl": "1013730001",
            "shape_area": "2580.4765625",
            "construction_year": "1975",
            "ground_elevation": "13",
            "mappluto_bbl": "1013730001",
            "objectid": "741794",
            "feature_code": "2100",
            "shape_length": "311.09703974560546",
            "height_roof": "38.86",
            "last_status_type": "Constructed",
            "bin": "1083201",
            "last_edited_date": "2018-12-07T18:34:15.000Z",
            "geom_source": "Photogrammetric",
            "doitt_id": "481531"
          },
          "pluto": {
            "borough": "MN",
            "block": "1373",
            "lot": "1",
            "cd": "108",
            "ct2010": "238.01",
            "cb2010": "1015",
            "schooldist": "2",
            "council": "5",
            "zipcode": "10044",
            "firecomp": "E260",
            "policeprct": "114",
            "healtharea": "8300",
            "sanitboro": "1",
            "address": "MAIN STREET",
            "zonedist1": "R7-2",
            "splitzone": false,
            "bldgclass": "D4",
            "landuse": "3",
            "easements": "1",
            "ownertype": "C",
            "ownername": "RIVERWALK 8 AFFORDABLE, L.P.",
            "lotarea": "4227757",
            "bldgarea": "4786701",
            "comarea": "1046956",
            "resarea": "3739745",
            "officearea": "7496",
            "retailarea": "537154",
            "garagearea": "406500",
            "strgearea": "0",
            "factryarea": "0",
            "otherarea": "95806",
            "areasource": "2",
            "numbldgs": "38",
            "numfloors": "18.0000000",
            "unitsres": "8018",
            "unitstotal": "8088",
            "lotfront": "200.0000000",
            "lotdepth": "102.5000000",
            "bldgfront": "0.0000000",
            "bldgdepth": "0.0000000",
            "ext": "N",
            "proxcode": "0",
            "irrlotcode": true,
            "lottype": "7",
            "bsmtcode": "0",
            "assessland": "134391150.00000",
            "assesstot": "592936650.00000",
            "exempttot": "592936650.00000",
            "yearbuilt": "1975",
            "yearalter1": "0",
            "yearalter2": "0",
            "landmark": "INDIVIDUAL LANDMARK",
            "builtfar": "1.13000000000",
            "residfar": "3.44000000000",
            "commfar": "0.00000000000",
            "facilfar": "6.50000000000",
            "affresfar": "5.01000000000",
            "mnffar": "0.00000000000",
            "borocode": "1",
            "bbl": "1013730001.00000000",
            "tract2010": "23801",
            "xcoord": "996792",
            "ycoord": "215349",
            "latitude": "40.7577508",
            "longitude": "-73.9547287",
            "zonemap": "9a",
            "zmcode": true,
            "sanborn": "106E070",
            "taxmap": "10507",
            "appbbl": "1013730001.00000000",
            "appdate": "2023-12-06T00:00:00.000",
            "plutomapid": "1",
            "version": "26v2",
            "sanitdistrict": "8",
            "healthcenterdistrict": "13",
            "firm07_flag": "1",
            "pfirm15_flag": "1",
            "bct2020": "1023804",
            "bctcb2020": "10238041000",
            "transitzone": "Inner Transit Zone"
          }
        }
      },
      "geometry": {
        "type": "MultiPolygon",
        "coordinates": [
          [
            [
              [
                -73.950414867084,
                40.762619978372
              ],
              [
                -73.95048706946,
                40.76253750789
              ],
              [
                -73.950417290264,
                40.762502188005
              ],
              [
                -73.950466979481,
                40.76244543256
              ],
              [
                -73.950471608456,
                40.762447775862
              ],
              [
                -73.950567424717,
                40.762338333655
              ],
              [
                -73.95056497882,
                40.762337096213
              ],
              [
                -73.950610598559,
                40.762284988264
              ],
              [
                -73.950681537833,
                40.762320894759
              ],
              [
                -73.950887781593,
                40.762085319883
              ],
              [
                -73.950865421687,
                40.762074002711
              ],
              [
                -73.950888979886,
                40.762047093969
              ],
              [
                -73.950927796645,
                40.762002755248
              ],
              [
                -73.95093299307,
                40.761996819533
              ],
              [
                -73.950934077502,
                40.761997368403
              ],
              [
                -73.95096770199,
                40.762014387849
              ],
              [
                -73.951054598676,
                40.762058370328
              ],
              [
                -73.951118845471,
                40.762090888714
              ],
              [
                -73.951063729512,
                40.762153843914
              ],
              [
                -73.951031176341,
                40.762137367056
              ],
              [
                -73.950962316489,
                40.762216020265
              ],
              [
                -73.950937047843,
                40.762244882389
              ],
              [
                -73.950935653906,
                40.762246474789
              ],
              [
                -73.951004038496,
                40.762281086872
              ],
              [
                -73.950940265866,
                40.762353928572
              ],
              [
                -73.95087145267,
                40.762319098346
              ],
              [
                -73.950812047781,
                40.762386952141
              ],
              [
                -73.950835918418,
                40.762399034495
              ],
              [
                -73.9507184501,
                40.76253320813
              ],
              [
                -73.950644793612,
                40.762617339565
              ],
              [
                -73.950615213053,
                40.762602367706
              ],
              [
                -73.950543010766,
                40.762684838267
              ],
              [
                -73.95044650046,
                40.762635989447
              ],
              [
                -73.950414867084,
                40.762619978372
              ]
            ]
          ]
        ]
      }
    },
    {
      "type": "Feature",
      "id": "1083202",
      "properties": {
        "bin": "1083202",
        "bbl": "1013730001",
        "address": "MAIN STREET",
        "building_use": "Multi-Family Elevator Buildings",
        "pluto_landuse_code": "3",
        "building_class": "D4",
        "pluto_year_built": "1975",
        "pluto_floors": "18.0000000",
        "residential_units": "8018",
        "total_units": "8088",
        "building_area_sqft": "4786701",
        "lot_area_sqft": "4227757",
        "construction_year": "1969",
        "height_roof": "105",
        "feature_code": "2100",
        "geometry_source": "Other (Manual)",
        "last_status_type": "Constructed",
        "retrieved_on": "2026-09-29",
        "source_footprint": "NYC DoITT BUILDING (Socrata 5zhs-2jue)",
        "source_taxlot": "NYC DCP PLUTO 26v2 (Socrata 64uk-42ks)",
        "source_boundary": "OpenStreetMap relation 2389564 (Roosevelt Island)",
        "source_attributes": {
          "building": {
            "name": null,
            "base_bbl": "1013730001",
            "shape_area": "2615.859375",
            "construction_year": "1969",
            "ground_elevation": "19",
            "mappluto_bbl": "1013730001",
            "objectid": "50639",
            "feature_code": "2100",
            "shape_length": "297.13280986829091",
            "height_roof": "105",
            "last_status_type": "Constructed",
            "bin": "1083202",
            "last_edited_date": "2018-12-07T18:34:32.000Z",
            "geom_source": "Other (Manual)",
            "doitt_id": "766158"
          },
          "pluto": {
            "borough": "MN",
            "block": "1373",
            "lot": "1",
            "cd": "108",
            "ct2010": "238.01",
            "cb2010": "1015",
            "schooldist": "2",
            "council": "5",
            "zipcode": "10044",
            "firecomp": "E260",
            "policeprct": "114",
            "healtharea": "8300",
            "sanitboro": "1",
            "address": "MAIN STREET",
            "zonedist1": "R7-2",
            "splitzone": false,
            "bldgclass": "D4",
            "landuse": "3",
            "easements": "1",
            "ownertype": "C",
            "ownername": "RIVERWALK 8 AFFORDABLE, L.P.",
            "lotarea": "4227757",
            "bldgarea": "4786701",
            "comarea": "1046956",
            "resarea": "3739745",
            "officearea": "7496",
            "retailarea": "537154",
            "garagearea": "406500",
            "strgearea": "0",
            "factryarea": "0",
            "otherarea": "95806",
            "areasource": "2",
            "numbldgs": "38",
            "numfloors": "18.0000000",
            "unitsres": "8018",
            "unitstotal": "8088",
            "lotfront": "200.0000000",
            "lotdepth": "102.5000000",
            "bldgfront": "0.0000000",
            "bldgdepth": "0.0000000",
            "ext": "N",
            "proxcode": "0",
            "irrlotcode": true,
            "lottype": "7",
            "bsmtcode": "0",
            "assessland": "134391150.00000",
            "assesstot": "592936650.00000",
            "exempttot": "592936650.00000",
            "yearbuilt": "1975",
            "yearalter1": "0",
            "yearalter2": "0",
            "landmark": "INDIVIDUAL LANDMARK",
            "builtfar": "1.13000000000",
            "residfar": "3.44000000000",
            "commfar": "0.00000000000",
            "facilfar": "6.50000000000",
            "affresfar": "5.01000000000",
            "mnffar": "0.00000000000",
            "borocode": "1",
            "bbl": "1013730001.00000000",
            "tract2010": "23801",
            "xcoord": "996792",
            "ycoord": "215349",
            "latitude": "40.7577508",
            "longitude": "-73.9547287",
            "zonemap": "9a",
            "zmcode": true,
            "sanborn": "106E070",
            "taxmap": "10507",
            "appbbl": "1013730001.00000000",
            "appdate": "2023-12-06T00:00:00.000",
            "plutomapid": "1",
            "version": "26v2",
            "sanitdistrict": "8",
            "healthcenterdistrict": "13",
            "firm07_flag": "1",
            "pfirm15_flag": "1",
            "bct2020": "1023804",
            "bctcb2020": "10238041000",
            "transitzone": "Inner Transit Zone"
          }
        }
      },
      "geometry": {
        "type": "MultiPolygon",
        "coordinates": [
          [
            [
              [
                -73.949474480379,
                40.761805685562
              ],
              [
                -73.94953845276,
                40.76168320533
              ],
              [
                -73.949554738858,
                40.761652688052
              ],
              [
                -73.949543336594,
                40.76164917019
              ],
              [
                -73.949559289417,
                40.761619276815
              ],
              [
                -73.949570691677,
                40.761622794675
              ],
              [
                -73.949603204499,
                40.761561870843
              ],
              [
                -73.949591802248,
                40.761558352986
              ],
              [
                -73.949602527176,
                40.76153825571
              ],
              [
                -73.94960887579,
                40.761526359216
              ],
              [
                -73.949617626984,
                40.761529059155
              ],
              [
                -73.94962017621,
                40.76152984551
              ],
              [
                -73.949636413607,
                40.761499419149
              ],
              [
                -73.949750127061,
                40.761534503842
              ],
              [
                -73.94980384318,
                40.761551076735
              ],
              [
                -73.949840978087,
                40.761562533821
              ],
              [
                -73.949498934526,
                40.762203474434
              ],
              [
                -73.949464683646,
                40.762192917208
              ],
              [
                -73.949429232155,
                40.762181990237
              ],
              [
                -73.949418854703,
                40.762193466215
              ],
              [
                -73.949383611436,
                40.76217504172
              ],
              [
                -73.949376293282,
                40.762183134942
              ],
              [
                -73.949359761982,
                40.762174492738
              ],
              [
                -73.949398552812,
                40.762101805733
              ],
              [
                -73.949332528231,
                40.762081434314
              ],
              [
                -73.949348739804,
                40.762051054811
              ],
              [
                -73.949286616704,
                40.762031888155
              ],
              [
                -73.949273098508,
                40.76202771737
              ],
              [
                -73.949306001996,
                40.761966063488
              ],
              [
                -73.94937661106,
                40.761987848928
              ],
              [
                -73.94939182753,
                40.761959335728
              ],
              [
                -73.949378597064,
                40.761955253331
              ],
              [
                -73.949395456143,
                40.761923662026
              ],
              [
                -73.949335820814,
                40.761905262818
              ],
              [
                -73.949368379058,
                40.761844253527
              ],
              [
                -73.949428014341,
                40.761862652718
              ],
              [
                -73.949444820003,
                40.761831161338
              ],
              [
                -73.949458614051,
                40.761835417772
              ],
              [
                -73.949474480379,
                40.761805685562
              ]
            ]
          ]
        ]
      }
    },
    {
      "type": "Feature",
      "id": "1083203",
      "properties": {
        "bin": "1083203",
        "bbl": "1013730001",
        "address": "MAIN STREET",
        "building_use": "Multi-Family Elevator Buildings",
        "pluto_landuse_code": "3",
        "building_class": "D4",
        "pluto_year_built": "1975",
        "pluto_floors": "18.0000000",
        "residential_units": "8018",
        "total_units": "8088",
        "building_area_sqft": "4786701",
        "lot_area_sqft": "4227757",
        "construction_year": "1975",
        "height_roof": "14.27",
        "feature_code": "2100",
        "geometry_source": "Photogrammetric",
        "last_status_type": "Constructed",
        "retrieved_on": "2026-09-29",
        "source_footprint": "NYC DoITT BUILDING (Socrata 5zhs-2jue)",
        "source_taxlot": "NYC DCP PLUTO 26v2 (Socrata 64uk-42ks)",
        "source_boundary": "OpenStreetMap relation 2389564 (Roosevelt Island)",
        "source_attributes": {
          "building": {
            "name": null,
            "base_bbl": "1013730001",
            "shape_area": "1196.13671875",
            "construction_year": "1975",
            "ground_elevation": "13",
            "mappluto_bbl": "1013730001",
            "objectid": "835390",
            "feature_code": "2100",
            "shape_length": "229.63674812371997",
            "height_roof": "14.27",
            "last_status_type": "Constructed",
            "bin": "1083203",
            "last_edited_date": "2017-08-22T17:54:11.000Z",
            "geom_source": "Photogrammetric",
            "doitt_id": "431272"
          },
          "pluto": {
            "borough": "MN",
            "block": "1373",
            "lot": "1",
            "cd": "108",
            "ct2010": "238.01",
            "cb2010": "1015",
            "schooldist": "2",
            "council": "5",
            "zipcode": "10044",
            "firecomp": "E260",
            "policeprct": "114",
            "healtharea": "8300",
            "sanitboro": "1",
            "address": "MAIN STREET",
            "zonedist1": "R7-2",
            "splitzone": false,
            "bldgclass": "D4",
            "landuse": "3",
            "easements": "1",
            "ownertype": "C",
            "ownername": "RIVERWALK 8 AFFORDABLE, L.P.",
            "lotarea": "4227757",
            "bldgarea": "4786701",
            "comarea": "1046956",
            "resarea": "3739745",
            "officearea": "7496",
            "retailarea": "537154",
            "garagearea": "406500",
            "strgearea": "0",
            "factryarea": "0",
            "otherarea": "95806",
            "areasource": "2",
            "numbldgs": "38",
            "numfloors": "18.0000000",
            "unitsres": "8018",
            "unitstotal": "8088",
            "lotfront": "200.0000000",
            "lotdepth": "102.5000000",
            "bldgfront": "0.0000000",
            "bldgdepth": "0.0000000",
            "ext": "N",
            "proxcode": "0",
            "irrlotcode": true,
            "lottype": "7",
            "bsmtcode": "0",
            "assessland": "134391150.00000",
            "assesstot": "592936650.00000",
            "exempttot": "592936650.00000",
            "yearbuilt": "1975",
            "yearalter1": "0",
            "yearalter2": "0",
            "landmark": "INDIVIDUAL LANDMARK",
            "builtfar": "1.13000000000",
            "residfar": "3.44000000000",
            "commfar": "0.00000000000",
            "facilfar": "6.50000000000",
            "affresfar": "5.01000000000",
            "mnffar": "0.00000000000",
            "borocode": "1",
            "bbl": "1013730001.00000000",
            "tract2010": "23801",
            "xcoord": "996792",
            "ycoord": "215349",
            "latitude": "40.7577508",
            "longitude": "-73.9547287",
            "zonemap": "9a",
            "zmcode": true,
            "sanborn": "106E070",
            "taxmap": "10507",
            "appbbl": "1013730001.00000000",
            "appdate": "2023-12-06T00:00:00.000",
            "plutomapid": "1",
            "version": "26v2",
            "sanitdistrict": "8",
            "healthcenterdistrict": "13",
            "firm07_flag": "1",
            "pfirm15_flag": "1",
            "bct2020": "1023804",
            "bctcb2020": "10238041000",
            "transitzone": "Inner Transit Zone"
          }
        }
      },
      "geometry": {
        "type": "MultiPolygon",
        "coordinates": [
          [
            [
              [
                -73.949914394659,
                40.763323461206
              ],
              [
                -73.950014489537,
                40.763212721904
              ],
              [
                -73.949972531543,
                40.763191144714
              ],
              [
                -73.94988912944,
                40.763148254357
              ],
              [
                -73.949795611371,
                40.763213060779
              ],
              [
                -73.949793444208,
                40.763211251622
              ],
              [
                -73.94978654656,
                40.763216032096
              ],
              [
                -73.949777348837,
                40.76320835939
              ],
              [
                -73.949733280047,
                40.763171594182
              ],
              [
                -73.949739345853,
                40.763167390572
              ],
              [
                -73.949787909003,
                40.763133737378
              ],
              [
                -73.949819604244,
                40.763111773473
              ],
              [
                -73.949791090278,
                40.763087986829
              ],
              [
                -73.949768317943,
                40.763068988863
              ],
              [
                -73.949794466706,
                40.763039436695
              ],
              [
                -73.949837050263,
                40.762991308865
              ],
              [
                -73.949881385373,
                40.763014031682
              ],
              [
                -73.949870145952,
                40.763026709498
              ],
              [
                -73.949890229299,
                40.763037002898
              ],
              [
                -73.949901468719,
                40.763024324179
              ],
              [
                -73.949944453065,
                40.763046354796
              ],
              [
                -73.94993321365,
                40.763059032619
              ],
              [
                -73.949954033391,
                40.763069703638
              ],
              [
                -73.949965272804,
                40.763057025813
              ],
              [
                -73.950008273766,
                40.763079065419
              ],
              [
                -73.949997034357,
                40.763091743248
              ],
              [
                -73.950003331429,
                40.763094970688
              ],
              [
                -73.950016349404,
                40.763101642771
              ],
              [
                -73.950027588811,
                40.76308896404
              ],
              [
                -73.950054166984,
                40.763102586691
              ],
              [
                -73.950069693615,
                40.763110543976
              ],
              [
                -73.950058454213,
                40.763123221811
              ],
              [
                -73.950083907716,
                40.763136267645
              ],
              [
                -73.950095147115,
                40.763123589808
              ],
              [
                -73.950211607072,
                40.76318327791
              ],
              [
                -73.950181073906,
                40.763217718916
              ],
              [
                -73.950167530246,
                40.763210778273
              ],
              [
                -73.95013883551,
                40.763243146202
              ],
              [
                -73.950152379173,
                40.763250086848
              ],
              [
                -73.950124239153,
                40.763281829161
              ],
              [
                -73.950110695486,
                40.763274887612
              ],
              [
                -73.950096010271,
                40.763291452336
              ],
              [
                -73.950109552755,
                40.763298393888
              ],
              [
                -73.950080995453,
                40.763330606974
              ],
              [
                -73.950067451781,
                40.763323665419
              ],
              [
                -73.950054194884,
                40.763338620655
              ],
              [
                -73.950067737374,
                40.76334556131
              ],
              [
                -73.950036963434,
                40.763380274126
              ],
              [
                -73.950019092646,
                40.763371115448
              ],
              [
                -73.950002941671,
                40.763382279199
              ],
              [
                -73.949971173805,
                40.763355777068
              ],
              [
                -73.949961318495,
                40.763362607617
              ],
              [
                -73.949914394659,
                40.763323461206
              ]
            ]
          ]
        ]
      }
    },
    {
      "type": "Feature",
      "id": "1083204",
      "properties": {
        "bin": "1083204",
        "bbl": "1013730001",
        "address": "MAIN STREET",
        "building_use": "Multi-Family Elevator Buildings",
        "pluto_landuse_code": "3",
        "building_class": "D4",
        "pluto_year_built": "1975",
        "pluto_floors": "18.0000000",
        "residential_units": "8018",
        "total_units": "8088",
        "building_area_sqft": "4786701",
        "lot_area_sqft": "4227757",
        "construction_year": "1975",
        "height_roof": "144.48452595",
        "feature_code": "2100",
        "geometry_source": "Photogrammetric",
        "last_status_type": "Constructed",
        "retrieved_on": "2026-09-29",
        "source_footprint": "NYC DoITT BUILDING (Socrata 5zhs-2jue)",
        "source_taxlot": "NYC DCP PLUTO 26v2 (Socrata 64uk-42ks)",
        "source_boundary": "OpenStreetMap relation 2389564 (Roosevelt Island)",
        "source_attributes": {
          "building": {
            "name": null,
            "base_bbl": "1013730001",
            "shape_area": "2767.01953125",
            "construction_year": "1975",
            "ground_elevation": "15",
            "mappluto_bbl": "1013730001",
            "objectid": "949991",
            "feature_code": "2100",
            "shape_length": "288.72718241148829",
            "height_roof": "144.48452595",
            "last_status_type": "Constructed",
            "bin": "1083204",
            "last_edited_date": "2017-08-22T18:41:37.000Z",
            "geom_source": "Photogrammetric",
            "doitt_id": "7416"
          },
          "pluto": {
            "borough": "MN",
            "block": "1373",
            "lot": "1",
            "cd": "108",
            "ct2010": "238.01",
            "cb2010": "1015",
            "schooldist": "2",
            "council": "5",
            "zipcode": "10044",
            "firecomp": "E260",
            "policeprct": "114",
            "healtharea": "8300",
            "sanitboro": "1",
            "address": "MAIN STREET",
            "zonedist1": "R7-2",
            "splitzone": false,
            "bldgclass": "D4",
            "landuse": "3",
            "easements": "1",
            "ownertype": "C",
            "ownername": "RIVERWALK 8 AFFORDABLE, L.P.",
            "lotarea": "4227757",
            "bldgarea": "4786701",
            "comarea": "1046956",
            "resarea": "3739745",
            "officearea": "7496",
            "retailarea": "537154",
            "garagearea": "406500",
            "strgearea": "0",
            "factryarea": "0",
            "otherarea": "95806",
            "areasource": "2",
            "numbldgs": "38",
            "numfloors": "18.0000000",
            "unitsres": "8018",
            "unitstotal": "8088",
            "lotfront": "200.0000000",
            "lotdepth": "102.5000000",
            "bldgfront": "0.0000000",
            "bldgdepth": "0.0000000",
            "ext": "N",
            "proxcode": "0",
            "irrlotcode": true,
            "lottype": "7",
            "bsmtcode": "0",
            "assessland": "134391150.00000",
            "assesstot": "592936650.00000",
            "exempttot": "592936650.00000",
            "yearbuilt": "1975",
            "yearalter1": "0",
            "yearalter2": "0",
            "landmark": "INDIVIDUAL LANDMARK",
            "builtfar": "1.13000000000",
            "residfar": "3.44000000000",
            "commfar": "0.00000000000",
            "facilfar": "6.50000000000",
            "affresfar": "5.01000000000",
            "mnffar": "0.00000000000",
            "borocode": "1",
            "bbl": "1013730001.00000000",
            "tract2010": "23801",
            "xcoord": "996792",
            "ycoord": "215349",
            "latitude": "40.7577508",
            "longitude": "-73.9547287",
            "zonemap": "9a",
            "zmcode": true,
            "sanborn": "106E070",
            "taxmap": "10507",
            "appbbl": "1013730001.00000000",
            "appdate": "2023-12-06T00:00:00.000",
            "plutomapid": "1",
            "version": "26v2",
            "sanitdistrict": "8",
            "healthcenterdistrict": "13",
            "firm07_flag": "1",
            "pfirm15_flag": "1",
            "bct2020": "1023804",
            "bctcb2020": "10238041000",
            "transitzone": "Inner Transit Zone"
          }
        }
      },
      "geometry": {
        "type": "MultiPolygon",
        "coordinates": [
          [
            [
              [
                -73.948512215472,
                40.764725073547
              ],
              [
                -73.948375554814,
                40.764654900925
              ],
              [
                -73.948268881256,
                40.764600125826
              ],
              [
                -73.948151809761,
                40.764540012261
              ],
              [
                -73.948057113973,
                40.764491387395
              ],
              [
                -73.948064584387,
                40.76448297645
              ],
              [
                -73.94788328036,
                40.76438987968
              ],
              [
                -73.947878672688,
                40.764395068103
              ],
              [
                -73.947675093237,
                40.764290531722
              ],
              [
                -73.947795626442,
                40.764154831753
              ],
              [
                -73.947803041086,
                40.764158638843
              ],
              [
                -73.947815779643,
                40.764165179574
              ],
              [
                -73.947856075408,
                40.764185871599
              ],
              [
                -73.947999205667,
                40.764259367022
              ],
              [
                -73.94799186685,
                40.76426763034
              ],
              [
                -73.948173169511,
                40.764360726941
              ],
              [
                -73.9481805095,
                40.764352464512
              ],
              [
                -73.948351892835,
                40.764440467618
              ],
              [
                -73.94848802146,
                40.764510367179
              ],
              [
                -73.94856106534,
                40.764547873403
              ],
              [
                -73.948651440355,
                40.764594278886
              ],
              [
                -73.94861518981,
                40.764635091593
              ],
              [
                -73.948615520117,
                40.764635261036
              ],
              [
                -73.948632092302,
                40.764643770988
              ],
              [
                -73.948579998892,
                40.764702421014
              ],
              [
                -73.948561630726,
                40.764692989937
              ],
              [
                -73.948526580882,
                40.764732449693
              ],
              [
                -73.948512215472,
                40.764725073547
              ]
            ]
          ]
        ]
      }
    },
    {
      "type": "Feature",
      "id": "1083205",
      "properties": {
        "bin": "1083205",
        "bbl": "1013730001",
        "address": "MAIN STREET",
        "building_use": "Multi-Family Elevator Buildings",
        "pluto_landuse_code": "3",
        "building_class": "D4",
        "pluto_year_built": "1975",
        "pluto_floors": "18.0000000",
        "residential_units": "8018",
        "total_units": "8088",
        "building_area_sqft": "4786701",
        "lot_area_sqft": "4227757",
        "construction_year": "1975",
        "height_roof": "32.86",
        "feature_code": "2100",
        "geometry_source": "Photogrammetric",
        "last_status_type": "Constructed",
        "retrieved_on": "2026-09-29",
        "source_footprint": "NYC DoITT BUILDING (Socrata 5zhs-2jue)",
        "source_taxlot": "NYC DCP PLUTO 26v2 (Socrata 64uk-42ks)",
        "source_boundary": "OpenStreetMap relation 2389564 (Roosevelt Island)",
        "source_attributes": {
          "building": {
            "name": null,
            "base_bbl": "1013730001",
            "shape_area": "1333.35546875",
            "construction_year": "1975",
            "ground_elevation": "11",
            "mappluto_bbl": "1013730001",
            "objectid": "763936",
            "feature_code": "2100",
            "shape_length": "174.27204341116024",
            "height_roof": "32.86",
            "last_status_type": "Constructed",
            "bin": "1083205",
            "last_edited_date": "2017-08-22T18:49:54.000Z",
            "geom_source": "Photogrammetric",
            "doitt_id": "326743"
          },
          "pluto": {
            "borough": "MN",
            "block": "1373",
            "lot": "1",
            "cd": "108",
            "ct2010": "238.01",
            "cb2010": "1015",
            "schooldist": "2",
            "council": "5",
            "zipcode": "10044",
            "firecomp": "E260",
            "policeprct": "114",
            "healtharea": "8300",
            "sanitboro": "1",
            "address": "MAIN STREET",
            "zonedist1": "R7-2",
            "splitzone": false,
            "bldgclass": "D4",
            "landuse": "3",
            "easements": "1",
            "ownertype": "C",
            "ownername": "RIVERWALK 8 AFFORDABLE, L.P.",
            "lotarea": "4227757",
            "bldgarea": "4786701",
            "comarea": "1046956",
            "resarea": "3739745",
            "officearea": "7496",
            "retailarea": "537154",
            "garagearea": "406500",
            "strgearea": "0",
            "factryarea": "0",
            "otherarea": "95806",
            "areasource": "2",
            "numbldgs": "38",
            "numfloors": "18.0000000",
            "unitsres": "8018",
            "unitstotal": "8088",
            "lotfront": "200.0000000",
            "lotdepth": "102.5000000",
            "bldgfront": "0.0000000",
            "bldgdepth": "0.0000000",
            "ext": "N",
            "proxcode": "0",
            "irrlotcode": true,
            "lottype": "7",
            "bsmtcode": "0",
            "assessland": "134391150.00000",
            "assesstot": "592936650.00000",
            "exempttot": "592936650.00000",
            "yearbuilt": "1975",
            "yearalter1": "0",
            "yearalter2": "0",
            "landmark": "INDIVIDUAL LANDMARK",
            "builtfar": "1.13000000000",
            "residfar": "3.44000000000",
            "commfar": "0.00000000000",
            "facilfar": "6.50000000000",
            "affresfar": "5.01000000000",
            "mnffar": "0.00000000000",
            "borocode": "1",
            "bbl": "1013730001.00000000",
            "tract2010": "23801",
            "xcoord": "996792",
            "ycoord": "215349",
            "latitude": "40.7577508",
            "longitude": "-73.9547287",
            "zonemap": "9a",
            "zmcode": true,
            "sanborn": "106E070",
            "taxmap": "10507",
            "appbbl": "1013730001.00000000",
            "appdate": "2023-12-06T00:00:00.000",
            "plutomapid": "1",
            "version": "26v2",
            "sanitdistrict": "8",
            "healthcenterdistrict": "13",
            "firm07_flag": "1",
            "pfirm15_flag": "1",
            "bct2020": "1023804",
            "bctcb2020": "10238041000",
            "transitzone": "Inner Transit Zone"
          }
        }
      },
      "geometry": {
        "type": "MultiPolygon",
        "coordinates": [
          [
            [
              [
                -73.947913687064,
                40.764823778956
              ],
              [
                -73.948002720285,
                40.764724318842
              ],
              [
                -73.948014656254,
                40.764730495385
              ],
              [
                -73.948030363993,
                40.76471294984
              ],
              [
                -73.947991269628,
                40.764692718578
              ],
              [
                -73.948059697981,
                40.764616275913
              ],
              [
                -73.948146898451,
                40.764661400743
              ],
              [
                -73.948132933288,
                40.764677001099
              ],
              [
                -73.948126425455,
                40.764684271543
              ],
              [
                -73.948175639749,
                40.764709739242
              ],
              [
                -73.948208574806,
                40.764672946836
              ],
              [
                -73.948280609804,
                40.764710224055
              ],
              [
                -73.948347230944,
                40.764744699134
              ],
              [
                -73.948282514267,
                40.764816995011
              ],
              [
                -73.948260364816,
                40.764805533353
              ],
              [
                -73.94824421496,
                40.764823574908
              ],
              [
                -73.94827808259,
                40.764841101324
              ],
              [
                -73.948279509181,
                40.764841839478
              ],
              [
                -73.948271033588,
                40.764851308078
              ],
              [
                -73.948160638473,
                40.764974631158
              ],
              [
                -73.948116317022,
                40.764951695173
              ],
              [
                -73.948048423111,
                40.764916561119
              ],
              [
                -73.947911516727,
                40.764845713361
              ],
              [
                -73.947925623041,
                40.764829955508
              ],
              [
                -73.947913687064,
                40.764823778956
              ]
            ]
          ]
        ]
      }
    },
    {
      "type": "Feature",
      "id": "1083206",
      "properties": {
        "bin": "1083206",
        "bbl": "1013730001",
        "address": "MAIN STREET",
        "building_use": "Multi-Family Elevator Buildings",
        "pluto_landuse_code": "3",
        "building_class": "D4",
        "pluto_year_built": "1975",
        "pluto_floors": "18.0000000",
        "residential_units": "8018",
        "total_units": "8088",
        "building_area_sqft": "4786701",
        "lot_area_sqft": "4227757",
        "construction_year": "1975",
        "height_roof": "185",
        "feature_code": "2100",
        "geometry_source": "Other (Manual)",
        "last_status_type": "Constructed",
        "retrieved_on": "2026-09-29",
        "source_footprint": "NYC DoITT BUILDING (Socrata 5zhs-2jue)",
        "source_taxlot": "NYC DCP PLUTO 26v2 (Socrata 64uk-42ks)",
        "source_boundary": "OpenStreetMap relation 2389564 (Roosevelt Island)",
        "source_attributes": {
          "building": {
            "name": null,
            "base_bbl": "1013730001",
            "shape_area": "2073.296875",
            "construction_year": "1975",
            "ground_elevation": "13",
            "mappluto_bbl": "1013730001",
            "objectid": "1061434",
            "feature_code": "2100",
            "shape_length": "244.29446374428764",
            "height_roof": "185",
            "last_status_type": "Constructed",
            "bin": "1083206",
            "last_edited_date": "2017-08-22T18:14:09.000Z",
            "geom_source": "Other (Manual)",
            "doitt_id": "251454"
          },
          "pluto": {
            "borough": "MN",
            "block": "1373",
            "lot": "1",
            "cd": "108",
            "ct2010": "238.01",
            "cb2010": "1015",
            "schooldist": "2",
            "council": "5",
            "zipcode": "10044",
            "firecomp": "E260",
            "policeprct": "114",
            "healtharea": "8300",
            "sanitboro": "1",
            "address": "MAIN STREET",
            "zonedist1": "R7-2",
            "splitzone": false,
            "bldgclass": "D4",
            "landuse": "3",
            "easements": "1",
            "ownertype": "C",
            "ownername": "RIVERWALK 8 AFFORDABLE, L.P.",
            "lotarea": "4227757",
            "bldgarea": "4786701",
            "comarea": "1046956",
            "resarea": "3739745",
            "officearea": "7496",
            "retailarea": "537154",
            "garagearea": "406500",
            "strgearea": "0",
            "factryarea": "0",
            "otherarea": "95806",
            "areasource": "2",
            "numbldgs": "38",
            "numfloors": "18.0000000",
            "unitsres": "8018",
            "unitstotal": "8088",
            "lotfront": "200.0000000",
            "lotdepth": "102.5000000",
            "bldgfront": "0.0000000",
            "bldgdepth": "0.0000000",
            "ext": "N",
            "proxcode": "0",
            "irrlotcode": true,
            "lottype": "7",
            "bsmtcode": "0",
            "assessland": "134391150.00000",
            "assesstot": "592936650.00000",
            "exempttot": "592936650.00000",
            "yearbuilt": "1975",
            "yearalter1": "0",
            "yearalter2": "0",
            "landmark": "INDIVIDUAL LANDMARK",
            "builtfar": "1.13000000000",
            "residfar": "3.44000000000",
            "commfar": "0.00000000000",
            "facilfar": "6.50000000000",
            "affresfar": "5.01000000000",
            "mnffar": "0.00000000000",
            "borocode": "1",
            "bbl": "1013730001.00000000",
            "tract2010": "23801",
            "xcoord": "996792",
            "ycoord": "215349",
            "latitude": "40.7577508",
            "longitude": "-73.9547287",
            "zonemap": "9a",
            "zmcode": true,
            "sanborn": "106E070",
            "taxmap": "10507",
            "appbbl": "1013730001.00000000",
            "appdate": "2023-12-06T00:00:00.000",
            "plutomapid": "1",
            "version": "26v2",
            "sanitdistrict": "8",
            "healthcenterdistrict": "13",
            "firm07_flag": "1",
            "pfirm15_flag": "1",
            "bct2020": "1023804",
            "bctcb2020": "10238041000",
            "transitzone": "Inner Transit Zone"
          }
        }
      },
      "geometry": {
        "type": "MultiPolygon",
        "coordinates": [
          [
            [
              [
                -73.947157200442,
                40.766308441658
              ],
              [
                -73.947091643883,
                40.766274502188
              ],
              [
                -73.947084781334,
                40.766282165929
              ],
              [
                -73.946977043443,
                40.766226387798
              ],
              [
                -73.946984125305,
                40.766218481929
              ],
              [
                -73.946884247539,
                40.766166773103
              ],
              [
                -73.946877166855,
                40.766174679867
              ],
              [
                -73.946756713021,
                40.766112318383
              ],
              [
                -73.94680560686,
                40.766057726287
              ],
              [
                -73.946795879928,
                40.766052690679
              ],
              [
                -73.946868916478,
                40.765971140502
              ],
              [
                -73.946878377026,
                40.765976038204
              ],
              [
                -73.946897622719,
                40.765954550239
              ],
              [
                -73.946888233207,
                40.765949689492
              ],
              [
                -73.946961632276,
                40.765867734195
              ],
              [
                -73.946971021782,
                40.765872594936
              ],
              [
                -73.947046331592,
                40.765788505368
              ],
              [
                -73.94708015322,
                40.765806015003
              ],
              [
                -73.947092445024,
                40.76579228976
              ],
              [
                -73.947138343629,
                40.765816052621
              ],
              [
                -73.947186517724,
                40.765840992566
              ],
              [
                -73.947174224745,
                40.765854717819
              ],
              [
                -73.947206552356,
                40.765871454099
              ],
              [
                -73.947147439314,
                40.76593745737
              ],
              [
                -73.94713124147,
                40.765955544671
              ],
              [
                -73.947139397375,
                40.765959766375
              ],
              [
                -73.947065998424,
                40.766041721784
              ],
              [
                -73.947058797924,
                40.76603799399
              ],
              [
                -73.947033393878,
                40.766066359903
              ],
              [
                -73.947089772573,
                40.766095547735
              ],
              [
                -73.94709593095,
                40.766088670711
              ],
              [
                -73.947206710173,
                40.766146023306
              ],
              [
                -73.947200002944,
                40.766153512428
              ],
              [
                -73.947265558254,
                40.766187451836
              ],
              [
                -73.947243986774,
                40.766211538552
              ],
              [
                -73.947266033514,
                40.76622295263
              ],
              [
                -73.947223876805,
                40.766270023392
              ],
              [
                -73.947202356258,
                40.766294052491
              ],
              [
                -73.947200512911,
                40.766293098013
              ],
              [
                -73.947180309506,
                40.766282638402
              ],
              [
                -73.947157200442,
                40.766308441658
              ]
            ]
          ]
        ]
      }
    },
    {
      "type": "Feature",
      "id": "1083208",
      "properties": {
        "bin": "1083208",
        "bbl": "1013730001",
        "address": "MAIN STREET",
        "building_use": "Multi-Family Elevator Buildings",
        "pluto_landuse_code": "3",
        "building_class": "D4",
        "pluto_year_built": "1975",
        "pluto_floors": "18.0000000",
        "residential_units": "8018",
        "total_units": "8088",
        "building_area_sqft": "4786701",
        "lot_area_sqft": "4227757",
        "construction_year": "1975",
        "height_roof": "185",
        "feature_code": "2100",
        "geometry_source": "Other (Manual)",
        "last_status_type": "Constructed",
        "retrieved_on": "2026-09-29",
        "source_footprint": "NYC DoITT BUILDING (Socrata 5zhs-2jue)",
        "source_taxlot": "NYC DCP PLUTO 26v2 (Socrata 64uk-42ks)",
        "source_boundary": "OpenStreetMap relation 2389564 (Roosevelt Island)",
        "source_attributes": {
          "building": {
            "name": null,
            "base_bbl": "1013730001",
            "shape_area": "2073.27734375",
            "construction_year": "1975",
            "ground_elevation": "13",
            "mappluto_bbl": "1013730001",
            "objectid": "48126",
            "feature_code": "2100",
            "shape_length": "244.29178005185275",
            "height_roof": "185",
            "last_status_type": "Constructed",
            "bin": "1083208",
            "last_edited_date": "2017-08-22T19:38:47.000Z",
            "geom_source": "Other (Manual)",
            "doitt_id": "567296"
          },
          "pluto": {
            "borough": "MN",
            "block": "1373",
            "lot": "1",
            "cd": "108",
            "ct2010": "238.01",
            "cb2010": "1015",
            "schooldist": "2",
            "council": "5",
            "zipcode": "10044",
            "firecomp": "E260",
            "policeprct": "114",
            "healtharea": "8300",
            "sanitboro": "1",
            "address": "MAIN STREET",
            "zonedist1": "R7-2",
            "splitzone": false,
            "bldgclass": "D4",
            "landuse": "3",
            "easements": "1",
            "ownertype": "C",
            "ownername": "RIVERWALK 8 AFFORDABLE, L.P.",
            "lotarea": "4227757",
            "bldgarea": "4786701",
            "comarea": "1046956",
            "resarea": "3739745",
            "officearea": "7496",
            "retailarea": "537154",
            "garagearea": "406500",
            "strgearea": "0",
            "factryarea": "0",
            "otherarea": "95806",
            "areasource": "2",
            "numbldgs": "38",
            "numfloors": "18.0000000",
            "unitsres": "8018",
            "unitstotal": "8088",
            "lotfront": "200.0000000",
            "lotdepth": "102.5000000",
            "bldgfront": "0.0000000",
            "bldgdepth": "0.0000000",
            "ext": "N",
            "proxcode": "0",
            "irrlotcode": true,
            "lottype": "7",
            "bsmtcode": "0",
            "assessland": "134391150.00000",
            "assesstot": "592936650.00000",
            "exempttot": "592936650.00000",
            "yearbuilt": "1975",
            "yearalter1": "0",
            "yearalter2": "0",
            "landmark": "INDIVIDUAL LANDMARK",
            "builtfar": "1.13000000000",
            "residfar": "3.44000000000",
            "commfar": "0.00000000000",
            "facilfar": "6.50000000000",
            "affresfar": "5.01000000000",
            "mnffar": "0.00000000000",
            "borocode": "1",
            "bbl": "1013730001.00000000",
            "tract2010": "23801",
            "xcoord": "996792",
            "ycoord": "215349",
            "latitude": "40.7577508",
            "longitude": "-73.9547287",
            "zonemap": "9a",
            "zmcode": true,
            "sanborn": "106E070",
            "taxmap": "10507",
            "appbbl": "1013730001.00000000",
            "appdate": "2023-12-06T00:00:00.000",
            "plutomapid": "1",
            "version": "26v2",
            "sanitdistrict": "8",
            "healthcenterdistrict": "13",
            "firm07_flag": "1",
            "pfirm15_flag": "1",
            "bct2020": "1023804",
            "bctcb2020": "10238041000",
            "transitzone": "Inner Transit Zone"
          }
        }
      },
      "geometry": {
        "type": "MultiPolygon",
        "coordinates": [
          [
            [
              [
                -73.947316649202,
                40.765485469128
              ],
              [
                -73.947391959321,
                40.76540137933
              ],
              [
                -73.94738256985,
                40.765396518623
              ],
              [
                -73.947455967702,
                40.765314563004
              ],
              [
                -73.947465355982,
                40.765319423705
              ],
              [
                -73.947484601297,
                40.76529793474
              ],
              [
                -73.9474751408,
                40.765293037087
              ],
              [
                -73.947548175686,
                40.76521148647
              ],
              [
                -73.947557901368,
                40.765216522014
              ],
              [
                -73.947606793893,
                40.765161929572
              ],
              [
                -73.94772724562,
                40.765224289276
              ],
              [
                -73.947720165136,
                40.765232196093
              ],
              [
                -73.947724179724,
                40.765234274477
              ],
              [
                -73.947820040965,
                40.765283904201
              ],
              [
                -73.947827122627,
                40.765275997378
              ],
              [
                -73.947934858509,
                40.765331773821
              ],
              [
                -73.947927996154,
                40.765339437613
              ],
              [
                -73.947993551033,
                40.765373376611
              ],
              [
                -73.9479704426,
                40.765399180034
              ],
              [
                -73.947981840009,
                40.765405080782
              ],
              [
                -73.947992489195,
                40.765410593974
              ],
              [
                -73.947943151087,
                40.765465684356
              ],
              [
                -73.947928813491,
                40.765481694246
              ],
              [
                -73.94792822746,
                40.765481390511
              ],
              [
                -73.947913209673,
                40.765473615973
              ],
              [
                -73.947906766884,
                40.765470280294
              ],
              [
                -73.947885195868,
                40.765494367133
              ],
              [
                -73.94781963974,
                40.765460428073
              ],
              [
                -73.947812932648,
                40.765467918131
              ],
              [
                -73.94770215403,
                40.765410566113
              ],
              [
                -73.947708313464,
                40.765403689056
              ],
              [
                -73.947651935084,
                40.765374501524
              ],
              [
                -73.947626531545,
                40.76540286667
              ],
              [
                -73.947633732008,
                40.765406594429
              ],
              [
                -73.947560334274,
                40.765488550159
              ],
              [
                -73.947552178401,
                40.765484327584
              ],
              [
                -73.947476869573,
                40.765568418387
              ],
              [
                -73.947444542041,
                40.765551682182
              ],
              [
                -73.947432250354,
                40.765565407464
              ],
              [
                -73.947338177864,
                40.765516704856
              ],
              [
                -73.947350470747,
                40.765502978685
              ],
              [
                -73.947316649202,
                40.765485469128
              ]
            ]
          ]
        ]
      }
    },
    {
      "type": "Feature",
      "id": "1083211",
      "properties": {
        "bin": "1083211",
        "bbl": "1013730001",
        "address": "MAIN STREET",
        "building_use": "Multi-Family Elevator Buildings",
        "pluto_landuse_code": "3",
        "building_class": "D4",
        "pluto_year_built": "1975",
        "pluto_floors": "18.0000000",
        "residential_units": "8018",
        "total_units": "8088",
        "building_area_sqft": "4786701",
        "lot_area_sqft": "4227757",
        "construction_year": "1975",
        "height_roof": "71",
        "feature_code": "5110",
        "geometry_source": "Other (Manual)",
        "last_status_type": "Constructed",
        "retrieved_on": "2026-09-29",
        "source_footprint": "NYC DoITT BUILDING (Socrata 5zhs-2jue)",
        "source_taxlot": "NYC DCP PLUTO 26v2 (Socrata 64uk-42ks)",
        "source_boundary": "OpenStreetMap relation 2389564 (Roosevelt Island)",
        "source_attributes": {
          "building": {
            "name": null,
            "base_bbl": "1013730001",
            "shape_area": "28849.66015625",
            "construction_year": "1975",
            "ground_elevation": "12",
            "mappluto_bbl": "1013730001",
            "objectid": "1058910",
            "feature_code": "5110",
            "shape_length": "1019.4661789513395",
            "height_roof": "71",
            "last_status_type": "Constructed",
            "bin": "1083211",
            "last_edited_date": "2017-08-22T18:25:44.000Z",
            "geom_source": "Other (Manual)",
            "doitt_id": "146525"
          },
          "pluto": {
            "borough": "MN",
            "block": "1373",
            "lot": "1",
            "cd": "108",
            "ct2010": "238.01",
            "cb2010": "1015",
            "schooldist": "2",
            "council": "5",
            "zipcode": "10044",
            "firecomp": "E260",
            "policeprct": "114",
            "healtharea": "8300",
            "sanitboro": "1",
            "address": "MAIN STREET",
            "zonedist1": "R7-2",
            "splitzone": false,
            "bldgclass": "D4",
            "landuse": "3",
            "easements": "1",
            "ownertype": "C",
            "ownername": "RIVERWALK 8 AFFORDABLE, L.P.",
            "lotarea": "4227757",
            "bldgarea": "4786701",
            "comarea": "1046956",
            "resarea": "3739745",
            "officearea": "7496",
            "retailarea": "537154",
            "garagearea": "406500",
            "strgearea": "0",
            "factryarea": "0",
            "otherarea": "95806",
            "areasource": "2",
            "numbldgs": "38",
            "numfloors": "18.0000000",
            "unitsres": "8018",
            "unitstotal": "8088",
            "lotfront": "200.0000000",
            "lotdepth": "102.5000000",
            "bldgfront": "0.0000000",
            "bldgdepth": "0.0000000",
            "ext": "N",
            "proxcode": "0",
            "irrlotcode": true,
            "lottype": "7",
            "bsmtcode": "0",
            "assessland": "134391150.00000",
            "assesstot": "592936650.00000",
            "exempttot": "592936650.00000",
            "yearbuilt": "1975",
            "yearalter1": "0",
            "yearalter2": "0",
            "landmark": "INDIVIDUAL LANDMARK",
            "builtfar": "1.13000000000",
            "residfar": "3.44000000000",
            "commfar": "0.00000000000",
            "facilfar": "6.50000000000",
            "affresfar": "5.01000000000",
            "mnffar": "0.00000000000",
            "borocode": "1",
            "bbl": "1013730001.00000000",
            "tract2010": "23801",
            "xcoord": "996792",
            "ycoord": "215349",
            "latitude": "40.7577508",
            "longitude": "-73.9547287",
            "zonemap": "9a",
            "zmcode": true,
            "sanborn": "106E070",
            "taxmap": "10507",
            "appbbl": "1013730001.00000000",
            "appdate": "2023-12-06T00:00:00.000",
            "plutomapid": "1",
            "version": "26v2",
            "sanitdistrict": "8",
            "healthcenterdistrict": "13",
            "firm07_flag": "1",
            "pfirm15_flag": "1",
            "bct2020": "1023804",
            "bctcb2020": "10238041000",
            "transitzone": "Inner Transit Zone"
          }
        }
      },
      "geometry": {
        "type": "MultiPolygon",
        "coordinates": [
          [
            [
              [
                -73.94595266543,
                40.765876763837
              ],
              [
                -73.945853674492,
                40.76582555431
              ],
              [
                -73.945837737115,
                40.765843364196
              ],
              [
                -73.945813846239,
                40.765831005249
              ],
              [
                -73.94576804697,
                40.765882182769
              ],
              [
                -73.945730978232,
                40.765863006187
              ],
              [
                -73.945776776332,
                40.765811828681
              ],
              [
                -73.945752164492,
                40.765799096573
              ],
              [
                -73.945768101882,
                40.765781286698
              ],
              [
                -73.945635636876,
                40.765712760735
              ],
              [
                -73.946170257067,
                40.765115340749
              ],
              [
                -73.945869451853,
                40.764959727744
              ],
              [
                -73.945852044178,
                40.764950722625
              ],
              [
                -73.945833904875,
                40.764941338948
              ],
              [
                -73.945812311037,
                40.764930167943
              ],
              [
                -73.945799436424,
                40.764923508061
              ],
              [
                -73.946346157948,
                40.764312554701
              ],
              [
                -73.946356832873,
                40.764318077063
              ],
              [
                -73.946375738042,
                40.764327857237
              ],
              [
                -73.946395844842,
                40.764338258414
              ],
              [
                -73.946405174901,
                40.764343084956
              ],
              [
                -73.946434305152,
                40.764358154937
              ],
              [
                -73.946482749052,
                40.764383215074
              ],
              [
                -73.946493682229,
                40.764370995805
              ],
              [
                -73.946553028584,
                40.764361638293
              ],
              [
                -73.946555451964,
                40.764362892019
              ],
              [
                -73.946568900721,
                40.76436984835
              ],
              [
                -73.9467313943,
                40.764190081149
              ],
              [
                -73.946662261897,
                40.763974481003
              ],
              [
                -73.94674109518,
                40.763876313855
              ],
              [
                -73.946810405619,
                40.763869160749
              ],
              [
                -73.947034276816,
                40.763608186914
              ],
              [
                -73.947100487945,
                40.763536360674
              ],
              [
                -73.947188730061,
                40.763488497016
              ],
              [
                -73.947333662807,
                40.763457425713
              ],
              [
                -73.947481713666,
                40.763467074663
              ],
              [
                -73.947595091104,
                40.763503053718
              ],
              [
                -73.947698988678,
                40.76357735293
              ],
              [
                -73.947768199156,
                40.763697144224
              ],
              [
                -73.947774413499,
                40.763807326469
              ],
              [
                -73.947730237354,
                40.763900719368
              ],
              [
                -73.947329802189,
                40.764355625842
              ],
              [
                -73.947096666032,
                40.764381865988
              ],
              [
                -73.946938620676,
                40.764561109853
              ],
              [
                -73.946951132545,
                40.764608385791
              ],
              [
                -73.946940654615,
                40.764620095628
              ],
              [
                -73.947032408727,
                40.764667561109
              ],
              [
                -73.947073800704,
                40.764688973413
              ],
              [
                -73.946889663057,
                40.764894748481
              ],
              [
                -73.94599246311,
                40.765897350916
              ],
              [
                -73.94595266543,
                40.765876763837
              ]
            ]
          ]
        ]
      }
    },
    {
      "type": "Feature",
      "id": "1083213",
      "properties": {
        "bin": "1083213",
        "bbl": "1013730001",
        "address": "MAIN STREET",
        "building_use": "Multi-Family Elevator Buildings",
        "pluto_landuse_code": "3",
        "building_class": "D4",
        "pluto_year_built": "1975",
        "pluto_floors": "18.0000000",
        "residential_units": "8018",
        "total_units": "8088",
        "building_area_sqft": "4786701",
        "lot_area_sqft": "4227757",
        "construction_year": "1975",
        "height_roof": "18.57",
        "feature_code": "2100",
        "geometry_source": "Photogrammetric",
        "last_status_type": "Constructed",
        "retrieved_on": "2026-09-29",
        "source_footprint": "NYC DoITT BUILDING (Socrata 5zhs-2jue)",
        "source_taxlot": "NYC DCP PLUTO 26v2 (Socrata 64uk-42ks)",
        "source_boundary": "OpenStreetMap relation 2389564 (Roosevelt Island)",
        "source_attributes": {
          "building": {
            "name": null,
            "base_bbl": "1013730001",
            "shape_area": "1394.71484375",
            "construction_year": "1975",
            "ground_elevation": "13",
            "mappluto_bbl": "1013730001",
            "objectid": "956473",
            "feature_code": "2100",
            "shape_length": "153.03427771120232",
            "height_roof": "18.57",
            "last_status_type": "Constructed",
            "bin": "1083213",
            "last_edited_date": "2017-08-22T19:02:54.000Z",
            "geom_source": "Photogrammetric",
            "doitt_id": "120479"
          },
          "pluto": {
            "borough": "MN",
            "block": "1373",
            "lot": "1",
            "cd": "108",
            "ct2010": "238.01",
            "cb2010": "1015",
            "schooldist": "2",
            "council": "5",
            "zipcode": "10044",
            "firecomp": "E260",
            "policeprct": "114",
            "healtharea": "8300",
            "sanitboro": "1",
            "address": "MAIN STREET",
            "zonedist1": "R7-2",
            "splitzone": false,
            "bldgclass": "D4",
            "landuse": "3",
            "easements": "1",
            "ownertype": "C",
            "ownername": "RIVERWALK 8 AFFORDABLE, L.P.",
            "lotarea": "4227757",
            "bldgarea": "4786701",
            "comarea": "1046956",
            "resarea": "3739745",
            "officearea": "7496",
            "retailarea": "537154",
            "garagearea": "406500",
            "strgearea": "0",
            "factryarea": "0",
            "otherarea": "95806",
            "areasource": "2",
            "numbldgs": "38",
            "numfloors": "18.0000000",
            "unitsres": "8018",
            "unitstotal": "8088",
            "lotfront": "200.0000000",
            "lotdepth": "102.5000000",
            "bldgfront": "0.0000000",
            "bldgdepth": "0.0000000",
            "ext": "N",
            "proxcode": "0",
            "irrlotcode": true,
            "lottype": "7",
            "bsmtcode": "0",
            "assessland": "134391150.00000",
            "assesstot": "592936650.00000",
            "exempttot": "592936650.00000",
            "yearbuilt": "1975",
            "yearalter1": "0",
            "yearalter2": "0",
            "landmark": "INDIVIDUAL LANDMARK",
            "builtfar": "1.13000000000",
            "residfar": "3.44000000000",
            "commfar": "0.00000000000",
            "facilfar": "6.50000000000",
            "affresfar": "5.01000000000",
            "mnffar": "0.00000000000",
            "borocode": "1",
            "bbl": "1013730001.00000000",
            "tract2010": "23801",
            "xcoord": "996792",
            "ycoord": "215349",
            "latitude": "40.7577508",
            "longitude": "-73.9547287",
            "zonemap": "9a",
            "zmcode": true,
            "sanborn": "106E070",
            "taxmap": "10507",
            "appbbl": "1013730001.00000000",
            "appdate": "2023-12-06T00:00:00.000",
            "plutomapid": "1",
            "version": "26v2",
            "sanitdistrict": "8",
            "healthcenterdistrict": "13",
            "firm07_flag": "1",
            "pfirm15_flag": "1",
            "bct2020": "1023804",
            "bctcb2020": "10238041000",
            "transitzone": "Inner Transit Zone"
          }
        }
      },
      "geometry": {
        "type": "MultiPolygon",
        "coordinates": [
          [
            [
              [
                -73.944882468272,
                40.766336087615
              ],
              [
                -73.944898190331,
                40.766318437149
              ],
              [
                -73.944909443061,
                40.766305804854
              ],
              [
                -73.944953344122,
                40.766328411382
              ],
              [
                -73.94498050974,
                40.766297914375
              ],
              [
                -73.94508647522,
                40.766352479649
              ],
              [
                -73.94506875209,
                40.766372375045
              ],
              [
                -73.945068052648,
                40.766373160852
              ],
              [
                -73.945174477671,
                40.766427962195
              ],
              [
                -73.945152740465,
                40.766452364518
              ],
              [
                -73.944993428643,
                40.766631207939
              ],
              [
                -73.944948745686,
                40.766635801682
              ],
              [
                -73.944720281157,
                40.766518157594
              ],
              [
                -73.944777351244,
                40.766454090677
              ],
              [
                -73.944864480719,
                40.766356280019
              ],
              [
                -73.944882468272,
                40.766336087615
              ]
            ]
          ]
        ]
      }
    },
    {
      "type": "Feature",
      "id": "1083214",
      "properties": {
        "bin": "1083214",
        "bbl": "1013730040",
        "address": "531 MAIN STREET",
        "building_use": "Multi-Family Elevator Buildings",
        "pluto_landuse_code": "3",
        "building_class": "D4",
        "pluto_year_built": "1975",
        "pluto_floors": "20.0000000",
        "residential_units": "365",
        "total_units": "368",
        "building_area_sqft": "683637",
        "lot_area_sqft": "97913",
        "construction_year": "1975",
        "height_roof": "11.04327",
        "feature_code": "2100",
        "geometry_source": "Photogrammetric",
        "last_status_type": "Constructed",
        "retrieved_on": "2026-09-29",
        "source_footprint": "NYC DoITT BUILDING (Socrata 5zhs-2jue)",
        "source_taxlot": "NYC DCP PLUTO 26v2 (Socrata 64uk-42ks)",
        "source_boundary": "OpenStreetMap relation 2389564 (Roosevelt Island)",
        "source_attributes": {
          "building": {
            "name": null,
            "base_bbl": "1013730040",
            "shape_area": "1676.20703125",
            "construction_year": "1975",
            "ground_elevation": "17",
            "mappluto_bbl": "1013730040",
            "objectid": "664576",
            "feature_code": "2100",
            "shape_length": "190.97726343755934",
            "height_roof": "11.04327",
            "last_status_type": "Constructed",
            "bin": "1083214",
            "last_edited_date": "2013-08-22T00:00:00.000Z",
            "geom_source": "Photogrammetric",
            "doitt_id": "1257225"
          },
          "pluto": {
            "borough": "MN",
            "block": "1373",
            "lot": "40",
            "cd": "108",
            "ct2010": "238.01",
            "cb2010": "1009",
            "schooldist": "2",
            "council": "5",
            "zipcode": "10044",
            "firecomp": "E260",
            "policeprct": "114",
            "healtharea": "8300",
            "sanitboro": "1",
            "address": "531 MAIN STREET",
            "zonedist1": "R7-2",
            "splitzone": false,
            "bldgclass": "D4",
            "landuse": "3",
            "easements": "0",
            "ownertype": "C",
            "ownername": "RIVERCROSS TENANTS' CORP.",
            "lotarea": "97913",
            "bldgarea": "683637",
            "comarea": "11972",
            "resarea": "671665",
            "officearea": "3472",
            "retailarea": "8500",
            "garagearea": "0",
            "strgearea": "0",
            "factryarea": "0",
            "otherarea": "0",
            "areasource": "2",
            "numbldgs": "3",
            "numfloors": "20.0000000",
            "unitsres": "365",
            "unitstotal": "368",
            "lotfront": "377.0000000",
            "lotdepth": "320.0000000",
            "bldgfront": "374.0000000",
            "bldgdepth": "308.0000000",
            "ext": "N",
            "proxcode": "0",
            "irrlotcode": true,
            "lottype": "5",
            "bsmtcode": "0",
            "assessland": "4405500.00000",
            "assesstot": "83931750.00000",
            "exempttot": "83931750.00000",
            "yearbuilt": "1975",
            "yearalter1": "0",
            "yearalter2": "0",
            "landmark": "INDIVIDUAL LANDMARK",
            "builtfar": "6.98000000000",
            "residfar": "3.44000000000",
            "commfar": "0.00000000000",
            "facilfar": "6.50000000000",
            "affresfar": "5.01000000000",
            "mnffar": "0.00000000000",
            "borocode": "1",
            "bbl": "1013730040.00000000",
            "tract2010": "23801",
            "xcoord": "998006",
            "ycoord": "216729",
            "latitude": "40.7615368",
            "longitude": "-73.9503438",
            "zonemap": "9a",
            "sanborn": "16E 070",
            "taxmap": "10507",
            "appbbl": "1013730001.00000000",
            "appdate": "2004-01-09T00:00:00.000",
            "plutomapid": "1",
            "version": "26v2",
            "sanitdistrict": "8",
            "healthcenterdistrict": "13",
            "bct2020": "1023803",
            "bctcb2020": "10238032000",
            "transitzone": "Inner Transit Zone"
          }
        }
      },
      "geometry": {
        "type": "MultiPolygon",
        "coordinates": [
          [
            [
              [
                -73.950973720513,
                40.761250338232
              ],
              [
                -73.951199986687,
                40.761352300299
              ],
              [
                -73.950966010948,
                40.761610353165
              ],
              [
                -73.950912958346,
                40.761583271305
              ],
              [
                -73.950931925519,
                40.761561789739
              ],
              [
                -73.950856400854,
                40.761523236656
              ],
              [
                -73.950874238437,
                40.761503034234
              ],
              [
                -73.95081391467,
                40.761472240949
              ],
              [
                -73.950809188877,
                40.761477593333
              ],
              [
                -73.950739919904,
                40.761442233332
              ],
              [
                -73.950724819159,
                40.761459335565
              ],
              [
                -73.950678846265,
                40.761435866749
              ],
              [
                -73.950684536902,
                40.761429422471
              ],
              [
                -73.950689873748,
                40.761432146081
              ],
              [
                -73.950731716075,
                40.761384756906
              ],
              [
                -73.950709159982,
                40.761373242409
              ],
              [
                -73.950760885281,
                40.761314659675
              ],
              [
                -73.95075652631,
                40.761312434465
              ],
              [
                -73.950779643185,
                40.761286252261
              ],
              [
                -73.950768123433,
                40.761278250856
              ],
              [
                -73.950793949881,
                40.761248999085
              ],
              [
                -73.950801256659,
                40.761252728494
              ],
              [
                -73.950828262451,
                40.76122214177
              ],
              [
                -73.950945546252,
                40.761282009601
              ],
              [
                -73.950973720513,
                40.761250338232
              ]
            ]
          ]
        ]
      }
    },
    {
      "type": "Feature",
      "id": "1083215",
      "properties": {
        "bin": "1083215",
        "bbl": "1013730001",
        "address": "MAIN STREET",
        "building_use": "Multi-Family Elevator Buildings",
        "pluto_landuse_code": "3",
        "building_class": "D4",
        "pluto_year_built": "1975",
        "pluto_floors": "18.0000000",
        "residential_units": "8018",
        "total_units": "8088",
        "building_area_sqft": "4786701",
        "lot_area_sqft": "4227757",
        "construction_year": "1975",
        "height_roof": "27",
        "feature_code": "2100",
        "geometry_source": "Other (Manual)",
        "last_status_type": "Constructed",
        "retrieved_on": "2026-09-29",
        "source_footprint": "NYC DoITT BUILDING (Socrata 5zhs-2jue)",
        "source_taxlot": "NYC DCP PLUTO 26v2 (Socrata 64uk-42ks)",
        "source_boundary": "OpenStreetMap relation 2389564 (Roosevelt Island)",
        "source_attributes": {
          "building": {
            "name": null,
            "base_bbl": "1013730001",
            "shape_area": "1385.21484375",
            "construction_year": "1975",
            "ground_elevation": "20",
            "mappluto_bbl": "1013730001",
            "objectid": "52380",
            "feature_code": "2100",
            "shape_length": "215.6045804575557",
            "height_roof": "27",
            "last_status_type": "Constructed",
            "bin": "1083215",
            "last_edited_date": "2017-08-22T19:19:39.000Z",
            "geom_source": "Other (Manual)",
            "doitt_id": "471078"
          },
          "pluto": {
            "borough": "MN",
            "block": "1373",
            "lot": "1",
            "cd": "108",
            "ct2010": "238.01",
            "cb2010": "1015",
            "schooldist": "2",
            "council": "5",
            "zipcode": "10044",
            "firecomp": "E260",
            "policeprct": "114",
            "healtharea": "8300",
            "sanitboro": "1",
            "address": "MAIN STREET",
            "zonedist1": "R7-2",
            "splitzone": false,
            "bldgclass": "D4",
            "landuse": "3",
            "easements": "1",
            "ownertype": "C",
            "ownername": "RIVERWALK 8 AFFORDABLE, L.P.",
            "lotarea": "4227757",
            "bldgarea": "4786701",
            "comarea": "1046956",
            "resarea": "3739745",
            "officearea": "7496",
            "retailarea": "537154",
            "garagearea": "406500",
            "strgearea": "0",
            "factryarea": "0",
            "otherarea": "95806",
            "areasource": "2",
            "numbldgs": "38",
            "numfloors": "18.0000000",
            "unitsres": "8018",
            "unitstotal": "8088",
            "lotfront": "200.0000000",
            "lotdepth": "102.5000000",
            "bldgfront": "0.0000000",
            "bldgdepth": "0.0000000",
            "ext": "N",
            "proxcode": "0",
            "irrlotcode": true,
            "lottype": "7",
            "bsmtcode": "0",
            "assessland": "134391150.00000",
            "assesstot": "592936650.00000",
            "exempttot": "592936650.00000",
            "yearbuilt": "1975",
            "yearalter1": "0",
            "yearalter2": "0",
            "landmark": "INDIVIDUAL LANDMARK",
            "builtfar": "1.13000000000",
            "residfar": "3.44000000000",
            "commfar": "0.00000000000",
            "facilfar": "6.50000000000",
            "affresfar": "5.01000000000",
            "mnffar": "0.00000000000",
            "borocode": "1",
            "bbl": "1013730001.00000000",
            "tract2010": "23801",
            "xcoord": "996792",
            "ycoord": "215349",
            "latitude": "40.7577508",
            "longitude": "-73.9547287",
            "zonemap": "9a",
            "zmcode": true,
            "sanborn": "106E070",
            "taxmap": "10507",
            "appbbl": "1013730001.00000000",
            "appdate": "2023-12-06T00:00:00.000",
            "plutomapid": "1",
            "version": "26v2",
            "sanitdistrict": "8",
            "healthcenterdistrict": "13",
            "firm07_flag": "1",
            "pfirm15_flag": "1",
            "bct2020": "1023804",
            "bctcb2020": "10238041000",
            "transitzone": "Inner Transit Zone"
          }
        }
      },
      "geometry": {
        "type": "MultiPolygon",
        "coordinates": [
          [
            [
              [
                -73.950375605237,
                40.76086358638
              ],
              [
                -73.950344228596,
                40.760847483541
              ],
              [
                -73.950369806035,
                40.7608186685
              ],
              [
                -73.950424698065,
                40.760756831951
              ],
              [
                -73.950347054497,
                40.760716983591
              ],
              [
                -73.950335179757,
                40.760662718551
              ],
              [
                -73.95040711921,
                40.760652306385
              ],
              [
                -73.950424102594,
                40.760661049492
              ],
              [
                -73.950470902376,
                40.760608484638
              ],
              [
                -73.950476391005,
                40.760607662135
              ],
              [
                -73.950488656918,
                40.760605824974
              ],
              [
                -73.950540693471,
                40.760598030942
              ],
              [
                -73.950541128045,
                40.760599708769
              ],
              [
                -73.950554486497,
                40.760651275613
              ],
              [
                -73.950529156927,
                40.760679811645
              ],
              [
                -73.950564260276,
                40.760697826905
              ],
              [
                -73.950591732835,
                40.76066687573
              ],
              [
                -73.95061938981,
                40.760681069639
              ],
              [
                -73.950591914891,
                40.760712019919
              ],
              [
                -73.950670622877,
                40.760752414276
              ],
              [
                -73.950695234131,
                40.76072468836
              ],
              [
                -73.950741256216,
                40.760717816482
              ],
              [
                -73.950765097537,
                40.760714257072
              ],
              [
                -73.950765748221,
                40.760716777863
              ],
              [
                -73.950781594944,
                40.760778142335
              ],
              [
                -73.950792739273,
                40.760821298389
              ],
              [
                -73.950725746081,
                40.760869112679
              ],
              [
                -73.950690286029,
                40.760894420605
              ],
              [
                -73.950592546328,
                40.760844260232
              ],
              [
                -73.950573891067,
                40.760865276317
              ],
              [
                -73.950607826067,
                40.760882692227
              ],
              [
                -73.950590092955,
                40.760902669528
              ],
              [
                -73.950556157949,
                40.760885253613
              ],
              [
                -73.950512862829,
                40.76093402888
              ],
              [
                -73.950510904744,
                40.760933023976
              ],
              [
                -73.950504693815,
                40.760940020932
              ],
              [
                -73.950472667174,
                40.760923584662
              ],
              [
                -73.950478878105,
                40.760916587707
              ],
              [
                -73.950442961361,
                40.760898155138
              ],
              [
                -73.950436750427,
                40.76090515209
              ],
              [
                -73.950405372569,
                40.760889047466
              ],
              [
                -73.950411583504,
                40.760882050515
              ],
              [
                -73.950375605237,
                40.76086358638
              ]
            ]
          ]
        ]
      }
    },
    {
      "type": "Feature",
      "id": "1083216",
      "properties": {
        "bin": "1083216",
        "bbl": "1013730040",
        "address": "531 MAIN STREET",
        "building_use": "Multi-Family Elevator Buildings",
        "pluto_landuse_code": "3",
        "building_class": "D4",
        "pluto_year_built": "1975",
        "pluto_floors": "20.0000000",
        "residential_units": "365",
        "total_units": "368",
        "building_area_sqft": "683637",
        "lot_area_sqft": "97913",
        "construction_year": "1975",
        "height_roof": "177.53",
        "feature_code": "2100",
        "geometry_source": "Photogrammetric",
        "last_status_type": "Constructed",
        "retrieved_on": "2026-09-29",
        "source_footprint": "NYC DoITT BUILDING (Socrata 5zhs-2jue)",
        "source_taxlot": "NYC DCP PLUTO 26v2 (Socrata 64uk-42ks)",
        "source_boundary": "OpenStreetMap relation 2389564 (Roosevelt Island)",
        "source_attributes": {
          "building": {
            "name": null,
            "base_bbl": "1013730040",
            "shape_area": "1236.85546875",
            "construction_year": "1975",
            "ground_elevation": "16",
            "mappluto_bbl": "1013730040",
            "objectid": "250092",
            "feature_code": "2100",
            "shape_length": "185.63517520928215",
            "height_roof": "177.53",
            "last_status_type": "Constructed",
            "bin": "1083216",
            "last_edited_date": "2017-08-22T17:36:22.000Z",
            "geom_source": "Photogrammetric",
            "doitt_id": "347099"
          },
          "pluto": {
            "borough": "MN",
            "block": "1373",
            "lot": "40",
            "cd": "108",
            "ct2010": "238.01",
            "cb2010": "1009",
            "schooldist": "2",
            "council": "5",
            "zipcode": "10044",
            "firecomp": "E260",
            "policeprct": "114",
            "healtharea": "8300",
            "sanitboro": "1",
            "address": "531 MAIN STREET",
            "zonedist1": "R7-2",
            "splitzone": false,
            "bldgclass": "D4",
            "landuse": "3",
            "easements": "0",
            "ownertype": "C",
            "ownername": "RIVERCROSS TENANTS' CORP.",
            "lotarea": "97913",
            "bldgarea": "683637",
            "comarea": "11972",
            "resarea": "671665",
            "officearea": "3472",
            "retailarea": "8500",
            "garagearea": "0",
            "strgearea": "0",
            "factryarea": "0",
            "otherarea": "0",
            "areasource": "2",
            "numbldgs": "3",
            "numfloors": "20.0000000",
            "unitsres": "365",
            "unitstotal": "368",
            "lotfront": "377.0000000",
            "lotdepth": "320.0000000",
            "bldgfront": "374.0000000",
            "bldgdepth": "308.0000000",
            "ext": "N",
            "proxcode": "0",
            "irrlotcode": true,
            "lottype": "5",
            "bsmtcode": "0",
            "assessland": "4405500.00000",
            "assesstot": "83931750.00000",
            "exempttot": "83931750.00000",
            "yearbuilt": "1975",
            "yearalter1": "0",
            "yearalter2": "0",
            "landmark": "INDIVIDUAL LANDMARK",
            "builtfar": "6.98000000000",
            "residfar": "3.44000000000",
            "commfar": "0.00000000000",
            "facilfar": "6.50000000000",
            "affresfar": "5.01000000000",
            "mnffar": "0.00000000000",
            "borocode": "1",
            "bbl": "1013730040.00000000",
            "tract2010": "23801",
            "xcoord": "998006",
            "ycoord": "216729",
            "latitude": "40.7615368",
            "longitude": "-73.9503438",
            "zonemap": "9a",
            "sanborn": "16E 070",
            "taxmap": "10507",
            "appbbl": "1013730001.00000000",
            "appdate": "2004-01-09T00:00:00.000",
            "plutomapid": "1",
            "version": "26v2",
            "sanitdistrict": "8",
            "healthcenterdistrict": "13",
            "bct2020": "1023803",
            "bctcb2020": "10238032000",
            "transitzone": "Inner Transit Zone"
          }
        }
      },
      "geometry": {
        "type": "MultiPolygon",
        "coordinates": [
          [
            [
              [
                -73.951254556931,
                40.761663372159
              ],
              [
                -73.951229349967,
                40.761650504985
              ],
              [
                -73.951201472205,
                40.76163627331
              ],
              [
                -73.951365509552,
                40.761450487492
              ],
              [
                -73.951378553407,
                40.761457145927
              ],
              [
                -73.951397202736,
                40.761436024352
              ],
              [
                -73.951384888146,
                40.761429738135
              ],
              [
                -73.951420427808,
                40.761389485253
              ],
              [
                -73.951417694259,
                40.761388090119
              ],
              [
                -73.951412366858,
                40.76138537105
              ],
              [
                -73.951434321919,
                40.761360504762
              ],
              [
                -73.951441082982,
                40.761363955645
              ],
              [
                -73.951479630827,
                40.761320297403
              ],
              [
                -73.951495475696,
                40.761328385205
              ],
              [
                -73.951553154886,
                40.761357828966
              ],
              [
                -73.951565518017,
                40.761364140399
              ],
              [
                -73.951584525216,
                40.761342612816
              ],
              [
                -73.95161959257,
                40.761360513373
              ],
              [
                -73.951600413511,
                40.761382234498
              ],
              [
                -73.951615202398,
                40.761389784239
              ],
              [
                -73.951649868453,
                40.761407480204
              ],
              [
                -73.951610440004,
                40.761452135892
              ],
              [
                -73.951618949661,
                40.761456479899
              ],
              [
                -73.951599263271,
                40.761478778034
              ],
              [
                -73.951590752429,
                40.761474433125
              ],
              [
                -73.95155240488,
                40.761517866361
              ],
              [
                -73.951560920461,
                40.761522213076
              ],
              [
                -73.951538965394,
                40.761547079387
              ],
              [
                -73.951530449811,
                40.76154273267
              ],
              [
                -73.951475595847,
                40.761604859718
              ],
              [
                -73.951498394845,
                40.761616497536
              ],
              [
                -73.951489820462,
                40.761626207671
              ],
              [
                -73.951502754263,
                40.761632810214
              ],
              [
                -73.951482350682,
                40.761655919381
              ],
              [
                -73.951461752491,
                40.761645404516
              ],
              [
                -73.951415739477,
                40.761697517143
              ],
              [
                -73.951294912096,
                40.76162327354
              ],
              [
                -73.951254556931,
                40.761663372159
              ]
            ]
          ]
        ]
      }
    },
    {
      "type": "Feature",
      "id": "1083217",
      "properties": {
        "bin": "1083217",
        "bbl": "1013730001",
        "address": "MAIN STREET",
        "building_use": "Multi-Family Elevator Buildings",
        "pluto_landuse_code": "3",
        "building_class": "D4",
        "pluto_year_built": "1975",
        "pluto_floors": "18.0000000",
        "residential_units": "8018",
        "total_units": "8088",
        "building_area_sqft": "4786701",
        "lot_area_sqft": "4227757",
        "construction_year": "1975",
        "height_roof": "185.62",
        "feature_code": "2100",
        "geometry_source": "Photogrammetric",
        "last_status_type": "Constructed",
        "retrieved_on": "2026-09-29",
        "source_footprint": "NYC DoITT BUILDING (Socrata 5zhs-2jue)",
        "source_taxlot": "NYC DCP PLUTO 26v2 (Socrata 64uk-42ks)",
        "source_boundary": "OpenStreetMap relation 2389564 (Roosevelt Island)",
        "source_attributes": {
          "building": {
            "name": null,
            "base_bbl": "1013730001",
            "shape_area": "2080.21875",
            "construction_year": "1975",
            "ground_elevation": "14",
            "mappluto_bbl": "1013730001",
            "objectid": "780163",
            "feature_code": "2100",
            "shape_length": "243.50916172961954",
            "height_roof": "185.62",
            "last_status_type": "Constructed",
            "bin": "1083217",
            "last_edited_date": "2017-08-22T18:49:55.000Z",
            "geom_source": "Photogrammetric",
            "doitt_id": "711672"
          },
          "pluto": {
            "borough": "MN",
            "block": "1373",
            "lot": "1",
            "cd": "108",
            "ct2010": "238.01",
            "cb2010": "1015",
            "schooldist": "2",
            "council": "5",
            "zipcode": "10044",
            "firecomp": "E260",
            "policeprct": "114",
            "healtharea": "8300",
            "sanitboro": "1",
            "address": "MAIN STREET",
            "zonedist1": "R7-2",
            "splitzone": false,
            "bldgclass": "D4",
            "landuse": "3",
            "easements": "1",
            "ownertype": "C",
            "ownername": "RIVERWALK 8 AFFORDABLE, L.P.",
            "lotarea": "4227757",
            "bldgarea": "4786701",
            "comarea": "1046956",
            "resarea": "3739745",
            "officearea": "7496",
            "retailarea": "537154",
            "garagearea": "406500",
            "strgearea": "0",
            "factryarea": "0",
            "otherarea": "95806",
            "areasource": "2",
            "numbldgs": "38",
            "numfloors": "18.0000000",
            "unitsres": "8018",
            "unitstotal": "8088",
            "lotfront": "200.0000000",
            "lotdepth": "102.5000000",
            "bldgfront": "0.0000000",
            "bldgdepth": "0.0000000",
            "ext": "N",
            "proxcode": "0",
            "irrlotcode": true,
            "lottype": "7",
            "bsmtcode": "0",
            "assessland": "134391150.00000",
            "assesstot": "592936650.00000",
            "exempttot": "592936650.00000",
            "yearbuilt": "1975",
            "yearalter1": "0",
            "yearalter2": "0",
            "landmark": "INDIVIDUAL LANDMARK",
            "builtfar": "1.13000000000",
            "residfar": "3.44000000000",
            "commfar": "0.00000000000",
            "facilfar": "6.50000000000",
            "affresfar": "5.01000000000",
            "mnffar": "0.00000000000",
            "borocode": "1",
            "bbl": "1013730001.00000000",
            "tract2010": "23801",
            "xcoord": "996792",
            "ycoord": "215349",
            "latitude": "40.7577508",
            "longitude": "-73.9547287",
            "zonemap": "9a",
            "zmcode": true,
            "sanborn": "106E070",
            "taxmap": "10507",
            "appbbl": "1013730001.00000000",
            "appdate": "2023-12-06T00:00:00.000",
            "plutomapid": "1",
            "version": "26v2",
            "sanitdistrict": "8",
            "healthcenterdistrict": "13",
            "firm07_flag": "1",
            "pfirm15_flag": "1",
            "bct2020": "1023804",
            "bctcb2020": "10238041000",
            "transitzone": "Inner Transit Zone"
          }
        }
      },
      "geometry": {
        "type": "MultiPolygon",
        "coordinates": [
          [
            [
              [
                -73.947675050644,
                40.764986991699
              ],
              [
                -73.947563782325,
                40.764930008528
              ],
              [
                -73.94755861032,
                40.764935845944
              ],
              [
                -73.947449540672,
                40.764879988392
              ],
              [
                -73.94745653824,
                40.764872088758
              ],
              [
                -73.9474298557,
                40.76485842404
              ],
              [
                -73.94742584659,
                40.764862949946
              ],
              [
                -73.947317434232,
                40.764807429357
              ],
              [
                -73.947320624216,
                40.764803827898
              ],
              [
                -73.947263353612,
                40.764774498385
              ],
              [
                -73.947256213584,
                40.764770841771
              ],
              [
                -73.947252938199,
                40.764762635776
              ],
              [
                -73.947329677932,
                40.764676010844
              ],
              [
                -73.947338222044,
                40.764680385798
              ],
              [
                -73.947405750849,
                40.764604156529
              ],
              [
                -73.94739720911,
                40.764599782482
              ],
              [
                -73.947471097537,
                40.764516375455
              ],
              [
                -73.947481085977,
                40.764521491272
              ],
              [
                -73.947526621426,
                40.764470089616
              ],
              [
                -73.947560476991,
                40.764487428934
              ],
              [
                -73.947575122808,
                40.764470896034
              ],
              [
                -73.947581419894,
                40.764474120904
              ],
              [
                -73.947669551941,
                40.764519255526
              ],
              [
                -73.947654906138,
                40.764535788437
              ],
              [
                -73.947688669427,
                40.764553079048
              ],
              [
                -73.947666811552,
                40.764577752848
              ],
              [
                -73.947643135231,
                40.764604479868
              ],
              [
                -73.947651491116,
                40.764608759259
              ],
              [
                -73.947576276329,
                40.764693662435
              ],
              [
                -73.947565353766,
                40.764688069835
              ],
              [
                -73.947527285168,
                40.764731042583
              ],
              [
                -73.947564572965,
                40.764750137644
              ],
              [
                -73.947570993204,
                40.764742890605
              ],
              [
                -73.947680063913,
                40.764798748044
              ],
              [
                -73.947672861303,
                40.764806878129
              ],
              [
                -73.94778412951,
                40.764863861196
              ],
              [
                -73.947760641616,
                40.764890374905
              ],
              [
                -73.947777586701,
                40.764899052642
              ],
              [
                -73.947744684183,
                40.764936193434
              ],
              [
                -73.947714026816,
                40.764970801216
              ],
              [
                -73.947697081722,
                40.764962123469
              ],
              [
                -73.947675050644,
                40.764986991699
              ]
            ]
          ]
        ]
      }
    },
    {
      "type": "Feature",
      "id": "1084695",
      "properties": {
        "bin": "1084695",
        "bbl": "1013730030",
        "address": "510 MAIN STREET",
        "building_use": "Mixed Residential & Commercial Buildings",
        "pluto_landuse_code": "4",
        "building_class": "D6",
        "pluto_year_built": "1969",
        "pluto_floors": "16.0000000",
        "residential_units": "1003",
        "total_units": "1017",
        "building_area_sqft": "804200",
        "lot_area_sqft": "230012",
        "construction_year": "1969",
        "height_roof": "178",
        "feature_code": "2100",
        "geometry_source": "Other (Manual)",
        "last_status_type": "Constructed",
        "retrieved_on": "2026-09-29",
        "source_footprint": "NYC DoITT BUILDING (Socrata 5zhs-2jue)",
        "source_taxlot": "NYC DCP PLUTO 26v2 (Socrata 64uk-42ks)",
        "source_boundary": "OpenStreetMap relation 2389564 (Roosevelt Island)",
        "source_attributes": {
          "building": {
            "name": null,
            "base_bbl": "1013730030",
            "shape_area": "4621.0234375",
            "construction_year": "1969",
            "ground_elevation": "15",
            "mappluto_bbl": "1013730030",
            "objectid": "1065596",
            "feature_code": "2100",
            "shape_length": "774.52146114199206",
            "height_roof": "178",
            "last_status_type": "Constructed",
            "bin": "1084695",
            "last_edited_date": "2017-08-22T19:05:43.000Z",
            "geom_source": "Other (Manual)",
            "doitt_id": "1253752"
          },
          "pluto": {
            "borough": "MN",
            "block": "1373",
            "lot": "30",
            "cd": "108",
            "ct2010": "238.01",
            "cb2010": "1005",
            "schooldist": "2",
            "council": "5",
            "zipcode": "10044",
            "firecomp": "E260",
            "policeprct": "114",
            "healtharea": "8300",
            "sanitboro": "1",
            "address": "510 MAIN STREET",
            "zonedist1": "R7-2",
            "splitzone": false,
            "bldgclass": "D6",
            "landuse": "4",
            "easements": "0",
            "ownertype": "C",
            "ownername": "ROOSEVELT ISLAND OPERATING CORPORATION",
            "lotarea": "230012",
            "bldgarea": "804200",
            "comarea": "35500",
            "resarea": "768700",
            "officearea": "0",
            "retailarea": "35500",
            "garagearea": "0",
            "strgearea": "0",
            "factryarea": "0",
            "otherarea": "0",
            "areasource": "2",
            "numbldgs": "6",
            "numfloors": "16.0000000",
            "unitsres": "1003",
            "unitstotal": "1017",
            "lotfront": "0.0000000",
            "lotdepth": "0.0000000",
            "bldgfront": "780.0000000",
            "bldgdepth": "250.0000000",
            "ext": "N",
            "proxcode": "0",
            "irrlotcode": true,
            "lottype": "5",
            "bsmtcode": "2",
            "assessland": "18135000.00000",
            "assesstot": "92847150.00000",
            "exempttot": "92847150.00000",
            "yearbuilt": "1969",
            "yearalter1": "0",
            "yearalter2": "0",
            "builtfar": "3.50000000000",
            "residfar": "3.44000000000",
            "commfar": "0.00000000000",
            "facilfar": "6.50000000000",
            "affresfar": "5.01000000000",
            "mnffar": "0.00000000000",
            "borocode": "1",
            "bbl": "1013730030.00000000",
            "tract2010": "23801",
            "xcoord": "998020",
            "ycoord": "216499",
            "latitude": "40.7609054",
            "longitude": "-73.9502937",
            "zonemap": "9a",
            "sanborn": "106E070",
            "taxmap": "10507",
            "appbbl": "1013730001.00000000",
            "appdate": "2007-03-05T00:00:00.000",
            "plutomapid": "1",
            "version": "26v2",
            "sanitdistrict": "8",
            "healthcenterdistrict": "13",
            "firm07_flag": "1",
            "pfirm15_flag": "1",
            "bct2020": "1023803",
            "bctcb2020": "10238031001",
            "transitzone": "Inner Transit Zone"
          }
        }
      },
      "geometry": {
        "type": "MultiPolygon",
        "coordinates": [
          [
            [
              [
                -73.949869934514,
                40.7614303145
              ],
              [
                -73.949844593143,
                40.761417117379
              ],
              [
                -73.949923883932,
                40.761360185036
              ],
              [
                -73.949934979773,
                40.761352217689
              ],
              [
                -73.949920892678,
                40.761340875111
              ],
              [
                -73.949905380545,
                40.761328384669
              ],
              [
                -73.949905785283,
                40.761313029437
              ],
              [
                -73.949908721663,
                40.761310810069
              ],
              [
                -73.949910783541,
                40.761310809165
              ],
              [
                -73.949929871014,
                40.761310800352
              ],
              [
                -73.949959356617,
                40.761334543265
              ],
              [
                -73.95000086881,
                40.76130473747
              ],
              [
                -73.950001923411,
                40.761303979702
              ],
              [
                -73.950002976827,
                40.761303223735
              ],
              [
                -73.950004037353,
                40.761302462368
              ],
              [
                -73.950005075365,
                40.7613017163
              ],
              [
                -73.950012535777,
                40.761296359733
              ],
              [
                -73.950301112735,
                40.76108915505
              ],
              [
                -73.950302550064,
                40.761088123691
              ],
              [
                -73.950303899707,
                40.76108715443
              ],
              [
                -73.950305237501,
                40.761086194168
              ],
              [
                -73.95030658596,
                40.761085225807
              ],
              [
                -73.950307909535,
                40.761084274544
              ],
              [
                -73.95040448062,
                40.761014934059
              ],
              [
                -73.950380784709,
                40.761002772443
              ],
              [
                -73.950274965331,
                40.760948465099
              ],
              [
                -73.950252348675,
                40.760973944125
              ],
              [
                -73.950227599848,
                40.760974615118
              ],
              [
                -73.950223607252,
                40.760959194048
              ],
              [
                -73.950248516278,
                40.76093113337
              ],
              [
                -73.950193991914,
                40.760903150936
              ],
              [
                -73.950117718021,
                40.760864005409
              ],
              [
                -73.950026996611,
                40.760817445111
              ],
              [
                -73.949947511154,
                40.760776651954
              ],
              [
                -73.949941674822,
                40.76077365614
              ],
              [
                -73.949934576057,
                40.760781654042
              ],
              [
                -73.949916603339,
                40.760801900386
              ],
              [
                -73.949900263821,
                40.760804740678
              ],
              [
                -73.949894794479,
                40.760801934127
              ],
              [
                -73.949893210744,
                40.760797647936
              ],
              [
                -73.949889673341,
                40.760788079433
              ],
              [
                -73.949914641709,
                40.760759951314
              ],
              [
                -73.949896030567,
                40.760750399671
              ],
              [
                -73.949891477826,
                40.760755528768
              ],
              [
                -73.949855622892,
                40.760737126659
              ],
              [
                -73.949859932649,
                40.76073226851
              ],
              [
                -73.949825248719,
                40.760714245113
              ],
              [
                -73.949798326008,
                40.760700255747
              ],
              [
                -73.949793754355,
                40.760705330802
              ],
              [
                -73.949757268665,
                40.760686370975
              ],
              [
                -73.949761675565,
                40.760681478652
              ],
              [
                -73.949742325847,
                40.76067142328
              ],
              [
                -73.949711601928,
                40.760705607447
              ],
              [
                -73.949717257086,
                40.760708551865
              ],
              [
                -73.949690703044,
                40.760738031808
              ],
              [
                -73.949685000532,
                40.760735063054
              ],
              [
                -73.949626831176,
                40.760799643458
              ],
              [
                -73.949640668979,
                40.760806849945
              ],
              [
                -73.94966338197,
                40.760818678997
              ],
              [
                -73.949667407388,
                40.76083279707
              ],
              [
                -73.949664602623,
                40.760836391561
              ],
              [
                -73.949644890224,
                40.76083920783
              ],
              [
                -73.949617297475,
                40.760824838117
              ],
              [
                -73.949608339423,
                40.760820173186
              ],
              [
                -73.949416256122,
                40.761033425817
              ],
              [
                -73.94942380306,
                40.761037356232
              ],
              [
                -73.949399743816,
                40.761064067249
              ],
              [
                -73.949392671595,
                40.761060383779
              ],
              [
                -73.949316763592,
                40.761144656575
              ],
              [
                -73.949289969876,
                40.761130702268
              ],
              [
                -73.949344690616,
                40.761069952169
              ],
              [
                -73.949335206929,
                40.761065013232
              ],
              [
                -73.949260151955,
                40.761025927107
              ],
              [
                -73.949280251143,
                40.761003614243
              ],
              [
                -73.949269713859,
                40.76099812733
              ],
              [
                -73.949294024415,
                40.760971137294
              ],
              [
                -73.949304560512,
                40.760976624205
              ],
              [
                -73.949347424556,
                40.760929036968
              ],
              [
                -73.949336889647,
                40.760923550062
              ],
              [
                -73.949362130609,
                40.760895526641
              ],
              [
                -73.949372666699,
                40.760901013545
              ],
              [
                -73.949393532701,
                40.760877847319
              ],
              [
                -73.949382996612,
                40.760872360417
              ],
              [
                -73.949408442591,
                40.760844110149
              ],
              [
                -73.949418978677,
                40.760849597049
              ],
              [
                -73.949461006924,
                40.760802936922
              ],
              [
                -73.949450472026,
                40.760797450027
              ],
              [
                -73.949475635848,
                40.760769512095
              ],
              [
                -73.949485675904,
                40.760774740326
              ],
              [
                -73.949507020685,
                40.760751042991
              ],
              [
                -73.949496980631,
                40.760745814762
              ],
              [
                -73.949522285463,
                40.760717721994
              ],
              [
                -73.94953232433,
                40.760722950221
              ],
              [
                -73.949553963031,
                40.760698926123
              ],
              [
                -73.949569451239,
                40.760681730559
              ],
              [
                -73.949574114174,
                40.760676554697
              ],
              [
                -73.949564074126,
                40.760671326473
              ],
              [
                -73.949586326778,
                40.760646621855
              ],
              [
                -73.949590077038,
                40.760642457761
              ],
              [
                -73.94960016918,
                40.760647702214
              ],
              [
                -73.949630891944,
                40.760613518976
              ],
              [
                -73.949608914167,
                40.760602098167
              ],
              [
                -73.949599386716,
                40.760597147526
              ],
              [
                -73.949594676367,
                40.760602388205
              ],
              [
                -73.949587807796,
                40.7605988192
              ],
              [
                -73.949568462863,
                40.760588767403
              ],
              [
                -73.949567326388,
                40.760588177074
              ],
              [
                -73.949557820252,
                40.760583237245
              ],
              [
                -73.949562352808,
                40.760578194601
              ],
              [
                -73.949532205463,
                40.760562528823
              ],
              [
                -73.949535748302,
                40.760558586163
              ],
              [
                -73.949522099896,
                40.76055158146
              ],
              [
                -73.949524859286,
                40.760548472325
              ],
              [
                -73.949526014958,
                40.760547170701
              ],
              [
                -73.949547343322,
                40.760523142865
              ],
              [
                -73.949553637758,
                40.760526373932
              ],
              [
                -73.94955402132,
                40.76052657041
              ],
              [
                -73.949562527155,
                40.76053093618
              ],
              [
                -73.949591166445,
                40.760498674618
              ],
              [
                -73.949592651629,
                40.760497001229
              ],
              [
                -73.949609938074,
                40.760477527268
              ],
              [
                -73.949615039206,
                40.760480145465
              ],
              [
                -73.949615513923,
                40.760480388809
              ],
              [
                -73.949638646006,
                40.760492260374
              ],
              [
                -73.949640348098,
                40.760490343043
              ],
              [
                -73.949641642447,
                40.760488884791
              ],
              [
                -73.94964488069,
                40.76048523736
              ],
              [
                -73.949667671835,
                40.760496934072
              ],
              [
                -73.949681675395,
                40.760504120815
              ],
              [
                -73.949674616929,
                40.760512070992
              ],
              [
                -73.949688206152,
                40.760519045034
              ],
              [
                -73.949738364008,
                40.760544787149
              ],
              [
                -73.949745421285,
                40.760536836968
              ],
              [
                -73.949781323436,
                40.760555262545
              ],
              [
                -73.949774266161,
                40.760563212728
              ],
              [
                -73.94982981764,
                40.760591723505
              ],
              [
                -73.949837951777,
                40.760595898186
              ],
              [
                -73.949843811897,
                40.760589295534
              ],
              [
                -73.949879263061,
                40.760607489454
              ],
              [
                -73.949873402943,
                40.760614092108
              ],
              [
                -73.949936430443,
                40.760646439535
              ],
              [
                -73.949942291742,
                40.760639836879
              ],
              [
                -73.94994336785,
                40.760640389356
              ],
              [
                -73.949979772059,
                40.760659072634
              ],
              [
                -73.949973910762,
                40.760665675292
              ],
              [
                -73.950036752497,
                40.76069792713
              ],
              [
                -73.950042737061,
                40.760691184943
              ],
              [
                -73.950078950727,
                40.760709770853
              ],
              [
                -73.950072966164,
                40.760716513041
              ],
              [
                -73.950084510977,
                40.760722437963
              ],
              [
                -73.950103232235,
                40.760732046355
              ],
              [
                -73.950109216796,
                40.760725304165
              ],
              [
                -73.950144541435,
                40.760743432212
              ],
              [
                -73.950138555692,
                40.760750174403
              ],
              [
                -73.950188266403,
                40.760775687399
              ],
              [
                -73.950196172104,
                40.76077974489
              ],
              [
                -73.950202271261,
                40.76078287498
              ],
              [
                -73.95020349062,
                40.760783500457
              ],
              [
                -73.950207251561,
                40.760779263406
              ],
              [
                -73.950209558145,
                40.760776665546
              ],
              [
                -73.950210517058,
                40.760777157636
              ],
              [
                -73.95022828062,
                40.760786273919
              ],
              [
                -73.950230355898,
                40.760787338311
              ],
              [
                -73.950245895024,
                40.760795313591
              ],
              [
                -73.950238644577,
                40.76080348074
              ],
              [
                -73.950269899235,
                40.760819521421
              ],
              [
                -73.950277148497,
                40.760811353369
              ],
              [
                -73.950313137363,
                40.760829823842
              ],
              [
                -73.950313737572,
                40.760830132074
              ],
              [
                -73.950306488313,
                40.760838299228
              ],
              [
                -73.9503693943,
                40.760870583329
              ],
              [
                -73.950375605237,
                40.76086358638
              ],
              [
                -73.950411583504,
                40.760882050515
              ],
              [
                -73.950405372569,
                40.760889047466
              ],
              [
                -73.950436750427,
                40.76090515209
              ],
              [
                -73.950442961361,
                40.760898155138
              ],
              [
                -73.950478878105,
                40.760916587707
              ],
              [
                -73.950472667174,
                40.760923584662
              ],
              [
                -73.950504693815,
                40.760940020932
              ],
              [
                -73.950510904744,
                40.760933023976
              ],
              [
                -73.950512862829,
                40.76093402888
              ],
              [
                -73.950546996735,
                40.76095154755
              ],
              [
                -73.950530245008,
                40.760970419443
              ],
              [
                -73.950538614821,
                40.760974714842
              ],
              [
                -73.950561145843,
                40.760986278891
              ],
              [
                -73.950566564755,
                40.761001244905
              ],
              [
                -73.950563277817,
                40.761005113865
              ],
              [
                -73.950542532017,
                40.761007249063
              ],
              [
                -73.950520661578,
                40.760996024785
              ],
              [
                -73.950509509157,
                40.761008588341
              ],
              [
                -73.950526566064,
                40.76101734227
              ],
              [
                -73.95049916445,
                40.761048211513
              ],
              [
                -73.950473471355,
                40.761035025184
              ],
              [
                -73.950464131234,
                40.76104554717
              ],
              [
                -73.950445321786,
                40.761066737866
              ],
              [
                -73.950465008331,
                40.761082808637
              ],
              [
                -73.950483997754,
                40.761098309985
              ],
              [
                -73.950455772593,
                40.761118575419
              ],
              [
                -73.950464234108,
                40.761125388675
              ],
              [
                -73.950431390046,
                40.761148970477
              ],
              [
                -73.950422929715,
                40.761142158119
              ],
              [
                -73.950396558943,
                40.76116109339
              ],
              [
                -73.950405483242,
                40.761168279659
              ],
              [
                -73.950373470964,
                40.761191265668
              ],
              [
                -73.950364546666,
                40.761184078496
              ],
              [
                -73.950337059648,
                40.761203814722
              ],
              [
                -73.950345666744,
                40.761210745115
              ],
              [
                -73.950312913838,
                40.761234262986
              ],
              [
                -73.950304310293,
                40.761227336194
              ],
              [
                -73.950277176352,
                40.761246818615
              ],
              [
                -73.95028568876,
                40.761253672428
              ],
              [
                -73.950253194128,
                40.76127700489
              ],
              [
                -73.950244681721,
                40.761270151074
              ],
              [
                -73.950217513381,
                40.76128965868
              ],
              [
                -73.950226024604,
                40.761296512498
              ],
              [
                -73.950193650795,
                40.761319758546
              ],
              [
                -73.950185138388,
                40.761312904726
              ],
              [
                -73.950158000823,
                40.761332389818
              ],
              [
                -73.950166224431,
                40.761339012086
              ],
              [
                -73.95013686745,
                40.761360090107
              ],
              [
                -73.950129017856,
                40.761353769668
              ],
              [
                -73.950072243594,
                40.761394533444
              ],
              [
                -73.950080883827,
                40.761401490886
              ],
              [
                -73.950047328525,
                40.761425583756
              ],
              [
                -73.950038810202,
                40.761418725419
              ],
              [
                -73.950012400108,
                40.7614376885
              ],
              [
                -73.95002091843,
                40.761444547739
              ],
              [
                -73.949989035047,
                40.761467440044
              ],
              [
                -73.949980516725,
                40.761460580803
              ],
              [
                -73.949952271112,
                40.761480861412
              ],
              [
                -73.949929206436,
                40.761462289285
              ],
              [
                -73.949913757004,
                40.7614498493
              ],
              [
                -73.949878158116,
                40.761421185158
              ],
              [
                -73.949869934514,
                40.7614303145
              ]
            ]
          ]
        ]
      }
    },
    {
      "type": "Feature",
      "id": "1084696",
      "properties": {
        "bin": "1084696",
        "bbl": "1013730001",
        "address": "MAIN STREET",
        "building_use": "Multi-Family Elevator Buildings",
        "pluto_landuse_code": "3",
        "building_class": "D4",
        "pluto_year_built": "1975",
        "pluto_floors": "18.0000000",
        "residential_units": "8018",
        "total_units": "8088",
        "building_area_sqft": "4786701",
        "lot_area_sqft": "4227757",
        "construction_year": "1969",
        "height_roof": "49",
        "feature_code": "2100",
        "geometry_source": "Other (Manual)",
        "last_status_type": "Constructed",
        "retrieved_on": "2026-09-29",
        "source_footprint": "NYC DoITT BUILDING (Socrata 5zhs-2jue)",
        "source_taxlot": "NYC DCP PLUTO 26v2 (Socrata 64uk-42ks)",
        "source_boundary": "OpenStreetMap relation 2389564 (Roosevelt Island)",
        "source_attributes": {
          "building": {
            "name": null,
            "base_bbl": "1013730001",
            "shape_area": "1321.18359375",
            "construction_year": "1969",
            "ground_elevation": "16",
            "mappluto_bbl": "1013730001",
            "objectid": "63238",
            "feature_code": "2100",
            "shape_length": "205.47130406847234",
            "height_roof": "49",
            "last_status_type": "Constructed",
            "bin": "1084696",
            "last_edited_date": "2018-12-07T18:34:26.000Z",
            "geom_source": "Other (Manual)",
            "doitt_id": "1257210"
          },
          "pluto": {
            "borough": "MN",
            "block": "1373",
            "lot": "1",
            "cd": "108",
            "ct2010": "238.01",
            "cb2010": "1015",
            "schooldist": "2",
            "council": "5",
            "zipcode": "10044",
            "firecomp": "E260",
            "policeprct": "114",
            "healtharea": "8300",
            "sanitboro": "1",
            "address": "MAIN STREET",
            "zonedist1": "R7-2",
            "splitzone": false,
            "bldgclass": "D4",
            "landuse": "3",
            "easements": "1",
            "ownertype": "C",
            "ownername": "RIVERWALK 8 AFFORDABLE, L.P.",
            "lotarea": "4227757",
            "bldgarea": "4786701",
            "comarea": "1046956",
            "resarea": "3739745",
            "officearea": "7496",
            "retailarea": "537154",
            "garagearea": "406500",
            "strgearea": "0",
            "factryarea": "0",
            "otherarea": "95806",
            "areasource": "2",
            "numbldgs": "38",
            "numfloors": "18.0000000",
            "unitsres": "8018",
            "unitstotal": "8088",
            "lotfront": "200.0000000",
            "lotdepth": "102.5000000",
            "bldgfront": "0.0000000",
            "bldgdepth": "0.0000000",
            "ext": "N",
            "proxcode": "0",
            "irrlotcode": true,
            "lottype": "7",
            "bsmtcode": "0",
            "assessland": "134391150.00000",
            "assesstot": "592936650.00000",
            "exempttot": "592936650.00000",
            "yearbuilt": "1975",
            "yearalter1": "0",
            "yearalter2": "0",
            "landmark": "INDIVIDUAL LANDMARK",
            "builtfar": "1.13000000000",
            "residfar": "3.44000000000",
            "commfar": "0.00000000000",
            "facilfar": "6.50000000000",
            "affresfar": "5.01000000000",
            "mnffar": "0.00000000000",
            "borocode": "1",
            "bbl": "1013730001.00000000",
            "tract2010": "23801",
            "xcoord": "996792",
            "ycoord": "215349",
            "latitude": "40.7577508",
            "longitude": "-73.9547287",
            "zonemap": "9a",
            "zmcode": true,
            "sanborn": "106E070",
            "taxmap": "10507",
            "appbbl": "1013730001.00000000",
            "appdate": "2023-12-06T00:00:00.000",
            "plutomapid": "1",
            "version": "26v2",
            "sanitdistrict": "8",
            "healthcenterdistrict": "13",
            "firm07_flag": "1",
            "pfirm15_flag": "1",
            "bct2020": "1023804",
            "bctcb2020": "10238041000",
            "transitzone": "Inner Transit Zone"
          }
        }
      },
      "geometry": {
        "type": "MultiPolygon",
        "coordinates": [
          [
            [
              [
                -73.94903400967,
                40.761491752988
              ],
              [
                -73.949048617506,
                40.761475535955
              ],
              [
                -73.949115505556,
                40.761510369126
              ],
              [
                -73.94912637608,
                40.761498300859
              ],
              [
                -73.94915521833,
                40.761466280835
              ],
              [
                -73.949168779501,
                40.761451224075
              ],
              [
                -73.949170959291,
                40.76144880448
              ],
              [
                -73.949205216031,
                40.761466645081
              ],
              [
                -73.949212316054,
                40.76145876159
              ],
              [
                -73.949250222588,
                40.76147850205
              ],
              [
                -73.949243122568,
                40.761486384643
              ],
              [
                -73.949312439973,
                40.761522483079
              ],
              [
                -73.949319539988,
                40.761514600482
              ],
              [
                -73.949355027997,
                40.761533081839
              ],
              [
                -73.949347927984,
                40.761540964438
              ],
              [
                -73.949421903924,
                40.761579488114
              ],
              [
                -73.949429003933,
                40.76157160551
              ],
              [
                -73.949434217578,
                40.761574320119
              ],
              [
                -73.949463869302,
                40.761589761478
              ],
              [
                -73.94945676811,
                40.761597644984
              ],
              [
                -73.949475485866,
                40.761607392153
              ],
              [
                -73.949491964976,
                40.761615973985
              ],
              [
                -73.949460027976,
                40.761651430862
              ],
              [
                -73.94953845276,
                40.76168320533
              ],
              [
                -73.949474480379,
                40.761805685562
              ],
              [
                -73.949450236019,
                40.76179820524
              ],
              [
                -73.949457474144,
                40.761784695442
              ],
              [
                -73.949415226211,
                40.761762693778
              ],
              [
                -73.949405427221,
                40.761773571175
              ],
              [
                -73.949368392968,
                40.761754285004
              ],
              [
                -73.949361612968,
                40.761761812045
              ],
              [
                -73.949325010837,
                40.761742750276
              ],
              [
                -73.949331790839,
                40.761735223237
              ],
              [
                -73.949326345153,
                40.761732386953
              ],
              [
                -73.949309423276,
                40.761723575274
              ],
              [
                -73.949294068814,
                40.761715579239
              ],
              [
                -73.949269974036,
                40.761703031805
              ],
              [
                -73.949263293606,
                40.761699552915
              ],
              [
                -73.9492565136,
                40.76170707995
              ],
              [
                -73.949219119538,
                40.761687606267
              ],
              [
                -73.949225899546,
                40.761680079235
              ],
              [
                -73.9492156084,
                40.761674720297
              ],
              [
                -73.949157250893,
                40.76164433314
              ],
              [
                -73.949154771931,
                40.761643038021
              ],
              [
                -73.949154683032,
                40.761643137037
              ],
              [
                -73.949147991918,
                40.761650565049
              ],
              [
                -73.949110502029,
                40.761631041761
              ],
              [
                -73.949114265411,
                40.761626864181
              ],
              [
                -73.949117282044,
                40.761623514735
              ],
              [
                -73.949084769043,
                40.761606582588
              ],
              [
                -73.949081866266,
                40.761605071158
              ],
              [
                -73.949081906567,
                40.761605027051
              ],
              [
                -73.949083826782,
                40.761602894604
              ],
              [
                -73.949098030438,
                40.761587125838
              ],
              [
                -73.94910238055,
                40.761582296552
              ],
              [
                -73.949068209014,
                40.761564501884
              ],
              [
                -73.94906450062,
                40.761550977364
              ],
              [
                -73.949067454596,
                40.761547480209
              ],
              [
                -73.949085899867,
                40.761544860689
              ],
              [
                -73.949104687399,
                40.76155464487
              ],
              [
                -73.949108744736,
                40.761550140536
              ],
              [
                -73.949120680867,
                40.761536888576
              ],
              [
                -73.949110567327,
                40.76153162156
              ],
              [
                -73.949042053848,
                40.761495942093
              ],
              [
                -73.94903400967,
                40.761491752988
              ]
            ]
          ]
        ]
      }
    },
    {
      "type": "Feature",
      "id": "1084698",
      "properties": {
        "bin": "1084698",
        "bbl": "1013730001",
        "address": "MAIN STREET",
        "building_use": "Multi-Family Elevator Buildings",
        "pluto_landuse_code": "3",
        "building_class": "D4",
        "pluto_year_built": "1975",
        "pluto_floors": "18.0000000",
        "residential_units": "8018",
        "total_units": "8088",
        "building_area_sqft": "4786701",
        "lot_area_sqft": "4227757",
        "construction_year": "1969",
        "height_roof": "43",
        "feature_code": "2100",
        "geometry_source": "Other (Manual)",
        "last_status_type": "Constructed",
        "retrieved_on": "2026-09-29",
        "source_footprint": "NYC DoITT BUILDING (Socrata 5zhs-2jue)",
        "source_taxlot": "NYC DCP PLUTO 26v2 (Socrata 64uk-42ks)",
        "source_boundary": "OpenStreetMap relation 2389564 (Roosevelt Island)",
        "source_attributes": {
          "building": {
            "name": null,
            "base_bbl": "1013730001",
            "shape_area": "1682.9609375",
            "construction_year": "1969",
            "ground_elevation": "19",
            "mappluto_bbl": "1013730001",
            "objectid": "1060192",
            "feature_code": "2100",
            "shape_length": "206.25786725824818",
            "height_roof": "43",
            "last_status_type": "Constructed",
            "bin": "1084698",
            "last_edited_date": "2018-12-07T18:34:06.000Z",
            "geom_source": "Other (Manual)",
            "doitt_id": "783861"
          },
          "pluto": {
            "borough": "MN",
            "block": "1373",
            "lot": "1",
            "cd": "108",
            "ct2010": "238.01",
            "cb2010": "1015",
            "schooldist": "2",
            "council": "5",
            "zipcode": "10044",
            "firecomp": "E260",
            "policeprct": "114",
            "healtharea": "8300",
            "sanitboro": "1",
            "address": "MAIN STREET",
            "zonedist1": "R7-2",
            "splitzone": false,
            "bldgclass": "D4",
            "landuse": "3",
            "easements": "1",
            "ownertype": "C",
            "ownername": "RIVERWALK 8 AFFORDABLE, L.P.",
            "lotarea": "4227757",
            "bldgarea": "4786701",
            "comarea": "1046956",
            "resarea": "3739745",
            "officearea": "7496",
            "retailarea": "537154",
            "garagearea": "406500",
            "strgearea": "0",
            "factryarea": "0",
            "otherarea": "95806",
            "areasource": "2",
            "numbldgs": "38",
            "numfloors": "18.0000000",
            "unitsres": "8018",
            "unitstotal": "8088",
            "lotfront": "200.0000000",
            "lotdepth": "102.5000000",
            "bldgfront": "0.0000000",
            "bldgdepth": "0.0000000",
            "ext": "N",
            "proxcode": "0",
            "irrlotcode": true,
            "lottype": "7",
            "bsmtcode": "0",
            "assessland": "134391150.00000",
            "assesstot": "592936650.00000",
            "exempttot": "592936650.00000",
            "yearbuilt": "1975",
            "yearalter1": "0",
            "yearalter2": "0",
            "landmark": "INDIVIDUAL LANDMARK",
            "builtfar": "1.13000000000",
            "residfar": "3.44000000000",
            "commfar": "0.00000000000",
            "facilfar": "6.50000000000",
            "affresfar": "5.01000000000",
            "mnffar": "0.00000000000",
            "borocode": "1",
            "bbl": "1013730001.00000000",
            "tract2010": "23801",
            "xcoord": "996792",
            "ycoord": "215349",
            "latitude": "40.7577508",
            "longitude": "-73.9547287",
            "zonemap": "9a",
            "zmcode": true,
            "sanborn": "106E070",
            "taxmap": "10507",
            "appbbl": "1013730001.00000000",
            "appdate": "2023-12-06T00:00:00.000",
            "plutomapid": "1",
            "version": "26v2",
            "sanitdistrict": "8",
            "healthcenterdistrict": "13",
            "firm07_flag": "1",
            "pfirm15_flag": "1",
            "bct2020": "1023804",
            "bctcb2020": "10238041000",
            "transitzone": "Inner Transit Zone"
          }
        }
      },
      "geometry": {
        "type": "MultiPolygon",
        "coordinates": [
          [
            [
              [
                -73.949221370528,
                40.762450895769
              ],
              [
                -73.949161840196,
                40.762562819355
              ],
              [
                -73.949064535946,
                40.762513009988
              ],
              [
                -73.94904312849,
                40.762537187176
              ],
              [
                -73.949024365424,
                40.762527582198
              ],
              [
                -73.949016838415,
                40.76252372921
              ],
              [
                -73.949037150611,
                40.762500788835
              ],
              [
                -73.948980938411,
                40.762472014445
              ],
              [
                -73.948924853406,
                40.762535357208
              ],
              [
                -73.948855727916,
                40.762544362206
              ],
              [
                -73.948842141926,
                40.762491121941
              ],
              [
                -73.948871776985,
                40.762457652532
              ],
              [
                -73.948835717755,
                40.762439194188
              ],
              [
                -73.948817185912,
                40.762460124492
              ],
              [
                -73.948772166056,
                40.762437078578
              ],
              [
                -73.948762649003,
                40.762432207119
              ],
              [
                -73.948731810281,
                40.762298405419
              ],
              [
                -73.948827442565,
                40.762194477464
              ],
              [
                -73.948867444176,
                40.762188374494
              ],
              [
                -73.948969040475,
                40.762240381362
              ],
              [
                -73.949117579387,
                40.762316417236
              ],
              [
                -73.949068015249,
                40.76237239412
              ],
              [
                -73.949107797756,
                40.762392758603
              ],
              [
                -73.949221370528,
                40.762450895769
              ]
            ]
          ]
        ]
      }
    },
    {
      "type": "Feature",
      "id": "1084699",
      "properties": {
        "bin": "1084699",
        "bbl": "1013730030",
        "address": "510 MAIN STREET",
        "building_use": "Mixed Residential & Commercial Buildings",
        "pluto_landuse_code": "4",
        "building_class": "D6",
        "pluto_year_built": "1969",
        "pluto_floors": "16.0000000",
        "residential_units": "1003",
        "total_units": "1017",
        "building_area_sqft": "804200",
        "lot_area_sqft": "230012",
        "construction_year": "1969",
        "height_roof": "105",
        "feature_code": "2100",
        "geometry_source": "Other (Manual)",
        "last_status_type": "Constructed",
        "retrieved_on": "2026-09-29",
        "source_footprint": "NYC DoITT BUILDING (Socrata 5zhs-2jue)",
        "source_taxlot": "NYC DCP PLUTO 26v2 (Socrata 64uk-42ks)",
        "source_boundary": "OpenStreetMap relation 2389564 (Roosevelt Island)",
        "source_attributes": {
          "building": {
            "name": null,
            "base_bbl": "1013730030",
            "shape_area": "3211.61328125",
            "construction_year": "1969",
            "ground_elevation": "19",
            "mappluto_bbl": "1013730030",
            "objectid": "1059960",
            "feature_code": "2100",
            "shape_length": "531.68162801593769",
            "height_roof": "105",
            "last_status_type": "Constructed",
            "bin": "1084699",
            "last_edited_date": "2017-08-22T18:08:35.000Z",
            "geom_source": "Other (Manual)",
            "doitt_id": "1257211"
          },
          "pluto": {
            "borough": "MN",
            "block": "1373",
            "lot": "30",
            "cd": "108",
            "ct2010": "238.01",
            "cb2010": "1005",
            "schooldist": "2",
            "council": "5",
            "zipcode": "10044",
            "firecomp": "E260",
            "policeprct": "114",
            "healtharea": "8300",
            "sanitboro": "1",
            "address": "510 MAIN STREET",
            "zonedist1": "R7-2",
            "splitzone": false,
            "bldgclass": "D6",
            "landuse": "4",
            "easements": "0",
            "ownertype": "C",
            "ownername": "ROOSEVELT ISLAND OPERATING CORPORATION",
            "lotarea": "230012",
            "bldgarea": "804200",
            "comarea": "35500",
            "resarea": "768700",
            "officearea": "0",
            "retailarea": "35500",
            "garagearea": "0",
            "strgearea": "0",
            "factryarea": "0",
            "otherarea": "0",
            "areasource": "2",
            "numbldgs": "6",
            "numfloors": "16.0000000",
            "unitsres": "1003",
            "unitstotal": "1017",
            "lotfront": "0.0000000",
            "lotdepth": "0.0000000",
            "bldgfront": "780.0000000",
            "bldgdepth": "250.0000000",
            "ext": "N",
            "proxcode": "0",
            "irrlotcode": true,
            "lottype": "5",
            "bsmtcode": "2",
            "assessland": "18135000.00000",
            "assesstot": "92847150.00000",
            "exempttot": "92847150.00000",
            "yearbuilt": "1969",
            "yearalter1": "0",
            "yearalter2": "0",
            "builtfar": "3.50000000000",
            "residfar": "3.44000000000",
            "commfar": "0.00000000000",
            "facilfar": "6.50000000000",
            "affresfar": "5.01000000000",
            "mnffar": "0.00000000000",
            "borocode": "1",
            "bbl": "1013730030.00000000",
            "tract2010": "23801",
            "xcoord": "998020",
            "ycoord": "216499",
            "latitude": "40.7609054",
            "longitude": "-73.9502937",
            "zonemap": "9a",
            "sanborn": "106E070",
            "taxmap": "10507",
            "appbbl": "1013730001.00000000",
            "appdate": "2007-03-05T00:00:00.000",
            "plutomapid": "1",
            "version": "26v2",
            "sanitdistrict": "8",
            "healthcenterdistrict": "13",
            "firm07_flag": "1",
            "pfirm15_flag": "1",
            "bct2020": "1023803",
            "bctcb2020": "10238031001",
            "transitzone": "Inner Transit Zone"
          }
        }
      },
      "geometry": {
        "type": "MultiPolygon",
        "coordinates": [
          [
            [
              [
                -73.948751937414,
                40.761764859021
              ],
              [
                -73.948666736498,
                40.761720488341
              ],
              [
                -73.948667543706,
                40.761719592698
              ],
              [
                -73.948686417675,
                40.761698637355
              ],
              [
                -73.948676455677,
                40.761693448712
              ],
              [
                -73.948701888044,
                40.761665215706
              ],
              [
                -73.948711311394,
                40.76167012315
              ],
              [
                -73.948753165227,
                40.761623657718
              ],
              [
                -73.948743741881,
                40.761618750278
              ],
              [
                -73.948769310504,
                40.761590364232
              ],
              [
                -73.948778733849,
                40.76159527167
              ],
              [
                -73.948798761065,
                40.761573038104
              ],
              [
                -73.948789337723,
                40.761568130667
              ],
              [
                -73.948814425066,
                40.761540280198
              ],
              [
                -73.948823848406,
                40.761545187633
              ],
              [
                -73.948866273407,
                40.761498087557
              ],
              [
                -73.948854751129,
                40.761492085981
              ],
              [
                -73.948881103153,
                40.761462829469
              ],
              [
                -73.948892289219,
                40.761468655295
              ],
              [
                -73.948912714627,
                40.761445979738
              ],
              [
                -73.94890174994,
                40.761440268376
              ],
              [
                -73.948927669281,
                40.761411493432
              ],
              [
                -73.948930957976,
                40.761413206749
              ],
              [
                -73.948939172611,
                40.761417484186
              ],
              [
                -73.948980616007,
                40.761371474143
              ],
              [
                -73.948969472567,
                40.761365670858
              ],
              [
                -73.948995319547,
                40.76133697511
              ],
              [
                -73.94900645233,
                40.761342772986
              ],
              [
                -73.94902712539,
                40.761319821963
              ],
              [
                -73.949015992609,
                40.761314024089
              ],
              [
                -73.949040864036,
                40.761286412108
              ],
              [
                -73.949051996814,
                40.761292209979
              ],
              [
                -73.949074726359,
                40.761266976176
              ],
              [
                -73.949091775877,
                40.761248048797
              ],
              [
                -73.949093199436,
                40.761246468139
              ],
              [
                -73.949082066661,
                40.761240670272
              ],
              [
                -73.949100404602,
                40.761220312558
              ],
              [
                -73.949107819903,
                40.761212079816
              ],
              [
                -73.949119563533,
                40.761218195829
              ],
              [
                -73.949152580323,
                40.761181540048
              ],
              [
                -73.949108032686,
                40.761158340483
              ],
              [
                -73.949098148868,
                40.761153193334
              ],
              [
                -73.949092182021,
                40.761159817513
              ],
              [
                -73.949084803193,
                40.7611559754
              ],
              [
                -73.949083222777,
                40.76115515164
              ],
              [
                -73.949065498442,
                40.761145921735
              ],
              [
                -73.949056451598,
                40.761141210796
              ],
              [
                -73.949062419631,
                40.76113458662
              ],
              [
                -73.949040693953,
                40.761123272975
              ],
              [
                -73.949031386671,
                40.761118425943
              ],
              [
                -73.949030790021,
                40.761118115005
              ],
              [
                -73.94903471221,
                40.761113760998
              ],
              [
                -73.949030291786,
                40.761111458253
              ],
              [
                -73.949027333392,
                40.761109917981
              ],
              [
                -73.949025783756,
                40.761109111343
              ],
              [
                -73.94902099516,
                40.761106617528
              ],
              [
                -73.949045724269,
                40.761079164871
              ],
              [
                -73.949049118312,
                40.761080932262
              ],
              [
                -73.949050966271,
                40.761081894818
              ],
              [
                -73.949054020555,
                40.76108348556
              ],
              [
                -73.949058488332,
                40.761085812639
              ],
              [
                -73.949064404207,
                40.761079245171
              ],
              [
                -73.949104950029,
                40.761034231544
              ],
              [
                -73.949112913656,
                40.761038379185
              ],
              [
                -73.949136067018,
                40.761050437264
              ],
              [
                -73.949142960761,
                40.761042783314
              ],
              [
                -73.949150963458,
                40.761046950781
              ],
              [
                -73.949166120049,
                40.761054844091
              ],
              [
                -73.949181010281,
                40.761062598604
              ],
              [
                -73.949182137289,
                40.761063185329
              ],
              [
                -73.949175170061,
                40.761070918493
              ],
              [
                -73.949235733736,
                40.761102457462
              ],
              [
                -73.949242699776,
                40.761094724294
              ],
              [
                -73.949272360712,
                40.76111017111
              ],
              [
                -73.94928068898,
                40.761114508006
              ],
              [
                -73.949273722943,
                40.761122241176
              ],
              [
                -73.949289969876,
                40.761130702268
              ],
              [
                -73.949316763592,
                40.761144656575
              ],
              [
                -73.949335227859,
                40.761154271282
              ],
              [
                -73.949342846995,
                40.761145813488
              ],
              [
                -73.949379112594,
                40.761164699507
              ],
              [
                -73.949372402588,
                40.761172149137
              ],
              [
                -73.949382745758,
                40.761177535999
              ],
              [
                -73.949433505094,
                40.761203969195
              ],
              [
                -73.949440215096,
                40.761196519562
              ],
              [
                -73.949477244326,
                40.761215803008
              ],
              [
                -73.949470534326,
                40.761223252643
              ],
              [
                -73.949482338367,
                40.761229400163
              ],
              [
                -73.949533992763,
                40.761256300168
              ],
              [
                -73.949541290669,
                40.761248197921
              ],
              [
                -73.949561806589,
                40.761258881489
              ],
              [
                -73.949576219826,
                40.761266387202
              ],
              [
                -73.949568846064,
                40.761274572265
              ],
              [
                -73.949600571772,
                40.761291094202
              ],
              [
                -73.949607945532,
                40.761282909137
              ],
              [
                -73.949645015108,
                40.761302214158
              ],
              [
                -73.949638288524,
                40.761309681806
              ],
              [
                -73.949655286104,
                40.761318533993
              ],
              [
                -73.949761856704,
                40.761374030898
              ],
              [
                -73.949844593143,
                40.761417117379
              ],
              [
                -73.949869934514,
                40.7614303145
              ],
              [
                -73.949833984376,
                40.761470228135
              ],
              [
                -73.949862645267,
                40.761485153871
              ],
              [
                -73.949832409435,
                40.761518721433
              ],
              [
                -73.949807343874,
                40.761505668505
              ],
              [
                -73.949797144353,
                40.761516992411
              ],
              [
                -73.949753871267,
                40.761494457325
              ],
              [
                -73.949743671263,
                40.761489145301
              ],
              [
                -73.949720772446,
                40.76151450343
              ],
              [
                -73.949701999795,
                40.761517843313
              ],
              [
                -73.9496965502,
                40.761515480711
              ],
              [
                -73.949692265883,
                40.761500684447
              ],
              [
                -73.949715820146,
                40.761474641325
              ],
              [
                -73.949608160465,
                40.761418345154
              ],
              [
                -73.949586240709,
                40.761442580756
              ],
              [
                -73.949584908431,
                40.7614440543
              ],
              [
                -73.949565493304,
                40.761448177318
              ],
              [
                -73.949560586383,
                40.761445485362
              ],
              [
                -73.949556598857,
                40.761431355596
              ],
              [
                -73.949568435311,
                40.761418215209
              ],
              [
                -73.949580766032,
                40.761404525729
              ],
              [
                -73.949564543855,
                40.761396078197
              ],
              [
                -73.94946365463,
                40.761343538159
              ],
              [
                -73.949396695535,
                40.761308668237
              ],
              [
                -73.949391532341,
                40.761314400383
              ],
              [
                -73.949354172792,
                40.761294944769
              ],
              [
                -73.949359335987,
                40.761289212624
              ],
              [
                -73.94934774267,
                40.761283175045
              ],
              [
                -73.949296370081,
                40.761256420962
              ],
              [
                -73.949291205698,
                40.761262154005
              ],
              [
                -73.94925690879,
                40.761244292699
              ],
              [
                -73.949229702409,
                40.761274498954
              ],
              [
                -73.949236516569,
                40.761278047244
              ],
              [
                -73.949220857452,
                40.761295431793
              ],
              [
                -73.949210976712,
                40.761306400989
              ],
              [
                -73.949204162551,
                40.761302852698
              ],
              [
                -73.94917394662,
                40.761336397584
              ],
              [
                -73.949048617506,
                40.761475535955
              ],
              [
                -73.94903400967,
                40.761491752988
              ],
              [
                -73.948822318511,
                40.761726769239
              ],
              [
                -73.948831474331,
                40.761731537876
              ],
              [
                -73.948805564392,
                40.761760190333
              ],
              [
                -73.948797723829,
                40.761756091353
              ],
              [
                -73.948719407139,
                40.761842696785
              ],
              [
                -73.948693856339,
                40.761829339028
              ],
              [
                -73.948751937414,
                40.761764859021
              ]
            ]
          ]
        ]
      }
    },
    {
      "type": "Feature",
      "id": "1084702",
      "properties": {
        "bin": "1084702",
        "bbl": "1013730030",
        "address": "510 MAIN STREET",
        "building_use": "Mixed Residential & Commercial Buildings",
        "pluto_landuse_code": "4",
        "building_class": "D6",
        "pluto_year_built": "1969",
        "pluto_floors": "16.0000000",
        "residential_units": "1003",
        "total_units": "1017",
        "building_area_sqft": "804200",
        "lot_area_sqft": "230012",
        "construction_year": "1969",
        "height_roof": "178",
        "feature_code": "2100",
        "geometry_source": "Other (Manual)",
        "last_status_type": "Constructed",
        "retrieved_on": "2026-09-29",
        "source_footprint": "NYC DoITT BUILDING (Socrata 5zhs-2jue)",
        "source_taxlot": "NYC DCP PLUTO 26v2 (Socrata 64uk-42ks)",
        "source_boundary": "OpenStreetMap relation 2389564 (Roosevelt Island)",
        "source_attributes": {
          "building": {
            "name": null,
            "base_bbl": "1013730030",
            "shape_area": "3088.2890625",
            "construction_year": "1969",
            "ground_elevation": "14",
            "mappluto_bbl": "1013730030",
            "objectid": "64035",
            "feature_code": "2100",
            "shape_length": "528.74740259889927",
            "height_roof": "178",
            "last_status_type": "Constructed",
            "bin": "1084702",
            "last_edited_date": "2017-08-22T17:50:46.000Z",
            "geom_source": "Other (Manual)",
            "doitt_id": "1257206"
          },
          "pluto": {
            "borough": "MN",
            "block": "1373",
            "lot": "30",
            "cd": "108",
            "ct2010": "238.01",
            "cb2010": "1005",
            "schooldist": "2",
            "council": "5",
            "zipcode": "10044",
            "firecomp": "E260",
            "policeprct": "114",
            "healtharea": "8300",
            "sanitboro": "1",
            "address": "510 MAIN STREET",
            "zonedist1": "R7-2",
            "splitzone": false,
            "bldgclass": "D6",
            "landuse": "4",
            "easements": "0",
            "ownertype": "C",
            "ownername": "ROOSEVELT ISLAND OPERATING CORPORATION",
            "lotarea": "230012",
            "bldgarea": "804200",
            "comarea": "35500",
            "resarea": "768700",
            "officearea": "0",
            "retailarea": "35500",
            "garagearea": "0",
            "strgearea": "0",
            "factryarea": "0",
            "otherarea": "0",
            "areasource": "2",
            "numbldgs": "6",
            "numfloors": "16.0000000",
            "unitsres": "1003",
            "unitstotal": "1017",
            "lotfront": "0.0000000",
            "lotdepth": "0.0000000",
            "bldgfront": "780.0000000",
            "bldgdepth": "250.0000000",
            "ext": "N",
            "proxcode": "0",
            "irrlotcode": true,
            "lottype": "5",
            "bsmtcode": "2",
            "assessland": "18135000.00000",
            "assesstot": "92847150.00000",
            "exempttot": "92847150.00000",
            "yearbuilt": "1969",
            "yearalter1": "0",
            "yearalter2": "0",
            "builtfar": "3.50000000000",
            "residfar": "3.44000000000",
            "commfar": "0.00000000000",
            "facilfar": "6.50000000000",
            "affresfar": "5.01000000000",
            "mnffar": "0.00000000000",
            "borocode": "1",
            "bbl": "1013730030.00000000",
            "tract2010": "23801",
            "xcoord": "998020",
            "ycoord": "216499",
            "latitude": "40.7609054",
            "longitude": "-73.9502937",
            "zonemap": "9a",
            "sanborn": "106E070",
            "taxmap": "10507",
            "appbbl": "1013730001.00000000",
            "appdate": "2007-03-05T00:00:00.000",
            "plutomapid": "1",
            "version": "26v2",
            "sanitdistrict": "8",
            "healthcenterdistrict": "13",
            "firm07_flag": "1",
            "pfirm15_flag": "1",
            "bct2020": "1023803",
            "bctcb2020": "10238031001",
            "transitzone": "Inner Transit Zone"
          }
        }
      },
      "geometry": {
        "type": "MultiPolygon",
        "coordinates": [
          [
            [
              [
                -73.94825454587,
                40.762351281307
              ],
              [
                -73.948306872917,
                40.762291739113
              ],
              [
                -73.948305837043,
                40.762291212753
              ],
              [
                -73.948225270887,
                40.762250279255
              ],
              [
                -73.948247015334,
                40.762225536852
              ],
              [
                -73.948236495597,
                40.762220191232
              ],
              [
                -73.948261230718,
                40.762192046262
              ],
              [
                -73.948271750453,
                40.762197390979
              ],
              [
                -73.948312774883,
                40.762150709217
              ],
              [
                -73.948302255152,
                40.762145364504
              ],
              [
                -73.948327748853,
                40.762116354475
              ],
              [
                -73.948338269765,
                40.762121700086
              ],
              [
                -73.948358053534,
                40.762099187333
              ],
              [
                -73.948347533808,
                40.762093842624
              ],
              [
                -73.948373067771,
                40.762064787578
              ],
              [
                -73.948383587495,
                40.762070132284
              ],
              [
                -73.94840426144,
                40.762046608654
              ],
              [
                -73.948393741719,
                40.762041263049
              ],
              [
                -73.948418775419,
                40.762012776887
              ],
              [
                -73.948429295138,
                40.76201812249
              ],
              [
                -73.948449128629,
                40.761995553912
              ],
              [
                -73.948438608913,
                40.761990208311
              ],
              [
                -73.948464432025,
                40.761960824689
              ],
              [
                -73.948475794647,
                40.7619665921
              ],
              [
                -73.948476258112,
                40.761966079921
              ],
              [
                -73.948493568695,
                40.761946936627
              ],
              [
                -73.948496079227,
                40.761944159692
              ],
              [
                -73.948486686649,
                40.761939248642
              ],
              [
                -73.948504702493,
                40.761919326725
              ],
              [
                -73.948512986768,
                40.76191016509
              ],
              [
                -73.948521272455,
                40.761914497519
              ],
              [
                -73.948552383799,
                40.761880094125
              ],
              [
                -73.948512651825,
                40.761859321542
              ],
              [
                -73.948503530357,
                40.761854551994
              ],
              [
                -73.948501894293,
                40.761853696684
              ],
              [
                -73.948497019033,
                40.761859087628
              ],
              [
                -73.94849262818,
                40.761856792079
              ],
              [
                -73.948470617094,
                40.761845283691
              ],
              [
                -73.948460885954,
                40.761840195989
              ],
              [
                -73.94846576003,
                40.761834805947
              ],
              [
                -73.948441730515,
                40.76182224216
              ],
              [
                -73.948432645755,
                40.761817492434
              ],
              [
                -73.94843664743,
                40.761813067344
              ],
              [
                -73.948436359758,
                40.761812916831
              ],
              [
                -73.948435857811,
                40.761812654559
              ],
              [
                -73.948433692575,
                40.761811522556
              ],
              [
                -73.948427199234,
                40.761808127448
              ],
              [
                -73.948424500088,
                40.761806716049
              ],
              [
                -73.948448580061,
                40.761780086294
              ],
              [
                -73.948449772184,
                40.761780709977
              ],
              [
                -73.948456888221,
                40.761784430444
              ],
              [
                -73.948458571636,
                40.76178531009
              ],
              [
                -73.948459071214,
                40.76178557146
              ],
              [
                -73.948460728585,
                40.761786437586
              ],
              [
                -73.94850793902,
                40.76173422942
              ],
              [
                -73.948513261544,
                40.761737012557
              ],
              [
                -73.948539558089,
                40.761750760606
              ],
              [
                -73.94854641876,
                40.761743174216
              ],
              [
                -73.948555971133,
                40.761748168178
              ],
              [
                -73.948567562074,
                40.761754228347
              ],
              [
                -73.948574391626,
                40.761757799196
              ],
              [
                -73.948582702158,
                40.761762144238
              ],
              [
                -73.948575842675,
                40.761769729731
              ],
              [
                -73.94858479248,
                40.761774409146
              ],
              [
                -73.94858536309,
                40.761774707467
              ],
              [
                -73.948637828394,
                40.761802137731
              ],
              [
                -73.94864578193,
                40.761793341544
              ],
              [
                -73.948683320254,
                40.761812966761
              ],
              [
                -73.948676650428,
                40.761820343427
              ],
              [
                -73.948693856339,
                40.761829339028
              ],
              [
                -73.948719407139,
                40.761842696785
              ],
              [
                -73.948739292092,
                40.761853092956
              ],
              [
                -73.948745961913,
                40.761845717188
              ],
              [
                -73.948780359568,
                40.761863700256
              ],
              [
                -73.948782160188,
                40.761864642084
              ],
              [
                -73.948775490369,
                40.761872017855
              ],
              [
                -73.948807364095,
                40.761888681454
              ],
              [
                -73.948814033913,
                40.761881305682
              ],
              [
                -73.948850474915,
                40.761900356735
              ],
              [
                -73.948843805099,
                40.76190773251
              ],
              [
                -73.948906268167,
                40.761940389116
              ],
              [
                -73.948913997658,
                40.761931841351
              ],
              [
                -73.948951630846,
                40.76195151605
              ],
              [
                -73.948943901358,
                40.761960063818
              ],
              [
                -73.948974311937,
                40.761975963095
              ],
              [
                -73.948982041423,
                40.761967415325
              ],
              [
                -73.949018654177,
                40.761986556451
              ],
              [
                -73.949010924693,
                40.761995104223
              ],
              [
                -73.949031373247,
                40.762005795059
              ],
              [
                -73.949073565502,
                40.76202785357
              ],
              [
                -73.949081511895,
                40.762019065454
              ],
              [
                -73.949084215799,
                40.762020478641
              ],
              [
                -73.949116783408,
                40.762037505364
              ],
              [
                -73.949110857989,
                40.762044059322
              ],
              [
                -73.949141699566,
                40.76206018387
              ],
              [
                -73.94914398605,
                40.762057655362
              ],
              [
                -73.949147220789,
                40.762054078184
              ],
              [
                -73.949184516718,
                40.762073577059
              ],
              [
                -73.949178995498,
                40.762079681847
              ],
              [
                -73.9492277002,
                40.76210514438
              ],
              [
                -73.949241125046,
                40.762112163426
              ],
              [
                -73.949247999899,
                40.762104559892
              ],
              [
                -73.949319834708,
                40.762142114644
              ],
              [
                -73.949312771394,
                40.762149925216
              ],
              [
                -73.949359761982,
                40.762174492738
              ],
              [
                -73.949376293282,
                40.762183134942
              ],
              [
                -73.949383611436,
                40.76217504172
              ],
              [
                -73.949418854703,
                40.762193466215
              ],
              [
                -73.949406394643,
                40.76220724567
              ],
              [
                -73.949432911754,
                40.762221108875
              ],
              [
                -73.949401977317,
                40.762255318074
              ],
              [
                -73.94937541758,
                40.762241432331
              ],
              [
                -73.949335744921,
                40.76228530549
              ],
              [
                -73.949334879523,
                40.762284853957
              ],
              [
                -73.949297127648,
                40.762265118097
              ],
              [
                -73.949284411893,
                40.762258469478
              ],
              [
                -73.949259782092,
                40.762285707004
              ],
              [
                -73.949239829493,
                40.76228765141
              ],
              [
                -73.949235896698,
                40.762285646054
              ],
              [
                -73.949231814774,
                40.762271084896
              ],
              [
                -73.94925644458,
                40.762243848276
              ],
              [
                -73.949147422608,
                40.762186851389
              ],
              [
                -73.949141831441,
                40.762193034488
              ],
              [
                -73.949122472741,
                40.762214441743
              ],
              [
                -73.949102962483,
                40.76221718867
              ],
              [
                -73.94909884883,
                40.762214743784
              ],
              [
                -73.949094743436,
                40.762199944877
              ],
              [
                -73.949119692125,
                40.762172353627
              ],
              [
                -73.949018069431,
                40.762119224851
              ],
              [
                -73.948917885271,
                40.762066847644
              ],
              [
                -73.948815837899,
                40.762013496976
              ],
              [
                -73.948789846056,
                40.762042240343
              ],
              [
                -73.948771496689,
                40.762044698668
              ],
              [
                -73.948766769392,
                40.762042501135
              ],
              [
                -73.94876257149,
                40.762027981331
              ],
              [
                -73.948785903466,
                40.762002179638
              ],
              [
                -73.948691338174,
                40.761952740375
              ],
              [
                -73.948665006003,
                40.761938973436
              ],
              [
                -73.948633895873,
                40.761973377761
              ],
              [
                -73.948640962219,
                40.761977072981
              ],
              [
                -73.948614701245,
                40.762006114255
              ],
              [
                -73.948607254884,
                40.762002220753
              ],
              [
                -73.948549183139,
                40.762066438643
              ],
              [
                -73.948574396605,
                40.762079620682
              ],
              [
                -73.948585950907,
                40.762085661021
              ],
              [
                -73.948591613076,
                40.762099556534
              ],
              [
                -73.948587940825,
                40.762103735939
              ],
              [
                -73.94857484214,
                40.762105399629
              ],
              [
                -73.948568381038,
                40.762106220707
              ],
              [
                -73.948532069815,
                40.76208777116
              ],
              [
                -73.94848083485,
                40.762146071249
              ],
              [
                -73.94840912258,
                40.762227672612
              ],
              [
                -73.948384419512,
                40.762255782509
              ],
              [
                -73.948388604447,
                40.762257908674
              ],
              [
                -73.948363316974,
                40.762286681976
              ],
              [
                -73.948357360988,
                40.762283655411
              ],
              [
                -73.948284537726,
                40.762366519606
              ],
              [
                -73.94825454587,
                40.762351281307
              ]
            ]
          ]
        ]
      }
    },
    {
      "type": "Feature",
      "id": "1084704",
      "properties": {
        "bin": "1084704",
        "bbl": "1013737505",
        "address": "555 MAIN STREET",
        "building_use": "Mixed Residential & Commercial Buildings",
        "pluto_landuse_code": "4",
        "building_class": "RM",
        "pluto_year_built": "1975",
        "pluto_floors": "19.0000000",
        "residential_units": "400",
        "total_units": "403",
        "building_area_sqft": "556913",
        "lot_area_sqft": "118727",
        "construction_year": "1975",
        "height_roof": "168",
        "feature_code": "2100",
        "geometry_source": "Other (Manual)",
        "last_status_type": "Constructed",
        "retrieved_on": "2026-09-29",
        "source_footprint": "NYC DoITT BUILDING (Socrata 5zhs-2jue)",
        "source_taxlot": "NYC DCP PLUTO 26v2 (Socrata 64uk-42ks)",
        "source_boundary": "OpenStreetMap relation 2389564 (Roosevelt Island)",
        "source_attributes": {
          "building": {
            "name": null,
            "base_bbl": "1013730045",
            "shape_area": "3992.47265625",
            "construction_year": "1975",
            "ground_elevation": "21",
            "mappluto_bbl": "1013737505",
            "objectid": "54732",
            "feature_code": "2100",
            "shape_length": "573.26430240686386",
            "height_roof": "168",
            "last_status_type": "Constructed",
            "bin": "1084704",
            "last_edited_date": "2019-02-27T17:13:33.000Z",
            "geom_source": "Other (Manual)",
            "doitt_id": "509338"
          },
          "pluto": {
            "borough": "MN",
            "block": "1373",
            "lot": "7505",
            "cd": "108",
            "ct2010": "238.01",
            "cb2010": "1009",
            "schooldist": "2",
            "council": "5",
            "zipcode": "10044",
            "firecomp": "E260",
            "policeprct": "114",
            "healtharea": "8300",
            "sanitboro": "1",
            "address": "555 MAIN STREET",
            "zonedist1": "R7-2",
            "splitzone": false,
            "bldgclass": "RM",
            "landuse": "4",
            "easements": "0",
            "ownertype": "X",
            "ownername": "ISLAND HOUSE TENANTS CORP.",
            "lotarea": "118727",
            "bldgarea": "556913",
            "comarea": "35165",
            "resarea": "521748",
            "officearea": "6344",
            "retailarea": "16450",
            "garagearea": "0",
            "strgearea": "0",
            "factryarea": "0",
            "otherarea": "12371",
            "areasource": "2",
            "numbldgs": "3",
            "numfloors": "19.0000000",
            "unitsres": "400",
            "unitstotal": "403",
            "lotfront": "31.0000000",
            "lotdepth": "281.0000000",
            "bldgfront": "431.0000000",
            "bldgdepth": "281.0000000",
            "proxcode": "1",
            "irrlotcode": true,
            "lottype": "0",
            "bsmtcode": "5",
            "assessland": "3214352.00000",
            "assesstot": "38829748.00000",
            "exempttot": "38829748.00000",
            "yearbuilt": "1975",
            "yearalter1": "0",
            "yearalter2": "0",
            "builtfar": "4.69000000000",
            "residfar": "3.44000000000",
            "commfar": "0.00000000000",
            "facilfar": "6.50000000000",
            "affresfar": "5.01000000000",
            "mnffar": "0.00000000000",
            "borocode": "1",
            "bbl": "1013737505.00000000",
            "condono": "2415",
            "tract2010": "23801",
            "xcoord": "998241",
            "ycoord": "217128",
            "latitude": "40.7626315",
            "longitude": "-73.9494947",
            "zonemap": "9a",
            "sanborn": "16E 070",
            "taxmap": "10507",
            "appbbl": "1013730045.00000000",
            "appdate": "2013-08-07T00:00:00.000",
            "plutomapid": "1",
            "version": "26v2",
            "sanitdistrict": "8",
            "healthcenterdistrict": "13",
            "bct2020": "1023803",
            "bctcb2020": "10238032000",
            "transitzone": "Inner Transit Zone"
          }
        }
      },
      "geometry": {
        "type": "MultiPolygon",
        "coordinates": [
          [
            [
              [
                -73.950308539634,
                40.762244679662
              ],
              [
                -73.95025803255,
                40.762302369412
              ],
              [
                -73.950219284283,
                40.762282756793
              ],
              [
                -73.950179037374,
                40.762328726369
              ],
              [
                -73.950042872803,
                40.762259804914
              ],
              [
                -73.950045264816,
                40.762257072919
              ],
              [
                -73.950016272937,
                40.762242398328
              ],
              [
                -73.94993848659,
                40.762203026007
              ],
              [
                -73.949942047351,
                40.762198958174
              ],
              [
                -73.949928380737,
                40.762192039961
              ],
              [
                -73.949792395867,
                40.762347361063
              ],
              [
                -73.949883938919,
                40.762393696766
              ],
              [
                -73.949873644203,
                40.762405454679
              ],
              [
                -73.949837449678,
                40.762446797304
              ],
              [
                -73.949747098896,
                40.762549994486
              ],
              [
                -73.949756752225,
                40.762554880332
              ],
              [
                -73.949760505042,
                40.762550593766
              ],
              [
                -73.949839712344,
                40.762590684525
              ],
              [
                -73.949866462069,
                40.762604224449
              ],
              [
                -73.94986860992,
                40.762601772409
              ],
              [
                -73.949993397917,
                40.762664934005
              ],
              [
                -73.950004019694,
                40.762670311025
              ],
              [
                -73.949980219106,
                40.762697495934
              ],
              [
                -73.949961442007,
                40.762718943204
              ],
              [
                -73.949968187762,
                40.762722358145
              ],
              [
                -73.95000036685,
                40.762738645134
              ],
              [
                -73.950021316685,
                40.762714715209
              ],
              [
                -73.9501327236,
                40.762771104455
              ],
              [
                -73.950190273396,
                40.762800233659
              ],
              [
                -73.950282920729,
                40.762847127831
              ],
              [
                -73.950186402728,
                40.762957370039
              ],
              [
                -73.950093108907,
                40.762910149527
              ],
              [
                -73.950075242889,
                40.762901106124
              ],
              [
                -73.949925184388,
                40.762825152777
              ],
              [
                -73.949951238395,
                40.762795393415
              ],
              [
                -73.949936464727,
                40.76278791551
              ],
              [
                -73.94990898209,
                40.762774005176
              ],
              [
                -73.949905015907,
                40.762778535691
              ],
              [
                -73.949859805844,
                40.762755652213
              ],
              [
                -73.949772327753,
                40.762711374118
              ],
              [
                -73.949775838767,
                40.762707363
              ],
              [
                -73.94972685696,
                40.762682569655
              ],
              [
                -73.949669018602,
                40.762653294211
              ],
              [
                -73.949673129406,
                40.762648599875
              ],
              [
                -73.949661712094,
                40.762642820852
              ],
              [
                -73.949600893926,
                40.762712286206
              ],
              [
                -73.949593259048,
                40.762721006955
              ],
              [
                -73.949467462664,
                40.762657332997
              ],
              [
                -73.949531896254,
                40.762583737782
              ],
              [
                -73.949535823334,
                40.762579252287
              ],
              [
                -73.949527660517,
                40.762575119898
              ],
              [
                -73.949523381993,
                40.762572955011
              ],
              [
                -73.949525439769,
                40.762570604695
              ],
              [
                -73.949579073465,
                40.762509346136
              ],
              [
                -73.949630846666,
                40.762535551856
              ],
              [
                -73.949655869436,
                40.762506970869
              ],
              [
                -73.949619472401,
                40.762488548644
              ],
              [
                -73.949707349477,
                40.762388176265
              ],
              [
                -73.949759260552,
                40.762328884472
              ],
              [
                -73.949667347124,
                40.762282360303
              ],
              [
                -73.94980453883,
                40.7621256621
              ],
              [
                -73.949845197649,
                40.762146242832
              ],
              [
                -73.949872635903,
                40.762114901901
              ],
              [
                -73.949821593381,
                40.762089064913
              ],
              [
                -73.949876804102,
                40.762026003187
              ],
              [
                -73.949891066163,
                40.762033222434
              ],
              [
                -73.949958530767,
                40.76195616495
              ],
              [
                -73.950007402026,
                40.76198090232
              ],
              [
                -73.950014969314,
                40.761984731848
              ],
              [
                -73.95008415582,
                40.762019751856
              ],
              [
                -73.950015412319,
                40.762098270376
              ],
              [
                -73.950024738852,
                40.762102991266
              ],
              [
                -73.950029168453,
                40.762097932351
              ],
              [
                -73.950105081845,
                40.76213635737
              ],
              [
                -73.950270033331,
                40.762219848741
              ],
              [
                -73.950266793814,
                40.762223549317
              ],
              [
                -73.950308539634,
                40.762244679662
              ]
            ]
          ]
        ]
      }
    },
    {
      "type": "Feature",
      "id": "1084706",
      "properties": {
        "bin": "1084706",
        "bbl": "1013730001",
        "address": "MAIN STREET",
        "building_use": "Multi-Family Elevator Buildings",
        "pluto_landuse_code": "3",
        "building_class": "D4",
        "pluto_year_built": "1975",
        "pluto_floors": "18.0000000",
        "residential_units": "8018",
        "total_units": "8088",
        "building_area_sqft": "4786701",
        "lot_area_sqft": "4227757",
        "construction_year": "1975",
        "height_roof": "11.71",
        "feature_code": "2100",
        "geometry_source": "Photogrammetric",
        "last_status_type": "Constructed",
        "retrieved_on": "2026-09-29",
        "source_footprint": "NYC DoITT BUILDING (Socrata 5zhs-2jue)",
        "source_taxlot": "NYC DCP PLUTO 26v2 (Socrata 64uk-42ks)",
        "source_boundary": "OpenStreetMap relation 2389564 (Roosevelt Island)",
        "source_attributes": {
          "building": {
            "name": null,
            "base_bbl": "1013730001",
            "shape_area": "1952.86328125",
            "construction_year": "1975",
            "ground_elevation": "13",
            "mappluto_bbl": "1013730001",
            "objectid": "272559",
            "feature_code": "2100",
            "shape_length": "244.77893137404121",
            "height_roof": "11.71",
            "last_status_type": "Constructed",
            "bin": "1084706",
            "last_edited_date": "2017-08-22T19:38:21.000Z",
            "geom_source": "Photogrammetric",
            "doitt_id": "879339"
          },
          "pluto": {
            "borough": "MN",
            "block": "1373",
            "lot": "1",
            "cd": "108",
            "ct2010": "238.01",
            "cb2010": "1015",
            "schooldist": "2",
            "council": "5",
            "zipcode": "10044",
            "firecomp": "E260",
            "policeprct": "114",
            "healtharea": "8300",
            "sanitboro": "1",
            "address": "MAIN STREET",
            "zonedist1": "R7-2",
            "splitzone": false,
            "bldgclass": "D4",
            "landuse": "3",
            "easements": "1",
            "ownertype": "C",
            "ownername": "RIVERWALK 8 AFFORDABLE, L.P.",
            "lotarea": "4227757",
            "bldgarea": "4786701",
            "comarea": "1046956",
            "resarea": "3739745",
            "officearea": "7496",
            "retailarea": "537154",
            "garagearea": "406500",
            "strgearea": "0",
            "factryarea": "0",
            "otherarea": "95806",
            "areasource": "2",
            "numbldgs": "38",
            "numfloors": "18.0000000",
            "unitsres": "8018",
            "unitstotal": "8088",
            "lotfront": "200.0000000",
            "lotdepth": "102.5000000",
            "bldgfront": "0.0000000",
            "bldgdepth": "0.0000000",
            "ext": "N",
            "proxcode": "0",
            "irrlotcode": true,
            "lottype": "7",
            "bsmtcode": "0",
            "assessland": "134391150.00000",
            "assesstot": "592936650.00000",
            "exempttot": "592936650.00000",
            "yearbuilt": "1975",
            "yearalter1": "0",
            "yearalter2": "0",
            "landmark": "INDIVIDUAL LANDMARK",
            "builtfar": "1.13000000000",
            "residfar": "3.44000000000",
            "commfar": "0.00000000000",
            "facilfar": "6.50000000000",
            "affresfar": "5.01000000000",
            "mnffar": "0.00000000000",
            "borocode": "1",
            "bbl": "1013730001.00000000",
            "tract2010": "23801",
            "xcoord": "996792",
            "ycoord": "215349",
            "latitude": "40.7577508",
            "longitude": "-73.9547287",
            "zonemap": "9a",
            "zmcode": true,
            "sanborn": "106E070",
            "taxmap": "10507",
            "appbbl": "1013730001.00000000",
            "appdate": "2023-12-06T00:00:00.000",
            "plutomapid": "1",
            "version": "26v2",
            "sanitdistrict": "8",
            "healthcenterdistrict": "13",
            "firm07_flag": "1",
            "pfirm15_flag": "1",
            "bct2020": "1023804",
            "bctcb2020": "10238041000",
            "transitzone": "Inner Transit Zone"
          }
        }
      },
      "geometry": {
        "type": "MultiPolygon",
        "coordinates": [
          [
            [
              [
                -73.950102442018,
                40.763062764784
              ],
              [
                -73.950092835946,
                40.763057902401
              ],
              [
                -73.95011531258,
                40.763032229744
              ],
              [
                -73.950096119387,
                40.763022514894
              ],
              [
                -73.950089123444,
                40.763030505642
              ],
              [
                -73.950034528474,
                40.763002872508
              ],
              [
                -73.95001886802,
                40.762994945778
              ],
              [
                -73.950053546663,
                40.762955337714
              ],
              [
                -73.950093108907,
                40.762910149527
              ],
              [
                -73.950186402728,
                40.762957370039
              ],
              [
                -73.950282920729,
                40.762847127831
              ],
              [
                -73.950190273396,
                40.762800233659
              ],
              [
                -73.95032542971,
                40.76264585817
              ],
              [
                -73.95035078886,
                40.762616892663
              ],
              [
                -73.950428695505,
                40.762656325989
              ],
              [
                -73.95044650046,
                40.762635989447
              ],
              [
                -73.950543010766,
                40.762684838267
              ],
              [
                -73.950610381009,
                40.76271893776
              ],
              [
                -73.950610463881,
                40.762718980119
              ],
              [
                -73.950444442974,
                40.762908609131
              ],
              [
                -73.950464412815,
                40.762918717778
              ],
              [
                -73.950381304824,
                40.763013643827
              ],
              [
                -73.950370372783,
                40.76300811002
              ],
              [
                -73.950319591359,
                40.763066112147
              ],
              [
                -73.950216331315,
                40.763013846414
              ],
              [
                -73.950151682332,
                40.763087687752
              ],
              [
                -73.950102442018,
                40.763062764784
              ]
            ]
          ]
        ]
      }
    },
    {
      "type": "Feature",
      "id": "1084707",
      "properties": {
        "bin": "1084707",
        "bbl": "1013730001",
        "address": "MAIN STREET",
        "building_use": "Multi-Family Elevator Buildings",
        "pluto_landuse_code": "3",
        "building_class": "D4",
        "pluto_year_built": "1975",
        "pluto_floors": "18.0000000",
        "residential_units": "8018",
        "total_units": "8088",
        "building_area_sqft": "4786701",
        "lot_area_sqft": "4227757",
        "construction_year": "1975",
        "height_roof": "180.94994742",
        "feature_code": "2100",
        "geometry_source": "Photogrammetric",
        "last_status_type": "Constructed",
        "retrieved_on": "2026-09-29",
        "source_footprint": "NYC DoITT BUILDING (Socrata 5zhs-2jue)",
        "source_taxlot": "NYC DCP PLUTO 26v2 (Socrata 64uk-42ks)",
        "source_boundary": "OpenStreetMap relation 2389564 (Roosevelt Island)",
        "source_attributes": {
          "building": {
            "name": null,
            "base_bbl": "1013730001",
            "shape_area": "4203.46875",
            "construction_year": "1975",
            "ground_elevation": "18",
            "mappluto_bbl": "1013730001",
            "objectid": "881200",
            "feature_code": "2100",
            "shape_length": "488.61755148985912",
            "height_roof": "180.94994742",
            "last_status_type": "Constructed",
            "bin": "1084707",
            "last_edited_date": "2017-08-22T17:28:13.000Z",
            "geom_source": "Photogrammetric",
            "doitt_id": "1257226"
          },
          "pluto": {
            "borough": "MN",
            "block": "1373",
            "lot": "1",
            "cd": "108",
            "ct2010": "238.01",
            "cb2010": "1015",
            "schooldist": "2",
            "council": "5",
            "zipcode": "10044",
            "firecomp": "E260",
            "policeprct": "114",
            "healtharea": "8300",
            "sanitboro": "1",
            "address": "MAIN STREET",
            "zonedist1": "R7-2",
            "splitzone": false,
            "bldgclass": "D4",
            "landuse": "3",
            "easements": "1",
            "ownertype": "C",
            "ownername": "RIVERWALK 8 AFFORDABLE, L.P.",
            "lotarea": "4227757",
            "bldgarea": "4786701",
            "comarea": "1046956",
            "resarea": "3739745",
            "officearea": "7496",
            "retailarea": "537154",
            "garagearea": "406500",
            "strgearea": "0",
            "factryarea": "0",
            "otherarea": "95806",
            "areasource": "2",
            "numbldgs": "38",
            "numfloors": "18.0000000",
            "unitsres": "8018",
            "unitstotal": "8088",
            "lotfront": "200.0000000",
            "lotdepth": "102.5000000",
            "bldgfront": "0.0000000",
            "bldgdepth": "0.0000000",
            "ext": "N",
            "proxcode": "0",
            "irrlotcode": true,
            "lottype": "7",
            "bsmtcode": "0",
            "assessland": "134391150.00000",
            "assesstot": "592936650.00000",
            "exempttot": "592936650.00000",
            "yearbuilt": "1975",
            "yearalter1": "0",
            "yearalter2": "0",
            "landmark": "INDIVIDUAL LANDMARK",
            "builtfar": "1.13000000000",
            "residfar": "3.44000000000",
            "commfar": "0.00000000000",
            "facilfar": "6.50000000000",
            "affresfar": "5.01000000000",
            "mnffar": "0.00000000000",
            "borocode": "1",
            "bbl": "1013730001.00000000",
            "tract2010": "23801",
            "xcoord": "996792",
            "ycoord": "215349",
            "latitude": "40.7577508",
            "longitude": "-73.9547287",
            "zonemap": "9a",
            "zmcode": true,
            "sanborn": "106E070",
            "taxmap": "10507",
            "appbbl": "1013730001.00000000",
            "appdate": "2023-12-06T00:00:00.000",
            "plutomapid": "1",
            "version": "26v2",
            "sanitdistrict": "8",
            "healthcenterdistrict": "13",
            "firm07_flag": "1",
            "pfirm15_flag": "1",
            "bct2020": "1023804",
            "bctcb2020": "10238041000",
            "transitzone": "Inner Transit Zone"
          }
        }
      },
      "geometry": {
        "type": "MultiPolygon",
        "coordinates": [
          [
            [
              [
                -73.94881018104,
                40.763407318048
              ],
              [
                -73.948720961185,
                40.763337694586
              ],
              [
                -73.948751488491,
                40.763316540008
              ],
              [
                -73.948742582035,
                40.763309109585
              ],
              [
                -73.948776578922,
                40.763285550396
              ],
              [
                -73.948783700537,
                40.763291491489
              ],
              [
                -73.948816572862,
                40.763268711626
              ],
              [
                -73.948814577342,
                40.763267046607
              ],
              [
                -73.948807421403,
                40.763261077584
              ],
              [
                -73.948839178647,
                40.763239070752
              ],
              [
                -73.948844746218,
                40.763243715325
              ],
              [
                -73.948908547407,
                40.763199502747
              ],
              [
                -73.948902113453,
                40.763194134687
              ],
              [
                -73.948933387165,
                40.763172463503
              ],
              [
                -73.948939644766,
                40.7631776847
              ],
              [
                -73.948972143716,
                40.763155163971
              ],
              [
                -73.94896625776,
                40.763150253614
              ],
              [
                -73.94899831825,
                40.763128036154
              ],
              [
                -73.949004133191,
                40.763132887945
              ],
              [
                -73.949037186662,
                40.763109982928
              ],
              [
                -73.949029260208,
                40.763103370619
              ],
              [
                -73.949059959129,
                40.763082097168
              ],
              [
                -73.949066509076,
                40.763087562525
              ],
              [
                -73.949098200978,
                40.763065600617
              ],
              [
                -73.949093257152,
                40.763061476823
              ],
              [
                -73.949126247754,
                40.763038614076
              ],
              [
                -73.94913103298,
                40.763042607225
              ],
              [
                -73.949163096918,
                40.763020387919
              ],
              [
                -73.949155675852,
                40.763014197278
              ],
              [
                -73.949189856111,
                40.762990511976
              ],
              [
                -73.94919499878,
                40.762994801546
              ],
              [
                -73.949262414813,
                40.76294808336
              ],
              [
                -73.949255493219,
                40.762942308077
              ],
              [
                -73.949296736953,
                40.762913727109
              ],
              [
                -73.949305152231,
                40.762920747544
              ],
              [
                -73.949365999887,
                40.762878582059
              ],
              [
                -73.949426360331,
                40.762928937773
              ],
              [
                -73.949437288018,
                40.762921365723
              ],
              [
                -73.949471142126,
                40.762949609594
              ],
              [
                -73.949462168435,
                40.762955828145
              ],
              [
                -73.949515646456,
                40.763000443677
              ],
              [
                -73.94952656348,
                40.762992878819
              ],
              [
                -73.949556383993,
                40.763017755711
              ],
              [
                -73.949562103095,
                40.763022527287
              ],
              [
                -73.949554099883,
                40.763028073593
              ],
              [
                -73.949607071447,
                40.763072266524
              ],
              [
                -73.949615654104,
                40.763066318843
              ],
              [
                -73.949648940238,
                40.763094087847
              ],
              [
                -73.949640452378,
                40.763099969835
              ],
              [
                -73.949659327118,
                40.763115716202
              ],
              [
                -73.949693702201,
                40.763144393377
              ],
              [
                -73.949703617939,
                40.763137521453
              ],
              [
                -73.949739345853,
                40.763167390572
              ],
              [
                -73.949733280047,
                40.763171594182
              ],
              [
                -73.949777348837,
                40.76320835939
              ],
              [
                -73.94978654656,
                40.763216032096
              ],
              [
                -73.949793444208,
                40.763211251622
              ],
              [
                -73.949795611371,
                40.763213060779
              ],
              [
                -73.949826730489,
                40.763239020573
              ],
              [
                -73.949817990228,
                40.763245078063
              ],
              [
                -73.949871237919,
                40.763289499719
              ],
              [
                -73.949882223677,
                40.763281887131
              ],
              [
                -73.949916074608,
                40.763310126365
              ],
              [
                -73.949917258208,
                40.763311113832
              ],
              [
                -73.949914180868,
                40.76331324669
              ],
              [
                -73.949907609083,
                40.763317800386
              ],
              [
                -73.949910136067,
                40.763319908666
              ],
              [
                -73.949914394659,
                40.763323461206
              ],
              [
                -73.949961318495,
                40.763362607617
              ],
              [
                -73.949971173805,
                40.763355777068
              ],
              [
                -73.950002941671,
                40.763382279199
              ],
              [
                -73.949994592446,
                40.763388064019
              ],
              [
                -73.950021869747,
                40.763410819897
              ],
              [
                -73.95003999071,
                40.763425937322
              ],
              [
                -73.950047635605,
                40.763432315308
              ],
              [
                -73.950048625098,
                40.7634331406
              ],
              [
                -73.950058752949,
                40.763426121955
              ],
              [
                -73.950062143973,
                40.76342895191
              ],
              [
                -73.950094293032,
                40.763455770258
              ],
              [
                -73.950027672178,
                40.763501937263
              ],
              [
                -73.950023597095,
                40.763504761279
              ],
              [
                -73.950036848733,
                40.763515817117
              ],
              [
                -73.950004519417,
                40.763538220253
              ],
              [
                -73.950001500132,
                40.763540312615
              ],
              [
                -73.9499898724,
                40.763530612737
              ],
              [
                -73.949984722553,
                40.763534181903
              ],
              [
                -73.949960483524,
                40.763513961355
              ],
              [
                -73.9499519817,
                40.76350686799
              ],
              [
                -73.949938450747,
                40.76349557969
              ],
              [
                -73.949919895406,
                40.763480100058
              ],
              [
                -73.949897276768,
                40.763461230958
              ],
              [
                -73.949817918592,
                40.763516224451
              ],
              [
                -73.949797157041,
                40.763498904107
              ],
              [
                -73.949718951862,
                40.763433661769
              ],
              [
                -73.949606346805,
                40.763339719665
              ],
              [
                -73.949346985206,
                40.763123346158
              ],
              [
                -73.949291076113,
                40.763076702442
              ],
              [
                -73.94926049695,
                40.76309789316
              ],
              [
                -73.949264405152,
                40.763101152907
              ],
              [
                -73.949230245006,
                40.763124825632
              ],
              [
                -73.949220411774,
                40.763116622204
              ],
              [
                -73.949211947572,
                40.763122487962
              ],
              [
                -73.949189325406,
                40.763138162976
              ],
              [
                -73.949198430732,
                40.763145759146
              ],
              [
                -73.949164937676,
                40.763168968386
              ],
              [
                -73.949156656127,
                40.763162059662
              ],
              [
                -73.949125015152,
                40.763183985588
              ],
              [
                -73.949133661246,
                40.763191197945
              ],
              [
                -73.949102658947,
                40.763212681098
              ],
              [
                -73.949094424743,
                40.763205811113
              ],
              [
                -73.949061439972,
                40.76322866845
              ],
              [
                -73.949070544111,
                40.763236263728
              ],
              [
                -73.949002131092,
                40.763283672046
              ],
              [
                -73.948942842258,
                40.763324757423
              ],
              [
                -73.948936297031,
                40.763319297464
              ],
              [
                -73.948904473423,
                40.763341350219
              ],
              [
                -73.948912905284,
                40.763348384198
              ],
              [
                -73.94888016804,
                40.763371069595
              ],
              [
                -73.948872146884,
                40.763364377989
              ],
              [
                -73.94881018104,
                40.763407318048
              ]
            ]
          ]
        ]
      }
    },
    {
      "type": "Feature",
      "id": "1084848",
      "properties": {
        "bin": "1084848",
        "bbl": "1013730001",
        "address": "MAIN STREET",
        "building_use": "Multi-Family Elevator Buildings",
        "pluto_landuse_code": "3",
        "building_class": "D4",
        "pluto_year_built": "1975",
        "pluto_floors": "18.0000000",
        "residential_units": "8018",
        "total_units": "8088",
        "building_area_sqft": "4786701",
        "lot_area_sqft": "4227757",
        "construction_year": "1975",
        "height_roof": "51.61",
        "feature_code": "2100",
        "geometry_source": "Photogrammetric",
        "last_status_type": "Constructed",
        "retrieved_on": "2026-09-29",
        "source_footprint": "NYC DoITT BUILDING (Socrata 5zhs-2jue)",
        "source_taxlot": "NYC DCP PLUTO 26v2 (Socrata 64uk-42ks)",
        "source_boundary": "OpenStreetMap relation 2389564 (Roosevelt Island)",
        "source_attributes": {
          "building": {
            "name": null,
            "base_bbl": "1013730001",
            "shape_area": "4966.4609375",
            "construction_year": "1975",
            "ground_elevation": "16",
            "mappluto_bbl": "1013730001",
            "objectid": "789522",
            "feature_code": "2100",
            "shape_length": "505.78386832103962",
            "height_roof": "51.61",
            "last_status_type": "Constructed",
            "bin": "1084848",
            "last_edited_date": "2017-08-22T19:32:09.000Z",
            "geom_source": "Photogrammetric",
            "doitt_id": "120032"
          },
          "pluto": {
            "borough": "MN",
            "block": "1373",
            "lot": "1",
            "cd": "108",
            "ct2010": "238.01",
            "cb2010": "1015",
            "schooldist": "2",
            "council": "5",
            "zipcode": "10044",
            "firecomp": "E260",
            "policeprct": "114",
            "healtharea": "8300",
            "sanitboro": "1",
            "address": "MAIN STREET",
            "zonedist1": "R7-2",
            "splitzone": false,
            "bldgclass": "D4",
            "landuse": "3",
            "easements": "1",
            "ownertype": "C",
            "ownername": "RIVERWALK 8 AFFORDABLE, L.P.",
            "lotarea": "4227757",
            "bldgarea": "4786701",
            "comarea": "1046956",
            "resarea": "3739745",
            "officearea": "7496",
            "retailarea": "537154",
            "garagearea": "406500",
            "strgearea": "0",
            "factryarea": "0",
            "otherarea": "95806",
            "areasource": "2",
            "numbldgs": "38",
            "numfloors": "18.0000000",
            "unitsres": "8018",
            "unitstotal": "8088",
            "lotfront": "200.0000000",
            "lotdepth": "102.5000000",
            "bldgfront": "0.0000000",
            "bldgdepth": "0.0000000",
            "ext": "N",
            "proxcode": "0",
            "irrlotcode": true,
            "lottype": "7",
            "bsmtcode": "0",
            "assessland": "134391150.00000",
            "assesstot": "592936650.00000",
            "exempttot": "592936650.00000",
            "yearbuilt": "1975",
            "yearalter1": "0",
            "yearalter2": "0",
            "landmark": "INDIVIDUAL LANDMARK",
            "builtfar": "1.13000000000",
            "residfar": "3.44000000000",
            "commfar": "0.00000000000",
            "facilfar": "6.50000000000",
            "affresfar": "5.01000000000",
            "mnffar": "0.00000000000",
            "borocode": "1",
            "bbl": "1013730001.00000000",
            "tract2010": "23801",
            "xcoord": "996792",
            "ycoord": "215349",
            "latitude": "40.7577508",
            "longitude": "-73.9547287",
            "zonemap": "9a",
            "zmcode": true,
            "sanborn": "106E070",
            "taxmap": "10507",
            "appbbl": "1013730001.00000000",
            "appdate": "2023-12-06T00:00:00.000",
            "plutomapid": "1",
            "version": "26v2",
            "sanitdistrict": "8",
            "healthcenterdistrict": "13",
            "firm07_flag": "1",
            "pfirm15_flag": "1",
            "bct2020": "1023804",
            "bctcb2020": "10238041000",
            "transitzone": "Inner Transit Zone"
          }
        }
      },
      "geometry": {
        "type": "MultiPolygon",
        "coordinates": [
          [
            [
              [
                -73.948506265463,
                40.764314186041
              ],
              [
                -73.9483303464,
                40.764222816844
              ],
              [
                -73.948170912137,
                40.764140009587
              ],
              [
                -73.948190182909,
                40.764118559233
              ],
              [
                -73.948229299324,
                40.764075020317
              ],
              [
                -73.948176718606,
                40.764047710493
              ],
              [
                -73.948116222594,
                40.764115046402
              ],
              [
                -73.948058994571,
                40.764178743013
              ],
              [
                -73.948030765009,
                40.764164080877
              ],
              [
                -73.948048882452,
                40.764143915046
              ],
              [
                -73.948032118754,
                40.764135207713
              ],
              [
                -73.94792921034,
                40.764081758634
              ],
              [
                -73.94808480859,
                40.763908569991
              ],
              [
                -73.948105850832,
                40.763884441448
              ],
              [
                -73.948127604568,
                40.763860679726
              ],
              [
                -73.948150057946,
                40.763837295627
              ],
              [
                -73.948173199112,
                40.763814302652
              ],
              [
                -73.948197013843,
                40.763791713401
              ],
              [
                -73.948221491472,
                40.763769539575
              ],
              [
                -73.948246618959,
                40.763747793776
              ],
              [
                -73.948272380901,
                40.763726486801
              ],
              [
                -73.94829341364,
                40.763709859422
              ],
              [
                -73.948298764259,
                40.763705630352
              ],
              [
                -73.948363372439,
                40.763660347741
              ],
              [
                -73.948410658337,
                40.763627206044
              ],
              [
                -73.948435628458,
                40.763609705111
              ],
              [
                -73.948423367636,
                40.763599591459
              ],
              [
                -73.948468314293,
                40.763568089411
              ],
              [
                -73.948573418512,
                40.763654783818
              ],
              [
                -73.94859475661,
                40.763639827856
              ],
              [
                -73.948617887601,
                40.763658907257
              ],
              [
                -73.948615671672,
                40.76366046054
              ],
              [
                -73.948488652543,
                40.763749486228
              ],
              [
                -73.948441097603,
                40.763782816042
              ],
              [
                -73.948423276236,
                40.763795630349
              ],
              [
                -73.948406077457,
                40.763808926702
              ],
              [
                -73.948389523781,
                40.763822688902
              ],
              [
                -73.948388738012,
                40.763823390943
              ],
              [
                -73.948373637725,
                40.763836898949
              ],
              [
                -73.948358440624,
                40.763851537043
              ],
              [
                -73.948343950255,
                40.763866585181
              ],
              [
                -73.948330187955,
                40.763882022662
              ],
              [
                -73.948317171504,
                40.763897829683
              ],
              [
                -73.948463487425,
                40.763983750221
              ],
              [
                -73.948668111579,
                40.764103909431
              ],
              [
                -73.94872693209,
                40.764138449256
              ],
              [
                -73.948737835087,
                40.764144852192
              ],
              [
                -73.948803823717,
                40.764183602323
              ],
              [
                -73.948813707458,
                40.764189405963
              ],
              [
                -73.948837758629,
                40.764165727976
              ],
              [
                -73.94882069027,
                40.764155704985
              ],
              [
                -73.948785231236,
                40.764134883073
              ],
              [
                -73.948783096342,
                40.764132690296
              ],
              [
                -73.948781629655,
                40.76413020065
              ],
              [
                -73.948780897408,
                40.764127529428
              ],
              [
                -73.948780933852,
                40.764124801817
              ],
              [
                -73.948781737705,
                40.764122142984
              ],
              [
                -73.948783272159,
                40.764119676284
              ],
              [
                -73.948785464878,
                40.764117517849
              ],
              [
                -73.948788215116,
                40.76411576579
              ],
              [
                -73.948791396085,
                40.764114501995
              ],
              [
                -73.948794857324,
                40.764113785831
              ],
              [
                -73.948798441291,
                40.764113649647
              ],
              [
                -73.948801979801,
                40.76411409967
              ],
              [
                -73.94880530943,
                40.764115116018
              ],
              [
                -73.948830755688,
                40.764130058587
              ],
              [
                -73.948843780429,
                40.764117236685
              ],
              [
                -73.948812567555,
                40.764091491808
              ],
              [
                -73.948901082977,
                40.764029453023
              ],
              [
                -73.948913424436,
                40.764039632396
              ],
              [
                -73.948969287132,
                40.76408570985
              ],
              [
                -73.948983553159,
                40.764097476756
              ],
              [
                -73.948948400355,
                40.764122115196
              ],
              [
                -73.948895038907,
                40.764159515603
              ],
              [
                -73.948884064495,
                40.764150464267
              ],
              [
                -73.948833002598,
                40.764200735676
              ],
              [
                -73.948873169398,
                40.764223240903
              ],
              [
                -73.948902013886,
                40.764239402446
              ],
              [
                -73.948868469063,
                40.764276740487
              ],
              [
                -73.94884738167,
                40.764265787296
              ],
              [
                -73.948843640635,
                40.764269951369
              ],
              [
                -73.948771522495,
                40.764350223608
              ],
              [
                -73.948750638547,
                40.764373468947
              ],
              [
                -73.948709203699,
                40.764419587852
              ],
              [
                -73.948662079048,
                40.764395111865
              ],
              [
                -73.948506265463,
                40.764314186041
              ]
            ]
          ]
        ]
      }
    },
    {
      "type": "Feature",
      "id": "1085553",
      "properties": {
        "bin": "1085553",
        "bbl": "1013730001",
        "address": "MAIN STREET",
        "building_use": "Multi-Family Elevator Buildings",
        "pluto_landuse_code": "3",
        "building_class": "D4",
        "pluto_year_built": "1975",
        "pluto_floors": "18.0000000",
        "residential_units": "8018",
        "total_units": "8088",
        "building_area_sqft": "4786701",
        "lot_area_sqft": "4227757",
        "construction_year": "1975",
        "height_roof": "30",
        "feature_code": "2100",
        "geometry_source": "Other (Manual)",
        "last_status_type": "Constructed",
        "retrieved_on": "2026-09-29",
        "source_footprint": "NYC DoITT BUILDING (Socrata 5zhs-2jue)",
        "source_taxlot": "NYC DCP PLUTO 26v2 (Socrata 64uk-42ks)",
        "source_boundary": "OpenStreetMap relation 2389564 (Roosevelt Island)",
        "source_attributes": {
          "building": {
            "name": null,
            "base_bbl": "1013730001",
            "shape_area": "601.41796875",
            "construction_year": "1975",
            "ground_elevation": "11",
            "mappluto_bbl": "1013730001",
            "objectid": "1072083",
            "feature_code": "2100",
            "shape_length": "114.28827943988372",
            "height_roof": "30",
            "last_status_type": "Constructed",
            "bin": "1085553",
            "last_edited_date": "2017-08-22T19:13:30.000Z",
            "geom_source": "Other (Manual)",
            "doitt_id": "652158"
          },
          "pluto": {
            "borough": "MN",
            "block": "1373",
            "lot": "1",
            "cd": "108",
            "ct2010": "238.01",
            "cb2010": "1015",
            "schooldist": "2",
            "council": "5",
            "zipcode": "10044",
            "firecomp": "E260",
            "policeprct": "114",
            "healtharea": "8300",
            "sanitboro": "1",
            "address": "MAIN STREET",
            "zonedist1": "R7-2",
            "splitzone": false,
            "bldgclass": "D4",
            "landuse": "3",
            "easements": "1",
            "ownertype": "C",
            "ownername": "RIVERWALK 8 AFFORDABLE, L.P.",
            "lotarea": "4227757",
            "bldgarea": "4786701",
            "comarea": "1046956",
            "resarea": "3739745",
            "officearea": "7496",
            "retailarea": "537154",
            "garagearea": "406500",
            "strgearea": "0",
            "factryarea": "0",
            "otherarea": "95806",
            "areasource": "2",
            "numbldgs": "38",
            "numfloors": "18.0000000",
            "unitsres": "8018",
            "unitstotal": "8088",
            "lotfront": "200.0000000",
            "lotdepth": "102.5000000",
            "bldgfront": "0.0000000",
            "bldgdepth": "0.0000000",
            "ext": "N",
            "proxcode": "0",
            "irrlotcode": true,
            "lottype": "7",
            "bsmtcode": "0",
            "assessland": "134391150.00000",
            "assesstot": "592936650.00000",
            "exempttot": "592936650.00000",
            "yearbuilt": "1975",
            "yearalter1": "0",
            "yearalter2": "0",
            "landmark": "INDIVIDUAL LANDMARK",
            "builtfar": "1.13000000000",
            "residfar": "3.44000000000",
            "commfar": "0.00000000000",
            "facilfar": "6.50000000000",
            "affresfar": "5.01000000000",
            "mnffar": "0.00000000000",
            "borocode": "1",
            "bbl": "1013730001.00000000",
            "tract2010": "23801",
            "xcoord": "996792",
            "ycoord": "215349",
            "latitude": "40.7577508",
            "longitude": "-73.9547287",
            "zonemap": "9a",
            "zmcode": true,
            "sanborn": "106E070",
            "taxmap": "10507",
            "appbbl": "1013730001.00000000",
            "appdate": "2023-12-06T00:00:00.000",
            "plutomapid": "1",
            "version": "26v2",
            "sanitdistrict": "8",
            "healthcenterdistrict": "13",
            "firm07_flag": "1",
            "pfirm15_flag": "1",
            "bct2020": "1023804",
            "bctcb2020": "10238041000",
            "transitzone": "Inner Transit Zone"
          }
        }
      },
      "geometry": {
        "type": "MultiPolygon",
        "coordinates": [
          [
            [
              [
                -73.945133805677,
                40.768467909534
              ],
              [
                -73.945105060047,
                40.768500263554
              ],
              [
                -73.94515149155,
                40.768524112098
              ],
              [
                -73.945162093679,
                40.768529557088
              ],
              [
                -73.945135626636,
                40.768559343063
              ],
              [
                -73.945142679334,
                40.768562964645
              ],
              [
                -73.945074522885,
                40.768639672215
              ],
              [
                -73.945069608369,
                40.768637148462
              ],
              [
                -73.945032303766,
                40.768617989561
              ],
              [
                -73.945027390897,
                40.768623519012
              ],
              [
                -73.94498362322,
                40.768601039556
              ],
              [
                -73.944973481644,
                40.768595830701
              ],
              [
                -73.944990801168,
                40.76857633856
              ],
              [
                -73.944934744314,
                40.768547548789
              ],
              [
                -73.944969002793,
                40.768508992073
              ],
              [
                -73.944948604832,
                40.768498515772
              ],
              [
                -73.945067200985,
                40.768365040254
              ],
              [
                -73.945132166827,
                40.768398406062
              ],
              [
                -73.945175695267,
                40.76842076198
              ],
              [
                -73.945133805677,
                40.768467909534
              ]
            ]
          ]
        ]
      }
    },
    {
      "type": "Feature",
      "id": "1086085",
      "properties": {
        "bin": "1086085",
        "bbl": "1013730001",
        "address": "MAIN STREET",
        "building_use": "Multi-Family Elevator Buildings",
        "pluto_landuse_code": "3",
        "building_class": "D4",
        "pluto_year_built": "1975",
        "pluto_floors": "18.0000000",
        "residential_units": "8018",
        "total_units": "8088",
        "building_area_sqft": "4786701",
        "lot_area_sqft": "4227757",
        "construction_year": "1975",
        "height_roof": "125",
        "feature_code": "2100",
        "geometry_source": "Other (Manual)",
        "last_status_type": "Constructed",
        "retrieved_on": "2026-09-29",
        "source_footprint": "NYC DoITT BUILDING (Socrata 5zhs-2jue)",
        "source_taxlot": "NYC DCP PLUTO 26v2 (Socrata 64uk-42ks)",
        "source_boundary": "OpenStreetMap relation 2389564 (Roosevelt Island)",
        "source_attributes": {
          "building": {
            "name": null,
            "base_bbl": "1013730001",
            "shape_area": "6697.32421875",
            "construction_year": "1975",
            "ground_elevation": "15",
            "mappluto_bbl": "1013730001",
            "objectid": "1064225",
            "feature_code": "2100",
            "shape_length": "686.21885904870794",
            "height_roof": "125",
            "last_status_type": "Constructed",
            "bin": "1086085",
            "last_edited_date": "2017-08-22T18:50:08.000Z",
            "geom_source": "Other (Manual)",
            "doitt_id": "490107"
          },
          "pluto": {
            "borough": "MN",
            "block": "1373",
            "lot": "1",
            "cd": "108",
            "ct2010": "238.01",
            "cb2010": "1015",
            "schooldist": "2",
            "council": "5",
            "zipcode": "10044",
            "firecomp": "E260",
            "policeprct": "114",
            "healtharea": "8300",
            "sanitboro": "1",
            "address": "MAIN STREET",
            "zonedist1": "R7-2",
            "splitzone": false,
            "bldgclass": "D4",
            "landuse": "3",
            "easements": "1",
            "ownertype": "C",
            "ownername": "RIVERWALK 8 AFFORDABLE, L.P.",
            "lotarea": "4227757",
            "bldgarea": "4786701",
            "comarea": "1046956",
            "resarea": "3739745",
            "officearea": "7496",
            "retailarea": "537154",
            "garagearea": "406500",
            "strgearea": "0",
            "factryarea": "0",
            "otherarea": "95806",
            "areasource": "2",
            "numbldgs": "38",
            "numfloors": "18.0000000",
            "unitsres": "8018",
            "unitstotal": "8088",
            "lotfront": "200.0000000",
            "lotdepth": "102.5000000",
            "bldgfront": "0.0000000",
            "bldgdepth": "0.0000000",
            "ext": "N",
            "proxcode": "0",
            "irrlotcode": true,
            "lottype": "7",
            "bsmtcode": "0",
            "assessland": "134391150.00000",
            "assesstot": "592936650.00000",
            "exempttot": "592936650.00000",
            "yearbuilt": "1975",
            "yearalter1": "0",
            "yearalter2": "0",
            "landmark": "INDIVIDUAL LANDMARK",
            "builtfar": "1.13000000000",
            "residfar": "3.44000000000",
            "commfar": "0.00000000000",
            "facilfar": "6.50000000000",
            "affresfar": "5.01000000000",
            "mnffar": "0.00000000000",
            "borocode": "1",
            "bbl": "1013730001.00000000",
            "tract2010": "23801",
            "xcoord": "996792",
            "ycoord": "215349",
            "latitude": "40.7577508",
            "longitude": "-73.9547287",
            "zonemap": "9a",
            "zmcode": true,
            "sanborn": "106E070",
            "taxmap": "10507",
            "appbbl": "1013730001.00000000",
            "appdate": "2023-12-06T00:00:00.000",
            "plutomapid": "1",
            "version": "26v2",
            "sanitdistrict": "8",
            "healthcenterdistrict": "13",
            "firm07_flag": "1",
            "pfirm15_flag": "1",
            "bct2020": "1023804",
            "bctcb2020": "10238041000",
            "transitzone": "Inner Transit Zone"
          }
        }
      },
      "geometry": {
        "type": "MultiPolygon",
        "coordinates": [
          [
            [
              [
                -73.943891719457,
                40.769273780114
              ],
              [
                -73.943862858692,
                40.769258920351
              ],
              [
                -73.943859280643,
                40.769262937557
              ],
              [
                -73.943857343726,
                40.769261940656
              ],
              [
                -73.943669997109,
                40.769165474601
              ],
              [
                -73.943569170736,
                40.769179923376
              ],
              [
                -73.943554009166,
                40.769182096069
              ],
              [
                -73.943455004653,
                40.769130703501
              ],
              [
                -73.943449573613,
                40.769108805085
              ],
              [
                -73.943432794195,
                40.769041141997
              ],
              [
                -73.943437655012,
                40.769035729654
              ],
              [
                -73.94340235284,
                40.769017404175
              ],
              [
                -73.943421770022,
                40.768995783609
              ],
              [
                -73.943440203174,
                40.76897525757
              ],
              [
                -73.94346041703,
                40.768952749492
              ],
              [
                -73.943495719184,
                40.768971074952
              ],
              [
                -73.943500389115,
                40.768965875032
              ],
              [
                -73.943552143696,
                40.768958458634
              ],
              [
                -73.943618192665,
                40.768948993359
              ],
              [
                -73.943746548006,
                40.768804906142
              ],
              [
                -73.943751500364,
                40.768807456085
              ],
              [
                -73.943769344277,
                40.768787425882
              ],
              [
                -73.943726194972,
                40.768765208297
              ],
              [
                -73.944064318124,
                40.768385637655
              ],
              [
                -73.944239575259,
                40.768475879251
              ],
              [
                -73.944338065927,
                40.768526591923
              ],
              [
                -73.944347797793,
                40.768531603425
              ],
              [
                -73.944588101954,
                40.768655335911
              ],
              [
                -73.944585179587,
                40.768658615942
              ],
              [
                -73.944465773682,
                40.768792661488
              ],
              [
                -73.944456179105,
                40.768787721201
              ],
              [
                -73.944421139493,
                40.768769678919
              ],
              [
                -73.944386452711,
                40.768751819599
              ],
              [
                -73.944207609721,
                40.768659732262
              ],
              [
                -73.944124718349,
                40.768617051436
              ],
              [
                -73.944097351034,
                40.768647773259
              ],
              [
                -73.943925665721,
                40.76884050572
              ],
              [
                -73.943908925597,
                40.768859297391
              ],
              [
                -73.943864360223,
                40.768836350661
              ],
              [
                -73.943846516325,
                40.768856379978
              ],
              [
                -73.943853151051,
                40.76885979612
              ],
              [
                -73.943719530728,
                40.769009793592
              ],
              [
                -73.94373811648,
                40.769084736293
              ],
              [
                -73.943772452817,
                40.769102416436
              ],
              [
                -73.943930006904,
                40.769183542157
              ],
              [
                -73.9439261301,
                40.769187894207
              ],
              [
                -73.943954990847,
                40.769202754854
              ],
              [
                -73.943984883711,
                40.769169197708
              ],
              [
                -73.944085070605,
                40.769220784003
              ],
              [
                -73.944279434001,
                40.769320861995
              ],
              [
                -73.944392696793,
                40.769379181107
              ],
              [
                -73.944405110415,
                40.769385572569
              ],
              [
                -73.944512393331,
                40.769440811656
              ],
              [
                -73.944646514097,
                40.769509870062
              ],
              [
                -73.944523094843,
                40.769648418943
              ],
              [
                -73.94445481903,
                40.769613263703
              ],
              [
                -73.944326955395,
                40.769547427399
              ],
              [
                -73.944172548061,
                40.769467923756
              ],
              [
                -73.943861463713,
                40.769307745888
              ],
              [
                -73.943881401446,
                40.769285362772
              ],
              [
                -73.943891719457,
                40.769273780114
              ]
            ]
          ]
        ]
      }
    },
    {
      "type": "Feature",
      "id": "1086203",
      "properties": {
        "bin": "1086203",
        "bbl": "1013730003",
        "address": "465 MAIN STREET",
        "building_use": "Multi-Family Elevator Buildings",
        "pluto_landuse_code": "3",
        "building_class": "D3",
        "pluto_year_built": "2003",
        "pluto_floors": "16.0000000",
        "residential_units": "136",
        "total_units": "136",
        "building_area_sqft": "144000",
        "lot_area_sqft": "52155",
        "construction_year": "2003",
        "height_roof": "148",
        "feature_code": "2100",
        "geometry_source": "Other (Manual)",
        "last_status_type": "Constructed",
        "retrieved_on": "2026-09-29",
        "source_footprint": "NYC DoITT BUILDING (Socrata 5zhs-2jue)",
        "source_taxlot": "NYC DCP PLUTO 26v2 (Socrata 64uk-42ks)",
        "source_boundary": "OpenStreetMap relation 2389564 (Roosevelt Island)",
        "source_attributes": {
          "building": {
            "name": null,
            "base_bbl": "1013730003",
            "shape_area": "1509.10546875",
            "construction_year": "2003",
            "ground_elevation": "23",
            "mappluto_bbl": "1013730003",
            "objectid": "1075467",
            "feature_code": "2100",
            "shape_length": "178.70217339064442",
            "height_roof": "148",
            "last_status_type": "Constructed",
            "bin": "1086203",
            "last_edited_date": "2021-05-07T15:20:59.000Z",
            "geom_source": "Other (Manual)",
            "doitt_id": "913184"
          },
          "pluto": {
            "borough": "MN",
            "block": "1373",
            "lot": "3",
            "cd": "108",
            "ct2010": "238.01",
            "cb2010": "1006",
            "schooldist": "2",
            "council": "5",
            "zipcode": "10044",
            "firecomp": "E260",
            "policeprct": "114",
            "healtharea": "8300",
            "sanitboro": "1",
            "address": "465 MAIN STREET",
            "zonedist1": "R7-2",
            "splitzone": false,
            "bldgclass": "D3",
            "landuse": "3",
            "easements": "0",
            "ownertype": "C",
            "ownername": "SOUTHTOWN ASSOCIATES 2 LLC",
            "lotarea": "52155",
            "bldgarea": "144000",
            "comarea": "0",
            "resarea": "144000",
            "officearea": "0",
            "retailarea": "0",
            "garagearea": "0",
            "strgearea": "0",
            "factryarea": "0",
            "otherarea": "0",
            "areasource": "2",
            "numbldgs": "1",
            "numfloors": "16.0000000",
            "unitsres": "136",
            "unitstotal": "136",
            "lotfront": "214.0000000",
            "lotdepth": "273.0000000",
            "bldgfront": "80.0000000",
            "bldgdepth": "130.0000000",
            "ext": "N",
            "proxcode": "0",
            "irrlotcode": true,
            "lottype": "5",
            "bsmtcode": "0",
            "assessland": "3217500.00000",
            "assesstot": "15994350.00000",
            "exempttot": "15994350.00000",
            "yearbuilt": "2003",
            "yearalter1": "0",
            "yearalter2": "0",
            "builtfar": "2.76000000000",
            "residfar": "3.44000000000",
            "commfar": "0.00000000000",
            "facilfar": "6.50000000000",
            "affresfar": "5.01000000000",
            "mnffar": "0.00000000000",
            "borocode": "1",
            "bbl": "1013730003.00000000",
            "tract2010": "23801",
            "xcoord": "997632",
            "ycoord": "216091",
            "latitude": "40.7597862",
            "longitude": "-73.9516951",
            "zonemap": "9b",
            "zmcode": true,
            "sanborn": "16E 070",
            "taxmap": "10507",
            "appbbl": "1013730001.00000000",
            "appdate": "2004-01-09T00:00:00.000",
            "plutomapid": "1",
            "version": "26v2",
            "sanitdistrict": "8",
            "healthcenterdistrict": "13",
            "bct2020": "1023804",
            "bctcb2020": "10238043000",
            "transitzone": "Inner Transit Zone"
          }
        }
      },
      "geometry": {
        "type": "MultiPolygon",
        "coordinates": [
          [
            [
              [
                -73.952054840052,
                40.75967189743
              ],
              [
                -73.951941646528,
                40.759609948651
              ],
              [
                -73.951970308895,
                40.759579667615
              ],
              [
                -73.951925566872,
                40.759555181331
              ],
              [
                -73.952035366386,
                40.759439181714
              ],
              [
                -73.952081730188,
                40.759464555627
              ],
              [
                -73.952109292588,
                40.759435437551
              ],
              [
                -73.952110429169,
                40.759434236749
              ],
              [
                -73.952223006971,
                40.759495848319
              ],
              [
                -73.952211609168,
                40.759507889648
              ],
              [
                -73.952223099224,
                40.759514178138
              ],
              [
                -73.952347852772,
                40.759582452968
              ],
              [
                -73.952337054675,
                40.7595938597
              ],
              [
                -73.952424601205,
                40.759641771236
              ],
              [
                -73.952436347008,
                40.759648199388
              ],
              [
                -73.952404826188,
                40.759681500553
              ],
              [
                -73.952428416064,
                40.759694410931
              ],
              [
                -73.952367220842,
                40.759759061717
              ],
              [
                -73.952363426714,
                40.759756985385
              ],
              [
                -73.952343630956,
                40.759746151327
              ],
              [
                -73.952312114784,
                40.759779447966
              ],
              [
                -73.95223757945,
                40.759738656631
              ],
              [
                -73.952212823539,
                40.759725109073
              ],
              [
                -73.952202578872,
                40.759735932495
              ],
              [
                -73.952065326509,
                40.759660818377
              ],
              [
                -73.952054840052,
                40.75967189743
              ]
            ]
          ]
        ]
      }
    },
    {
      "type": "Feature",
      "id": "1086204",
      "properties": {
        "bin": "1086204",
        "bbl": "1013730002",
        "address": "475 MAIN STREET",
        "building_use": "Multi-Family Elevator Buildings",
        "pluto_landuse_code": "3",
        "building_class": "D3",
        "pluto_year_built": "2003",
        "pluto_floors": "16.0000000",
        "residential_units": "258",
        "total_units": "258",
        "building_area_sqft": "211000",
        "lot_area_sqft": "35918",
        "construction_year": "2003",
        "height_roof": "152",
        "feature_code": "2100",
        "geometry_source": "Other (Manual)",
        "last_status_type": "Constructed",
        "retrieved_on": "2026-09-29",
        "source_footprint": "NYC DoITT BUILDING (Socrata 5zhs-2jue)",
        "source_taxlot": "NYC DCP PLUTO 26v2 (Socrata 64uk-42ks)",
        "source_boundary": "OpenStreetMap relation 2389564 (Roosevelt Island)",
        "source_attributes": {
          "building": {
            "name": null,
            "base_bbl": "1013730002",
            "shape_area": "2413.76171875",
            "construction_year": "2003",
            "ground_elevation": "19",
            "mappluto_bbl": "1013730002",
            "objectid": "1079594",
            "feature_code": "2100",
            "shape_length": "266.92026282708838",
            "height_roof": "152",
            "last_status_type": "Constructed",
            "bin": "1086204",
            "last_edited_date": "2021-05-07T15:21:23.000Z",
            "geom_source": "Other (Manual)",
            "doitt_id": "913149"
          },
          "pluto": {
            "borough": "MN",
            "block": "1373",
            "lot": "2",
            "cd": "108",
            "ct2010": "238.01",
            "cb2010": "1006",
            "schooldist": "2",
            "council": "5",
            "zipcode": "10044",
            "firecomp": "E260",
            "policeprct": "114",
            "healtharea": "8300",
            "sanitboro": "1",
            "address": "475 MAIN STREET",
            "zonedist1": "R7-2",
            "splitzone": false,
            "bldgclass": "D3",
            "landuse": "3",
            "easements": "0",
            "ownertype": "C",
            "ownername": "S.K.I. REALTY, INC.",
            "lotarea": "35918",
            "bldgarea": "211000",
            "comarea": "0",
            "resarea": "211000",
            "officearea": "0",
            "retailarea": "0",
            "garagearea": "0",
            "strgearea": "0",
            "factryarea": "0",
            "otherarea": "0",
            "areasource": "2",
            "numbldgs": "1",
            "numfloors": "16.0000000",
            "unitsres": "258",
            "unitstotal": "258",
            "lotfront": "128.0000000",
            "lotdepth": "249.0000000",
            "bldgfront": "85.0000000",
            "bldgdepth": "185.0000000",
            "ext": "N",
            "proxcode": "0",
            "irrlotcode": true,
            "lottype": "5",
            "bsmtcode": "0",
            "assessland": "2214000.00000",
            "assesstot": "23247900.00000",
            "exempttot": "23247900.00000",
            "yearbuilt": "2003",
            "yearalter1": "0",
            "yearalter2": "0",
            "landmark": "INDIVIDUAL LANDMARK",
            "builtfar": "5.87000000000",
            "residfar": "3.44000000000",
            "commfar": "0.00000000000",
            "facilfar": "6.50000000000",
            "affresfar": "5.01000000000",
            "mnffar": "0.00000000000",
            "borocode": "1",
            "bbl": "1013730002.00000000",
            "tract2010": "23801",
            "xcoord": "997721",
            "ycoord": "216204",
            "latitude": "40.7600962",
            "longitude": "-73.9513736",
            "zonemap": "9a",
            "zmcode": true,
            "sanborn": "106E070",
            "taxmap": "10507",
            "appbbl": "1013730001.00000000",
            "appdate": "2004-01-09T00:00:00.000",
            "plutomapid": "1",
            "version": "26v2",
            "sanitdistrict": "8",
            "healthcenterdistrict": "13",
            "bct2020": "1023804",
            "bctcb2020": "10238043000",
            "transitzone": "Inner Transit Zone"
          }
        }
      },
      "geometry": {
        "type": "MultiPolygon",
        "coordinates": [
          [
            [
              [
                -73.951788945422,
                40.760180088667
              ],
              [
                -73.951672889992,
                40.760025173901
              ],
              [
                -73.951670862094,
                40.760022467032
              ],
              [
                -73.95164179952,
                40.759983672789
              ],
              [
                -73.951608112105,
                40.759938705435
              ],
              [
                -73.951536497069,
                40.75984311014
              ],
              [
                -73.951690887811,
                40.759670464426
              ],
              [
                -73.951758787671,
                40.75959453708
              ],
              [
                -73.95175916102,
                40.759594119402
              ],
              [
                -73.951763851246,
                40.759596708517
              ],
              [
                -73.951857918652,
                40.75964862866
              ],
              [
                -73.951861779039,
                40.759650759066
              ],
              [
                -73.951838779543,
                40.759674852371
              ],
              [
                -73.951862600069,
                40.759687999795
              ],
              [
                -73.951809905972,
                40.759743199434
              ],
              [
                -73.951864223873,
                40.75977299734
              ],
              [
                -73.951788508451,
                40.759852796349
              ],
              [
                -73.951828816792,
                40.759906600373
              ],
              [
                -73.95198870083,
                40.760120020155
              ],
              [
                -73.951994440484,
                40.760117534451
              ],
              [
                -73.952043270761,
                40.760096383016
              ],
              [
                -73.952049276421,
                40.760104398209
              ],
              [
                -73.952053800778,
                40.760110438878
              ],
              [
                -73.952057786804,
                40.76011575982
              ],
              [
                -73.952100581321,
                40.760172881341
              ],
              [
                -73.952033278665,
                40.760202033302
              ],
              [
                -73.951975250631,
                40.760227168335
              ],
              [
                -73.951861219013,
                40.760276560266
              ],
              [
                -73.951788945422,
                40.760180088667
              ]
            ]
          ]
        ]
      }
    },
    {
      "type": "Feature",
      "id": "1087189",
      "properties": {
        "bin": "1087189",
        "bbl": "1013737501",
        "address": "455 MAIN STREET",
        "building_use": "Mixed Residential & Commercial Buildings",
        "pluto_landuse_code": "4",
        "building_class": "RM",
        "pluto_year_built": "2004",
        "pluto_floors": "16.0000000",
        "residential_units": "230",
        "total_units": "232",
        "building_area_sqft": "188941",
        "lot_area_sqft": "63845",
        "construction_year": "2004",
        "height_roof": "182",
        "feature_code": "2100",
        "geometry_source": "Other (Manual)",
        "last_status_type": "Constructed",
        "retrieved_on": "2026-09-29",
        "source_footprint": "NYC DoITT BUILDING (Socrata 5zhs-2jue)",
        "source_taxlot": "NYC DCP PLUTO 26v2 (Socrata 64uk-42ks)",
        "source_boundary": "OpenStreetMap relation 2389564 (Roosevelt Island)",
        "source_attributes": {
          "building": {
            "name": null,
            "base_bbl": "1013730004",
            "shape_area": "2508.96875",
            "construction_year": "2004",
            "ground_elevation": "23",
            "mappluto_bbl": "1013737501",
            "objectid": "1075695",
            "feature_code": "2100",
            "shape_length": "288.97595784931275",
            "height_roof": "182",
            "last_status_type": "Constructed",
            "bin": "1087189",
            "last_edited_date": "2021-05-07T15:20:47.000Z",
            "geom_source": "Other (Manual)",
            "doitt_id": "990201"
          },
          "pluto": {
            "borough": "MN",
            "block": "1373",
            "lot": "7501",
            "cd": "108",
            "ct2010": "238.01",
            "cb2010": "1008",
            "schooldist": "2",
            "council": "5",
            "zipcode": "10044",
            "firecomp": "E260",
            "policeprct": "114",
            "healtharea": "8300",
            "sanitboro": "1",
            "address": "455 MAIN STREET",
            "zonedist1": "R7-2",
            "splitzone": false,
            "bldgclass": "RM",
            "landuse": "4",
            "easements": "0",
            "ownertype": "X",
            "ownername": "UNAVAILABLE OWNER",
            "lotarea": "63845",
            "bldgarea": "188941",
            "comarea": "4865",
            "resarea": "184076",
            "officearea": "0",
            "retailarea": "4865",
            "garagearea": "0",
            "strgearea": "0",
            "factryarea": "0",
            "otherarea": "0",
            "areasource": "2",
            "numbldgs": "1",
            "numfloors": "16.0000000",
            "unitsres": "230",
            "unitstotal": "232",
            "lotfront": "130.0000000",
            "lotdepth": "273.0000000",
            "bldgfront": "0.0000000",
            "bldgdepth": "0.0000000",
            "proxcode": "0",
            "irrlotcode": true,
            "lottype": "5",
            "bsmtcode": "5",
            "assessland": "2880006.00000",
            "assesstot": "27196661.00000",
            "exempttot": "27196661.00000",
            "yearbuilt": "2004",
            "yearalter1": "0",
            "yearalter2": "0",
            "builtfar": "2.96000000000",
            "residfar": "3.44000000000",
            "commfar": "0.00000000000",
            "facilfar": "6.50000000000",
            "affresfar": "5.01000000000",
            "mnffar": "0.00000000000",
            "borocode": "1",
            "bbl": "1013737501.00000000",
            "condono": "1518",
            "tract2010": "23801",
            "xcoord": "997499",
            "ycoord": "215980",
            "latitude": "40.7594817",
            "longitude": "-73.9521754",
            "zonemap": "9b",
            "sanborn": "16E 070",
            "taxmap": "10507",
            "appbbl": "1013730004.00000000",
            "appdate": "2006-03-14T00:00:00.000",
            "plutomapid": "1",
            "version": "26v2",
            "sanitdistrict": "8",
            "healthcenterdistrict": "13",
            "bct2020": "1023804",
            "bctcb2020": "10238043000",
            "transitzone": "Inner Transit Zone"
          }
        }
      },
      "geometry": {
        "type": "MultiPolygon",
        "coordinates": [
          [
            [
              [
                -73.952370750744,
                40.759259480092
              ],
              [
                -73.952302570813,
                40.759238439499
              ],
              [
                -73.952247177078,
                40.759295601325
              ],
              [
                -73.952264370519,
                40.75930523575
              ],
              [
                -73.952217622357,
                40.759353475338
              ],
              [
                -73.952172169353,
                40.759328007303
              ],
              [
                -73.952123575778,
                40.75930078016
              ],
              [
                -73.952073772406,
                40.759272875313
              ],
              [
                -73.952069904955,
                40.75927070799
              ],
              [
                -73.95229502935,
                40.759038399077
              ],
              [
                -73.952300537338,
                40.75904009881
              ],
              [
                -73.952428572091,
                40.759079610082
              ],
              [
                -73.952500800018,
                40.759101899469
              ],
              [
                -73.952493316109,
                40.759115919949
              ],
              [
                -73.952607852246,
                40.759151266021
              ],
              [
                -73.952614481506,
                40.759153311994
              ],
              [
                -73.952611063891,
                40.75915971498
              ],
              [
                -73.952607611885,
                40.759166182789
              ],
              [
                -73.952615146913,
                40.759168508291
              ],
              [
                -73.95274559748,
                40.75920876402
              ],
              [
                -73.952738629453,
                40.759221819386
              ],
              [
                -73.952794834421,
                40.759239163644
              ],
              [
                -73.952843616852,
                40.759254217554
              ],
              [
                -73.952837829938,
                40.759265061769
              ],
              [
                -73.952953368189,
                40.75930071588
              ],
              [
                -73.952952892667,
                40.759301606285
              ],
              [
                -73.952940495893,
                40.759324833352
              ],
              [
                -73.952877458861,
                40.759442941241
              ],
              [
                -73.952866691386,
                40.759463114453
              ],
              [
                -73.952848332116,
                40.759497511636
              ],
              [
                -73.952739653758,
                40.759463974621
              ],
              [
                -73.952735000582,
                40.759462538208
              ],
              [
                -73.952738245067,
                40.759456460229
              ],
              [
                -73.952776540861,
                40.759384705681
              ],
              [
                -73.95270179651,
                40.7593616401
              ],
              [
                -73.952370750744,
                40.759259480092
              ]
            ]
          ]
        ]
      }
    },
    {
      "type": "Feature",
      "id": "1087292",
      "properties": {
        "bin": "1087292",
        "bbl": "1013737502",
        "address": "425 MAIN STREET",
        "building_use": "Mixed Residential & Commercial Buildings",
        "pluto_landuse_code": "4",
        "building_class": "RM",
        "pluto_year_built": "2006",
        "pluto_floors": "16.0000000",
        "residential_units": "216",
        "total_units": "218",
        "building_area_sqft": "195990",
        "lot_area_sqft": "45544",
        "construction_year": "2006",
        "height_roof": "184",
        "feature_code": "2100",
        "geometry_source": "Other (Manual)",
        "last_status_type": "Constructed",
        "retrieved_on": "2026-09-29",
        "source_footprint": "NYC DoITT BUILDING (Socrata 5zhs-2jue)",
        "source_taxlot": "NYC DCP PLUTO 26v2 (Socrata 64uk-42ks)",
        "source_boundary": "OpenStreetMap relation 2389564 (Roosevelt Island)",
        "source_attributes": {
          "building": {
            "name": null,
            "base_bbl": "1013730005",
            "shape_area": "2322.23046875",
            "construction_year": "2006",
            "ground_elevation": "20",
            "mappluto_bbl": "1013737502",
            "objectid": "1037199",
            "feature_code": "2100",
            "shape_length": "275.2370958442097",
            "height_roof": "184",
            "last_status_type": "Constructed",
            "bin": "1087292",
            "last_edited_date": "2017-08-22T18:12:56.000Z",
            "geom_source": "Other (Manual)",
            "doitt_id": "1097676"
          },
          "pluto": {
            "borough": "MN",
            "block": "1373",
            "lot": "7502",
            "cd": "108",
            "ct2010": "238.01",
            "cb2010": "1008",
            "schooldist": "2",
            "council": "5",
            "zipcode": "10044",
            "firecomp": "E260",
            "policeprct": "114",
            "healtharea": "8300",
            "sanitboro": "1",
            "address": "425 MAIN STREET",
            "zonedist1": "R7-2",
            "splitzone": false,
            "bldgclass": "RM",
            "landuse": "4",
            "easements": "0",
            "ownertype": "X",
            "ownername": "UNAVAILABLE OWNER",
            "lotarea": "45544",
            "bldgarea": "195990",
            "comarea": "10042",
            "resarea": "185948",
            "officearea": "0",
            "retailarea": "10042",
            "garagearea": "0",
            "strgearea": "0",
            "factryarea": "0",
            "otherarea": "0",
            "areasource": "2",
            "numbldgs": "1",
            "numfloors": "16.0000000",
            "unitsres": "216",
            "unitstotal": "218",
            "lotfront": "315.0000000",
            "lotdepth": "128.0000000",
            "bldgfront": "205.0000000",
            "bldgdepth": "128.0000000",
            "proxcode": "0",
            "irrlotcode": true,
            "lottype": "0",
            "bsmtcode": "5",
            "assessland": "2042994.00000",
            "assesstot": "25063952.00000",
            "exempttot": "25063952.00000",
            "yearbuilt": "2006",
            "yearalter1": "0",
            "yearalter2": "0",
            "builtfar": "4.30000000000",
            "residfar": "3.44000000000",
            "commfar": "0.00000000000",
            "facilfar": "6.50000000000",
            "affresfar": "5.01000000000",
            "mnffar": "0.00000000000",
            "borocode": "1",
            "bbl": "1013737502.00000000",
            "condono": "1714",
            "tract2010": "23801",
            "xcoord": "997246",
            "ycoord": "215675",
            "latitude": "40.7586449",
            "longitude": "-73.9530893",
            "zonemap": "9b",
            "sanborn": "16E 070",
            "taxmap": "10507",
            "appbbl": "1013730005.00000000",
            "appdate": "2007-08-21T00:00:00.000",
            "plutomapid": "1",
            "version": "26v2",
            "sanitdistrict": "8",
            "healthcenterdistrict": "13",
            "bct2020": "1023804",
            "bctcb2020": "10238042001",
            "transitzone": "Inner Transit Zone"
          }
        }
      },
      "geometry": {
        "type": "MultiPolygon",
        "coordinates": [
          [
            [
              [
                -73.952787966462,
                40.758541267564
              ],
              [
                -73.953039264745,
                40.758295857443
              ],
              [
                -73.953087727845,
                40.758324551074
              ],
              [
                -73.953128780644,
                40.75834885801
              ],
              [
                -73.9531929843,
                40.758386871925
              ],
              [
                -73.953192959413,
                40.758386897129
              ],
              [
                -73.953134445467,
                40.75844403921
              ],
              [
                -73.953119683954,
                40.758435299204
              ],
              [
                -73.953041502445,
                40.758511649112
              ],
              [
                -73.953192670304,
                40.758601150603
              ],
              [
                -73.953376302254,
                40.758709873712
              ],
              [
                -73.953424593827,
                40.758662713981
              ],
              [
                -73.953524955055,
                40.75872213382
              ],
              [
                -73.953487984475,
                40.758758239061
              ],
              [
                -73.953362086062,
                40.758881188158
              ],
              [
                -73.952787966462,
                40.758541267564
              ]
            ]
          ]
        ]
      }
    },
    {
      "type": "Feature",
      "id": "1087293",
      "properties": {
        "bin": "1087293",
        "bbl": "1013730001",
        "address": "MAIN STREET",
        "building_use": "Multi-Family Elevator Buildings",
        "pluto_landuse_code": "3",
        "building_class": "D4",
        "pluto_year_built": "1975",
        "pluto_floors": "18.0000000",
        "residential_units": "8018",
        "total_units": "8088",
        "building_area_sqft": "4786701",
        "lot_area_sqft": "4227757",
        "construction_year": "1975",
        "height_roof": "172.53",
        "feature_code": "2100",
        "geometry_source": "Photogrammetric",
        "last_status_type": "Constructed",
        "retrieved_on": "2026-09-29",
        "source_footprint": "NYC DoITT BUILDING (Socrata 5zhs-2jue)",
        "source_taxlot": "NYC DCP PLUTO 26v2 (Socrata 64uk-42ks)",
        "source_boundary": "OpenStreetMap relation 2389564 (Roosevelt Island)",
        "source_attributes": {
          "building": {
            "name": null,
            "base_bbl": "1013730001",
            "shape_area": "6842.80078125",
            "construction_year": "1975",
            "ground_elevation": "21",
            "mappluto_bbl": "1013730001",
            "objectid": "541401",
            "feature_code": "2100",
            "shape_length": "835.48298211049439",
            "height_roof": "172.53",
            "last_status_type": "Constructed",
            "bin": "1087293",
            "last_edited_date": "2018-12-07T18:34:42.000Z",
            "geom_source": "Photogrammetric",
            "doitt_id": "1257224"
          },
          "pluto": {
            "borough": "MN",
            "block": "1373",
            "lot": "1",
            "cd": "108",
            "ct2010": "238.01",
            "cb2010": "1015",
            "schooldist": "2",
            "council": "5",
            "zipcode": "10044",
            "firecomp": "E260",
            "policeprct": "114",
            "healtharea": "8300",
            "sanitboro": "1",
            "address": "MAIN STREET",
            "zonedist1": "R7-2",
            "splitzone": false,
            "bldgclass": "D4",
            "landuse": "3",
            "easements": "1",
            "ownertype": "C",
            "ownername": "RIVERWALK 8 AFFORDABLE, L.P.",
            "lotarea": "4227757",
            "bldgarea": "4786701",
            "comarea": "1046956",
            "resarea": "3739745",
            "officearea": "7496",
            "retailarea": "537154",
            "garagearea": "406500",
            "strgearea": "0",
            "factryarea": "0",
            "otherarea": "95806",
            "areasource": "2",
            "numbldgs": "38",
            "numfloors": "18.0000000",
            "unitsres": "8018",
            "unitstotal": "8088",
            "lotfront": "200.0000000",
            "lotdepth": "102.5000000",
            "bldgfront": "0.0000000",
            "bldgdepth": "0.0000000",
            "ext": "N",
            "proxcode": "0",
            "irrlotcode": true,
            "lottype": "7",
            "bsmtcode": "0",
            "assessland": "134391150.00000",
            "assesstot": "592936650.00000",
            "exempttot": "592936650.00000",
            "yearbuilt": "1975",
            "yearalter1": "0",
            "yearalter2": "0",
            "landmark": "INDIVIDUAL LANDMARK",
            "builtfar": "1.13000000000",
            "residfar": "3.44000000000",
            "commfar": "0.00000000000",
            "facilfar": "6.50000000000",
            "affresfar": "5.01000000000",
            "mnffar": "0.00000000000",
            "borocode": "1",
            "bbl": "1013730001.00000000",
            "tract2010": "23801",
            "xcoord": "996792",
            "ycoord": "215349",
            "latitude": "40.7577508",
            "longitude": "-73.9547287",
            "zonemap": "9a",
            "zmcode": true,
            "sanborn": "106E070",
            "taxmap": "10507",
            "appbbl": "1013730001.00000000",
            "appdate": "2023-12-06T00:00:00.000",
            "plutomapid": "1",
            "version": "26v2",
            "sanitdistrict": "8",
            "healthcenterdistrict": "13",
            "firm07_flag": "1",
            "pfirm15_flag": "1",
            "bct2020": "1023804",
            "bctcb2020": "10238041000",
            "transitzone": "Inner Transit Zone"
          }
        }
      },
      "geometry": {
        "type": "MultiPolygon",
        "coordinates": [
          [
            [
              [
                -73.951254556931,
                40.761663372159
              ],
              [
                -73.951294912096,
                40.76162327354
              ],
              [
                -73.951415739477,
                40.761697517143
              ],
              [
                -73.951358764786,
                40.761762045786
              ],
              [
                -73.951348076781,
                40.761756589617
              ],
              [
                -73.951319415153,
                40.761789050612
              ],
              [
                -73.95136739992,
                40.761813544795
              ],
              [
                -73.951380385836,
                40.761820173488
              ],
              [
                -73.951352802817,
                40.761851412061
              ],
              [
                -73.951317422882,
                40.761891483084
              ],
              [
                -73.951227646151,
                40.761845655349
              ],
              [
                -73.951216653687,
                40.761858105576
              ],
              [
                -73.951197045276,
                40.761880311823
              ],
              [
                -73.951208229332,
                40.761886021257
              ],
              [
                -73.951236790296,
                40.761900600814
              ],
              [
                -73.951190036114,
                40.761953555008
              ],
              [
                -73.951184651289,
                40.761959652745
              ],
              [
                -73.951188719084,
                40.761961729231
              ],
              [
                -73.951197918978,
                40.761966425659
              ],
              [
                -73.951185834826,
                40.761980110913
              ],
              [
                -73.951162604082,
                40.76200642102
              ],
              [
                -73.951050894856,
                40.761949397779
              ],
              [
                -73.951012730334,
                40.761929915347
              ],
              [
                -73.951047356619,
                40.761890698676
              ],
              [
                -73.95106276709,
                40.761898564828
              ],
              [
                -73.951067045606,
                40.761900748568
              ],
              [
                -73.951120055868,
                40.761840709206
              ],
              [
                -73.951087118181,
                40.761823895411
              ],
              [
                -73.951078741105,
                40.761819619859
              ],
              [
                -73.95107097738,
                40.761828412693
              ],
              [
                -73.951023185683,
                40.761804016623
              ],
              [
                -73.951007915431,
                40.761821310628
              ],
              [
                -73.950954954986,
                40.761794275654
              ],
              [
                -73.95094441736,
                40.761788896956
              ],
              [
                -73.950941481362,
                40.761792223071
              ],
              [
                -73.950879183794,
                40.761760422217
              ],
              [
                -73.950895559953,
                40.761741876098
              ],
              [
                -73.950839970247,
                40.761713499099
              ],
              [
                -73.950811021141,
                40.761698722067
              ],
              [
                -73.950830306041,
                40.761676880452
              ],
              [
                -73.950753425778,
                40.761637635135
              ],
              [
                -73.950737188285,
                40.761656024605
              ],
              [
                -73.95069955913,
                40.761636815151
              ],
              [
                -73.950677356932,
                40.7616254818
              ],
              [
                -73.95068248338,
                40.761619675739
              ],
              [
                -73.950615940763,
                40.761585707211
              ],
              [
                -73.950631781196,
                40.761567766039
              ],
              [
                -73.950582633141,
                40.761542676716
              ],
              [
                -73.950587579425,
                40.761537074997
              ],
              [
                -73.950547770891,
                40.761516753334
              ],
              [
                -73.950539978684,
                40.761525578538
              ],
              [
                -73.95049678725,
                40.761574496119
              ],
              [
                -73.950509414322,
                40.761580941954
              ],
              [
                -73.950476467465,
                40.761618257322
              ],
              [
                -73.950452167508,
                40.761605852326
              ],
              [
                -73.950330687982,
                40.761543838986
              ],
              [
                -73.950364640027,
                40.761505385855
              ],
              [
                -73.950379364873,
                40.761512902408
              ],
              [
                -73.95043014114,
                40.761455394617
              ],
              [
                -73.950468958711,
                40.76147520981
              ],
              [
                -73.950501327072,
                40.761438549763
              ],
              [
                -73.950414221112,
                40.761394084101
              ],
              [
                -73.950478702938,
                40.761321054782
              ],
              [
                -73.95048198459,
                40.76132273023
              ],
              [
                -73.950523619569,
                40.761275575173
              ],
              [
                -73.950545796764,
                40.761286895936
              ],
              [
                -73.950597153511,
                40.76122873095
              ],
              [
                -73.950618664191,
                40.761239711923
              ],
              [
                -73.950694295737,
                40.761154053177
              ],
              [
                -73.950713429225,
                40.761163820135
              ],
              [
                -73.95079183178,
                40.761075023349
              ],
              [
                -73.950800526017,
                40.761079461148
              ],
              [
                -73.950823064268,
                40.761090967516
              ],
              [
                -73.950919821993,
                40.760981381316
              ],
              [
                -73.950942909542,
                40.760993167051
              ],
              [
                -73.950969298813,
                40.760963278822
              ],
              [
                -73.951002132467,
                40.760926092035
              ],
              [
                -73.951025926773,
                40.760938238256
              ],
              [
                -73.951091827301,
                40.760971879395
              ],
              [
                -73.951125072185,
                40.760934227186
              ],
              [
                -73.951087734553,
                40.760915167464
              ],
              [
                -73.951097298617,
                40.760904334849
              ],
              [
                -73.95113741692,
                40.760858898887
              ],
              [
                -73.951120652352,
                40.760850340582
              ],
              [
                -73.951155281568,
                40.760811119371
              ],
              [
                -73.951178953924,
                40.760823203374
              ],
              [
                -73.951212436925,
                40.760785281089
              ],
              [
                -73.951255464127,
                40.760807244605
              ],
              [
                -73.951318740034,
                40.760839543653
              ],
              [
                -73.951285255881,
                40.760877467769
              ],
              [
                -73.95130458116,
                40.760887332865
              ],
              [
                -73.951270443885,
                40.760925995115
              ],
              [
                -73.95125481105,
                40.760918015432
              ],
              [
                -73.951201972325,
                40.760977861328
              ],
              [
                -73.95124989727,
                40.761002325821
              ],
              [
                -73.951258359006,
                40.760992743527
              ],
              [
                -73.951289427012,
                40.761008602851
              ],
              [
                -73.951296193951,
                40.761012057347
              ],
              [
                -73.95131067573,
                40.760995655369
              ],
              [
                -73.951379583465,
                40.761030830273
              ],
              [
                -73.951382461327,
                40.76102757166
              ],
              [
                -73.951444873285,
                40.761059430827
              ],
              [
                -73.951428562636,
                40.761077904112
              ],
              [
                -73.951474872948,
                40.761101543868
              ],
              [
                -73.951503722498,
                40.761116270265
              ],
              [
                -73.951402818228,
                40.761230554037
              ],
              [
                -73.951357289202,
                40.761207311705
              ],
              [
                -73.95132505735,
                40.761190858476
              ],
              [
                -73.951309086813,
                40.761208946471
              ],
              [
                -73.951138845198,
                40.761122042318
              ],
              [
                -73.951109106313,
                40.761155723891
              ],
              [
                -73.951087109014,
                40.761144494264
              ],
              [
                -73.951036597873,
                40.761201701691
              ],
              [
                -73.951031620925,
                40.761199161053
              ],
              [
                -73.951008967628,
                40.761224818511
              ],
              [
                -73.950995552124,
                40.76121797077
              ],
              [
                -73.95096907031,
                40.761247963423
              ],
              [
                -73.950973720513,
                40.761250338232
              ],
              [
                -73.950945546252,
                40.761282009601
              ],
              [
                -73.950828262451,
                40.76122214177
              ],
              [
                -73.950801256659,
                40.761252728494
              ],
              [
                -73.950793949881,
                40.761248999085
              ],
              [
                -73.950768123433,
                40.761278250856
              ],
              [
                -73.950779643185,
                40.761286252261
              ],
              [
                -73.95075652631,
                40.761312434465
              ],
              [
                -73.950760885281,
                40.761314659675
              ],
              [
                -73.950709159982,
                40.761373242409
              ],
              [
                -73.950731716075,
                40.761384756906
              ],
              [
                -73.950689873748,
                40.761432146081
              ],
              [
                -73.950684536902,
                40.761429422471
              ],
              [
                -73.950678846265,
                40.761435866749
              ],
              [
                -73.950724819159,
                40.761459335565
              ],
              [
                -73.950739919904,
                40.761442233332
              ],
              [
                -73.950809188877,
                40.761477593333
              ],
              [
                -73.95081391467,
                40.761472240949
              ],
              [
                -73.950874238437,
                40.761503034234
              ],
              [
                -73.950856400854,
                40.761523236656
              ],
              [
                -73.950931925519,
                40.761561789739
              ],
              [
                -73.950912958346,
                40.761583271305
              ],
              [
                -73.950966010948,
                40.761610353165
              ],
              [
                -73.950998486791,
                40.761626931767
              ],
              [
                -73.951014404173,
                40.761608905027
              ],
              [
                -73.951021304936,
                40.761612428034
              ],
              [
                -73.951077575359,
                40.76164115193
              ],
              [
                -73.951074298009,
                40.76164486422
              ],
              [
                -73.95113711173,
                40.761676929035
              ],
              [
                -73.951121510837,
                40.761694598426
              ],
              [
                -73.951137077542,
                40.761702544779
              ],
              [
                -73.95116735384,
                40.761718000372
              ],
              [
                -73.951170325381,
                40.761714635545
              ],
              [
                -73.951197187409,
                40.761728347206
              ],
              [
                -73.951254556931,
                40.761663372159
              ]
            ]
          ]
        ]
      }
    },
    {
      "type": "Feature",
      "id": "1087314",
      "properties": {
        "bin": "1087314",
        "bbl": "1013737504",
        "address": "405 MAIN STREET",
        "building_use": "Mixed Residential & Commercial Buildings",
        "pluto_landuse_code": "4",
        "building_class": "RM",
        "pluto_year_built": "2007",
        "pluto_floors": "16.0000000",
        "residential_units": "242",
        "total_units": "243",
        "building_area_sqft": "212021",
        "lot_area_sqft": "56268",
        "construction_year": "2007",
        "height_roof": "193",
        "feature_code": "2100",
        "geometry_source": "Other (Manual)",
        "last_status_type": "Constructed",
        "retrieved_on": "2026-09-29",
        "source_footprint": "NYC DoITT BUILDING (Socrata 5zhs-2jue)",
        "source_taxlot": "NYC DCP PLUTO 26v2 (Socrata 64uk-42ks)",
        "source_boundary": "OpenStreetMap relation 2389564 (Roosevelt Island)",
        "source_attributes": {
          "building": {
            "name": null,
            "base_bbl": "1013730007",
            "shape_area": "2841.21875",
            "construction_year": "2007",
            "ground_elevation": "17",
            "mappluto_bbl": "1013737504",
            "objectid": "670742",
            "feature_code": "2100",
            "shape_length": "278.02841126904",
            "height_roof": "193",
            "last_status_type": "Constructed",
            "bin": "1087314",
            "last_edited_date": "2017-08-22T18:19:12.000Z",
            "geom_source": "Other (Manual)",
            "doitt_id": "1097801"
          },
          "pluto": {
            "borough": "MN",
            "block": "1373",
            "lot": "7504",
            "cd": "108",
            "ct2010": "238.01",
            "cb2010": "1008",
            "schooldist": "2",
            "council": "5",
            "zipcode": "10044",
            "firecomp": "E260",
            "policeprct": "114",
            "healtharea": "8300",
            "sanitboro": "1",
            "address": "405 MAIN STREET",
            "zonedist1": "R7-2",
            "splitzone": false,
            "bldgclass": "RM",
            "landuse": "4",
            "easements": "0",
            "ownertype": "X",
            "ownername": "UNAVAILABLE OWNER",
            "lotarea": "56268",
            "bldgarea": "212021",
            "comarea": "2995",
            "resarea": "209026",
            "officearea": "0",
            "retailarea": "0",
            "garagearea": "0",
            "strgearea": "0",
            "factryarea": "0",
            "otherarea": "2995",
            "areasource": "2",
            "numbldgs": "1",
            "numfloors": "16.0000000",
            "unitsres": "242",
            "unitstotal": "243",
            "lotfront": "167.0000000",
            "lotdepth": "175.0000000",
            "bldgfront": "162.0000000",
            "bldgdepth": "91.0000000",
            "proxcode": "1",
            "irrlotcode": true,
            "lottype": "5",
            "bsmtcode": "5",
            "assessland": "4041000.00000",
            "assesstot": "33489990.00000",
            "exempttot": "33489990.00000",
            "yearbuilt": "2007",
            "yearalter1": "0",
            "yearalter2": "0",
            "builtfar": "3.77000000000",
            "residfar": "3.44000000000",
            "commfar": "0.00000000000",
            "facilfar": "6.50000000000",
            "affresfar": "5.01000000000",
            "mnffar": "0.00000000000",
            "borocode": "1",
            "bbl": "1013737504.00000000",
            "condono": "2053",
            "tract2010": "23801",
            "xcoord": "996999",
            "ycoord": "215434",
            "latitude": "40.7579838",
            "longitude": "-73.9539813",
            "zonemap": "9b",
            "sanborn": "16E 070",
            "taxmap": "10507",
            "appbbl": "1013730007.00000000",
            "appdate": "2009-08-26T00:00:00.000",
            "plutomapid": "1",
            "version": "26v2",
            "sanitdistrict": "8",
            "healthcenterdistrict": "13",
            "bct2020": "1023804",
            "bctcb2020": "10238042001",
            "transitzone": "Inner Transit Zone"
          }
        }
      },
      "geometry": {
        "type": "MultiPolygon",
        "coordinates": [
          [
            [
              [
                -73.954361590017,
                40.75808424155
              ],
              [
                -73.953971605936,
                40.757926907713
              ],
              [
                -73.953735339871,
                40.758002885955
              ],
              [
                -73.953701862765,
                40.757942693543
              ],
              [
                -73.9536811596,
                40.757905466439
              ],
              [
                -73.953656593545,
                40.757861296683
              ],
              [
                -73.953951178398,
                40.757766564591
              ],
              [
                -73.954024038561,
                40.757743133728
              ],
              [
                -73.954253739195,
                40.757830871344
              ],
              [
                -73.954264025576,
                40.757815299389
              ],
              [
                -73.954359044595,
                40.757851593214
              ],
              [
                -73.954561147267,
                40.757928789672
              ],
              [
                -73.954548478142,
                40.757947968137
              ],
              [
                -73.954580199399,
                40.757960083438
              ],
              [
                -73.954432745772,
                40.75817749902
              ],
              [
                -73.954327169884,
                40.758139419873
              ],
              [
                -73.954361590017,
                40.75808424155
              ]
            ]
          ]
        ]
      }
    },
    {
      "type": "Feature",
      "id": "1087315",
      "properties": {
        "bin": "1087315",
        "bbl": "1013737503",
        "address": "415 MAIN STREET",
        "building_use": "Multi-Family Elevator Buildings",
        "pluto_landuse_code": "3",
        "building_class": "R4",
        "pluto_year_built": "2007",
        "pluto_floors": "16.0000000",
        "residential_units": "123",
        "total_units": "123",
        "building_area_sqft": "126281",
        "lot_area_sqft": "42307",
        "construction_year": "2007",
        "height_roof": "190",
        "feature_code": "2100",
        "geometry_source": "Other (Manual)",
        "last_status_type": "Constructed",
        "retrieved_on": "2026-09-29",
        "source_footprint": "NYC DoITT BUILDING (Socrata 5zhs-2jue)",
        "source_taxlot": "NYC DCP PLUTO 26v2 (Socrata 64uk-42ks)",
        "source_boundary": "OpenStreetMap relation 2389564 (Roosevelt Island)",
        "source_attributes": {
          "building": {
            "name": null,
            "base_bbl": "1013730006",
            "shape_area": "1520.31640625",
            "construction_year": "2007",
            "ground_elevation": "21",
            "mappluto_bbl": "1013737503",
            "objectid": "1038377",
            "feature_code": "2100",
            "shape_length": "177.22284530765916",
            "height_roof": "190",
            "last_status_type": "Constructed",
            "bin": "1087315",
            "last_edited_date": "2017-08-22T17:48:54.000Z",
            "geom_source": "Other (Manual)",
            "doitt_id": "1097636"
          },
          "pluto": {
            "borough": "MN",
            "block": "1373",
            "lot": "7503",
            "cd": "108",
            "ct2010": "238.01",
            "cb2010": "1008",
            "schooldist": "2",
            "council": "5",
            "zipcode": "10044",
            "firecomp": "E260",
            "policeprct": "114",
            "healtharea": "8300",
            "sanitboro": "1",
            "address": "415 MAIN STREET",
            "zonedist1": "R7-2",
            "splitzone": false,
            "bldgclass": "R4",
            "landuse": "3",
            "easements": "0",
            "ownertype": "X",
            "ownername": "UNAVAILABLE OWNER",
            "lotarea": "42307",
            "bldgarea": "126281",
            "comarea": "0",
            "resarea": "126281",
            "officearea": "0",
            "retailarea": "0",
            "garagearea": "0",
            "strgearea": "0",
            "factryarea": "0",
            "otherarea": "0",
            "areasource": "2",
            "numbldgs": "1",
            "numfloors": "16.0000000",
            "unitsres": "123",
            "unitstotal": "123",
            "lotfront": "141.0000000",
            "lotdepth": "288.0000000",
            "bldgfront": "79.0000000",
            "bldgdepth": "144.0000000",
            "proxcode": "1",
            "irrlotcode": true,
            "lottype": "0",
            "bsmtcode": "5",
            "assessland": "3033002.00000",
            "assesstot": "19616407.00000",
            "exempttot": "19616407.00000",
            "yearbuilt": "2007",
            "yearalter1": "0",
            "yearalter2": "0",
            "builtfar": "2.98000000000",
            "residfar": "3.44000000000",
            "commfar": "0.00000000000",
            "facilfar": "6.50000000000",
            "affresfar": "5.01000000000",
            "mnffar": "0.00000000000",
            "borocode": "1",
            "bbl": "1013737503.00000000",
            "condono": "1980",
            "tract2010": "23801",
            "xcoord": "997133",
            "ycoord": "215567",
            "latitude": "40.7583487",
            "longitude": "-73.9534974",
            "zonemap": "9b",
            "sanborn": "16E 070",
            "taxmap": "10507",
            "appbbl": "1013730006.00000000",
            "appdate": "2009-05-21T00:00:00.000",
            "plutomapid": "1",
            "version": "26v2",
            "sanitdistrict": "8",
            "healthcenterdistrict": "13",
            "bct2020": "1023804",
            "bctcb2020": "10238042001",
            "transitzone": "Inner Transit Zone"
          }
        }
      },
      "geometry": {
        "type": "MultiPolygon",
        "coordinates": [
          [
            [
              [
                -73.953380345291,
                40.758219196386
              ],
              [
                -73.953370414833,
                40.758211466933
              ],
              [
                -73.953424603526,
                40.758171211056
              ],
              [
                -73.953400852103,
                40.758152723985
              ],
              [
                -73.953475799553,
                40.758097044521
              ],
              [
                -73.953500827034,
                40.758114642393
              ],
              [
                -73.953556717759,
                40.75806868244
              ],
              [
                -73.95356931436,
                40.758077540384
              ],
              [
                -73.95363723332,
                40.758125297215
              ],
              [
                -73.953621717873,
                40.758138054731
              ],
              [
                -73.953731495148,
                40.758215245153
              ],
              [
                -73.953715762854,
                40.758228182695
              ],
              [
                -73.953859853984,
                40.758329499601
              ],
              [
                -73.953836483637,
                40.758348716925
              ],
              [
                -73.953857364726,
                40.758365340512
              ],
              [
                -73.953730854279,
                40.758459324124
              ],
              [
                -73.953711580284,
                40.758444323871
              ],
              [
                -73.95369009864,
                40.758460282095
              ],
              [
                -73.953380345291,
                40.758219196386
              ]
            ]
          ]
        ]
      }
    },
    {
      "type": "Feature",
      "id": "1088294",
      "properties": {
        "bin": "1088294",
        "bbl": "1013730001",
        "address": "MAIN STREET",
        "building_use": "Multi-Family Elevator Buildings",
        "pluto_landuse_code": "3",
        "building_class": "D4",
        "pluto_year_built": "1975",
        "pluto_floors": "18.0000000",
        "residential_units": "8018",
        "total_units": "8088",
        "building_area_sqft": "4786701",
        "lot_area_sqft": "4227757",
        "construction_year": "1975",
        "height_roof": "20",
        "feature_code": "2100",
        "geometry_source": "Other (Manual)",
        "last_status_type": "Constructed",
        "retrieved_on": "2026-09-29",
        "source_footprint": "NYC DoITT BUILDING (Socrata 5zhs-2jue)",
        "source_taxlot": "NYC DCP PLUTO 26v2 (Socrata 64uk-42ks)",
        "source_boundary": "OpenStreetMap relation 2389564 (Roosevelt Island)",
        "source_attributes": {
          "building": {
            "name": null,
            "base_bbl": "1013730001",
            "shape_area": "6280.46484375",
            "construction_year": "1975",
            "ground_elevation": "24",
            "mappluto_bbl": "1013730001",
            "objectid": "438290",
            "feature_code": "2100",
            "shape_length": "406.2716944814369",
            "height_roof": "20",
            "last_status_type": "Constructed",
            "bin": "1088294",
            "last_edited_date": "2017-08-22T19:34:54.000Z",
            "geom_source": "Other (Manual)",
            "doitt_id": "48544"
          },
          "pluto": {
            "borough": "MN",
            "block": "1373",
            "lot": "1",
            "cd": "108",
            "ct2010": "238.01",
            "cb2010": "1015",
            "schooldist": "2",
            "council": "5",
            "zipcode": "10044",
            "firecomp": "E260",
            "policeprct": "114",
            "healtharea": "8300",
            "sanitboro": "1",
            "address": "MAIN STREET",
            "zonedist1": "R7-2",
            "splitzone": false,
            "bldgclass": "D4",
            "landuse": "3",
            "easements": "1",
            "ownertype": "C",
            "ownername": "RIVERWALK 8 AFFORDABLE, L.P.",
            "lotarea": "4227757",
            "bldgarea": "4786701",
            "comarea": "1046956",
            "resarea": "3739745",
            "officearea": "7496",
            "retailarea": "537154",
            "garagearea": "406500",
            "strgearea": "0",
            "factryarea": "0",
            "otherarea": "95806",
            "areasource": "2",
            "numbldgs": "38",
            "numfloors": "18.0000000",
            "unitsres": "8018",
            "unitstotal": "8088",
            "lotfront": "200.0000000",
            "lotdepth": "102.5000000",
            "bldgfront": "0.0000000",
            "bldgdepth": "0.0000000",
            "ext": "N",
            "proxcode": "0",
            "irrlotcode": true,
            "lottype": "7",
            "bsmtcode": "0",
            "assessland": "134391150.00000",
            "assesstot": "592936650.00000",
            "exempttot": "592936650.00000",
            "yearbuilt": "1975",
            "yearalter1": "0",
            "yearalter2": "0",
            "landmark": "INDIVIDUAL LANDMARK",
            "builtfar": "1.13000000000",
            "residfar": "3.44000000000",
            "commfar": "0.00000000000",
            "facilfar": "6.50000000000",
            "affresfar": "5.01000000000",
            "mnffar": "0.00000000000",
            "borocode": "1",
            "bbl": "1013730001.00000000",
            "tract2010": "23801",
            "xcoord": "996792",
            "ycoord": "215349",
            "latitude": "40.7577508",
            "longitude": "-73.9547287",
            "zonemap": "9a",
            "zmcode": true,
            "sanborn": "106E070",
            "taxmap": "10507",
            "appbbl": "1013730001.00000000",
            "appdate": "2023-12-06T00:00:00.000",
            "plutomapid": "1",
            "version": "26v2",
            "sanitdistrict": "8",
            "healthcenterdistrict": "13",
            "firm07_flag": "1",
            "pfirm15_flag": "1",
            "bct2020": "1023804",
            "bctcb2020": "10238041000",
            "transitzone": "Inner Transit Zone"
          }
        }
      },
      "geometry": {
        "type": "MultiPolygon",
        "coordinates": [
          [
            [
              [
                -73.954262220561,
                40.75604431079
              ],
              [
                -73.954374396513,
                40.7559246907
              ],
              [
                -73.954391712716,
                40.755934080824
              ],
              [
                -73.954498132661,
                40.755991787676
              ],
              [
                -73.954598996148,
                40.75604648185
              ],
              [
                -73.954698782565,
                40.756100591083
              ],
              [
                -73.95487890518,
                40.756198263058
              ],
              [
                -73.955107756448,
                40.756322358368
              ],
              [
                -73.955221649698,
                40.756384116133
              ],
              [
                -73.955334754755,
                40.756445446639
              ],
              [
                -73.955446091436,
                40.756505818211
              ],
              [
                -73.95556435588,
                40.756569946555
              ],
              [
                -73.955580320526,
                40.756578602967
              ],
              [
                -73.955517019036,
                40.756646107442
              ],
              [
                -73.955501538499,
                40.756662614931
              ],
              [
                -73.955382418804,
                40.756789642775
              ],
              [
                -73.955374954971,
                40.756785595715
              ],
              [
                -73.955283754222,
                40.756736142417
              ],
              [
                -73.955230077469,
                40.756707037046
              ],
              [
                -73.955226156746,
                40.75670491123
              ],
              [
                -73.955222181569,
                40.756702755677
              ],
              [
                -73.955217992126,
                40.756700483874
              ],
              [
                -73.955213674834,
                40.756698143583
              ],
              [
                -73.955209349255,
                40.756695797886
              ],
              [
                -73.954626733065,
                40.756379875207
              ],
              [
                -73.954335632427,
                40.75622202405
              ],
              [
                -73.954309475722,
                40.756207840624
              ],
              [
                -73.954283506064,
                40.756193758122
              ],
              [
                -73.954263902756,
                40.756183127979
              ],
              [
                -73.95424413491,
                40.756172408617
              ],
              [
                -73.954222031484,
                40.756160423113
              ],
              [
                -73.954196981655,
                40.756146839837
              ],
              [
                -73.954176491729,
                40.756135728456
              ],
              [
                -73.954183926943,
                40.756127799761
              ],
              [
                -73.954227898244,
                40.756080911711
              ],
              [
                -73.954262220561,
                40.75604431079
              ]
            ]
          ]
        ]
      }
    },
    {
      "type": "Feature",
      "id": "1088295",
      "properties": {
        "bin": "1088295",
        "bbl": "1013730001",
        "address": "MAIN STREET",
        "building_use": "Multi-Family Elevator Buildings",
        "pluto_landuse_code": "3",
        "building_class": "D4",
        "pluto_year_built": "1975",
        "pluto_floors": "18.0000000",
        "residential_units": "8018",
        "total_units": "8088",
        "building_area_sqft": "4786701",
        "lot_area_sqft": "4227757",
        "construction_year": "1975",
        "height_roof": "11",
        "feature_code": "2100",
        "geometry_source": "Other (Manual)",
        "last_status_type": "Constructed",
        "retrieved_on": "2026-09-29",
        "source_footprint": "NYC DoITT BUILDING (Socrata 5zhs-2jue)",
        "source_taxlot": "NYC DCP PLUTO 26v2 (Socrata 64uk-42ks)",
        "source_boundary": "OpenStreetMap relation 2389564 (Roosevelt Island)",
        "source_attributes": {
          "building": {
            "name": null,
            "base_bbl": "1013730001",
            "shape_area": "217.1171875",
            "construction_year": "1975",
            "ground_elevation": "14",
            "mappluto_bbl": "1013730001",
            "objectid": "1063920",
            "feature_code": "2100",
            "shape_length": "65.231975981017285",
            "height_roof": "11",
            "last_status_type": "Constructed",
            "bin": "1088295",
            "last_edited_date": "2017-08-22T19:32:23.000Z",
            "geom_source": "Other (Manual)",
            "doitt_id": "281416"
          },
          "pluto": {
            "borough": "MN",
            "block": "1373",
            "lot": "1",
            "cd": "108",
            "ct2010": "238.01",
            "cb2010": "1015",
            "schooldist": "2",
            "council": "5",
            "zipcode": "10044",
            "firecomp": "E260",
            "policeprct": "114",
            "healtharea": "8300",
            "sanitboro": "1",
            "address": "MAIN STREET",
            "zonedist1": "R7-2",
            "splitzone": false,
            "bldgclass": "D4",
            "landuse": "3",
            "easements": "1",
            "ownertype": "C",
            "ownername": "RIVERWALK 8 AFFORDABLE, L.P.",
            "lotarea": "4227757",
            "bldgarea": "4786701",
            "comarea": "1046956",
            "resarea": "3739745",
            "officearea": "7496",
            "retailarea": "537154",
            "garagearea": "406500",
            "strgearea": "0",
            "factryarea": "0",
            "otherarea": "95806",
            "areasource": "2",
            "numbldgs": "38",
            "numfloors": "18.0000000",
            "unitsres": "8018",
            "unitstotal": "8088",
            "lotfront": "200.0000000",
            "lotdepth": "102.5000000",
            "bldgfront": "0.0000000",
            "bldgdepth": "0.0000000",
            "ext": "N",
            "proxcode": "0",
            "irrlotcode": true,
            "lottype": "7",
            "bsmtcode": "0",
            "assessland": "134391150.00000",
            "assesstot": "592936650.00000",
            "exempttot": "592936650.00000",
            "yearbuilt": "1975",
            "yearalter1": "0",
            "yearalter2": "0",
            "landmark": "INDIVIDUAL LANDMARK",
            "builtfar": "1.13000000000",
            "residfar": "3.44000000000",
            "commfar": "0.00000000000",
            "facilfar": "6.50000000000",
            "affresfar": "5.01000000000",
            "mnffar": "0.00000000000",
            "borocode": "1",
            "bbl": "1013730001.00000000",
            "tract2010": "23801",
            "xcoord": "996792",
            "ycoord": "215349",
            "latitude": "40.7577508",
            "longitude": "-73.9547287",
            "zonemap": "9a",
            "zmcode": true,
            "sanborn": "106E070",
            "taxmap": "10507",
            "appbbl": "1013730001.00000000",
            "appdate": "2023-12-06T00:00:00.000",
            "plutomapid": "1",
            "version": "26v2",
            "sanitdistrict": "8",
            "healthcenterdistrict": "13",
            "firm07_flag": "1",
            "pfirm15_flag": "1",
            "bct2020": "1023804",
            "bctcb2020": "10238041000",
            "transitzone": "Inner Transit Zone"
          }
        }
      },
      "geometry": {
        "type": "MultiPolygon",
        "coordinates": [
          [
            [
              [
                -73.94495166579,
                40.766979055433
              ],
              [
                -73.945136463062,
                40.76694581682
              ],
              [
                -73.945164088907,
                40.766979438584
              ],
              [
                -73.94512654329,
                40.766998016119
              ],
              [
                -73.9449801108,
                40.767070469284
              ],
              [
                -73.94497391857,
                40.767050568789
              ],
              [
                -73.94495166579,
                40.766979055433
              ]
            ]
          ]
        ]
      }
    },
    {
      "type": "Feature",
      "id": "1088859",
      "properties": {
        "bin": "1088859",
        "bbl": "1013730009",
        "address": "460 MAIN STREET",
        "building_use": "Multi-Family Elevator Buildings",
        "pluto_landuse_code": "3",
        "building_class": "D3",
        "pluto_year_built": "2019",
        "pluto_floors": "21.0000000",
        "residential_units": "342",
        "total_units": "343",
        "building_area_sqft": "255327",
        "lot_area_sqft": "29861",
        "construction_year": "2020",
        "height_roof": "195",
        "feature_code": "2100",
        "geometry_source": "Other (Manual)",
        "last_status_type": "Constructed",
        "retrieved_on": "2026-09-29",
        "source_footprint": "NYC DoITT BUILDING (Socrata 5zhs-2jue)",
        "source_taxlot": "NYC DCP PLUTO 26v2 (Socrata 64uk-42ks)",
        "source_boundary": "OpenStreetMap relation 2389564 (Roosevelt Island)",
        "source_attributes": {
          "building": {
            "name": null,
            "base_bbl": "1013730009",
            "shape_area": "1923.765625",
            "construction_year": "2020",
            "ground_elevation": "24",
            "mappluto_bbl": "1013730009",
            "objectid": "1079441",
            "feature_code": "2100",
            "shape_length": "214.83002822265419",
            "height_roof": "195",
            "last_status_type": "Constructed",
            "bin": "1088859",
            "last_edited_date": "2021-08-19T13:29:34.000Z",
            "geom_source": "Other (Manual)",
            "doitt_id": "1295170"
          },
          "pluto": {
            "borough": "MN",
            "block": "1373",
            "lot": "9",
            "cd": "108",
            "ct2010": "238.01",
            "cb2010": "1011",
            "schooldist": "2",
            "council": "5",
            "zipcode": "10044",
            "firecomp": "E260",
            "policeprct": "114",
            "healtharea": "8300",
            "sanitboro": "1",
            "address": "460 MAIN STREET",
            "zonedist1": "R7-2",
            "splitzone": false,
            "bldgclass": "D3",
            "landuse": "3",
            "easements": "0",
            "ownertype": "C",
            "ownername": "ROOSEVELT ISLAND OPERATING CORP",
            "lotarea": "29861",
            "bldgarea": "255327",
            "comarea": "2157",
            "resarea": "253170",
            "officearea": "1004",
            "retailarea": "0",
            "garagearea": "0",
            "strgearea": "0",
            "factryarea": "0",
            "otherarea": "1153",
            "areasource": "2",
            "numbldgs": "1",
            "numfloors": "21.0000000",
            "unitsres": "342",
            "unitstotal": "343",
            "lotfront": "226.0000000",
            "lotdepth": "140.0000000",
            "bldgfront": "153.9000000",
            "bldgdepth": "114.0000000",
            "proxcode": "1",
            "irrlotcode": true,
            "lottype": "0",
            "bsmtcode": "2",
            "assessland": "7803000.00000",
            "assesstot": "28148400.00000",
            "exempttot": "28148400.00000",
            "yearbuilt": "2019",
            "yearalter1": "2018",
            "yearalter2": "0",
            "builtfar": "8.55000000000",
            "residfar": "3.44000000000",
            "commfar": "0.00000000000",
            "facilfar": "6.50000000000",
            "affresfar": "5.01000000000",
            "mnffar": "0.00000000000",
            "borocode": "1",
            "bbl": "1013730009.00000000",
            "tract2010": "23801",
            "xcoord": "997773",
            "ycoord": "215811",
            "latitude": "40.7590174",
            "longitude": "-73.9511867",
            "zonemap": "9b",
            "sanborn": "16E 070",
            "taxmap": "10507",
            "appbbl": "1013730001.00000000",
            "appdate": "2019-08-08T00:00:00.000",
            "plutomapid": "1",
            "version": "26v2",
            "sanitdistrict": "8",
            "healthcenterdistrict": "13",
            "firm07_flag": "1",
            "pfirm15_flag": "1",
            "bct2020": "1023804",
            "bctcb2020": "10238042000",
            "transitzone": "Inner Transit Zone"
          }
        }
      },
      "geometry": {
        "type": "MultiPolygon",
        "coordinates": [
          [
            [
              [
                -73.951907690645,
                40.759052656476
              ],
              [
                -73.951732013899,
                40.758956683715
              ],
              [
                -73.951535877056,
                40.759161968765
              ],
              [
                -73.951379202341,
                40.759075416439
              ],
              [
                -73.951704577808,
                40.758734865196
              ],
              [
                -73.952036255551,
                40.758918093564
              ],
              [
                -73.951907690645,
                40.759052656476
              ]
            ]
          ]
        ]
      }
    },
    {
      "type": "Feature",
      "id": "1088860",
      "properties": {
        "bin": "1088860",
        "bbl": "1013730010",
        "address": "MAIN STREET",
        "building_use": "Mixed Residential & Commercial Buildings",
        "pluto_landuse_code": "4",
        "building_class": "D6",
        "pluto_year_built": "2023",
        "pluto_floors": "29.0000000",
        "residential_units": "357",
        "total_units": "358",
        "building_area_sqft": "298459",
        "lot_area_sqft": "20072",
        "construction_year": "2023",
        "height_roof": "305",
        "feature_code": "2100",
        "geometry_source": "Other (Manual)",
        "last_status_type": "Constructed",
        "retrieved_on": "2026-09-29",
        "source_footprint": "NYC DoITT BUILDING (Socrata 5zhs-2jue)",
        "source_taxlot": "NYC DCP PLUTO 26v2 (Socrata 64uk-42ks)",
        "source_boundary": "OpenStreetMap relation 2389564 (Roosevelt Island)",
        "source_attributes": {
          "building": {
            "name": null,
            "base_bbl": "1013730010",
            "shape_area": "1889.1171875",
            "construction_year": "2023",
            "ground_elevation": "22",
            "mappluto_bbl": "1013730010",
            "objectid": "1088671",
            "feature_code": "2100",
            "shape_length": "204.8385493827501",
            "height_roof": "305",
            "last_status_type": "Constructed",
            "bin": "1088860",
            "last_edited_date": "2024-05-14T16:34:15.000Z",
            "geom_source": "Other (Manual)",
            "doitt_id": "1302054"
          },
          "pluto": {
            "borough": "MN",
            "block": "1373",
            "lot": "10",
            "cd": "108",
            "ct2010": "238.01",
            "cb2010": "1011",
            "schooldist": "2",
            "council": "5",
            "zipcode": "10044",
            "firecomp": "E260",
            "policeprct": "114",
            "healtharea": "8300",
            "sanitboro": "1",
            "address": "MAIN STREET",
            "zonedist1": "R7-2",
            "splitzone": false,
            "bldgclass": "D6",
            "landuse": "4",
            "easements": "0",
            "ownertype": "C",
            "ownername": "NYS URBAN DEVELOPMENT",
            "lotarea": "20072",
            "bldgarea": "298459",
            "comarea": "3650",
            "resarea": "294809",
            "officearea": "3650",
            "retailarea": "0",
            "garagearea": "0",
            "strgearea": "0",
            "factryarea": "0",
            "otherarea": "0",
            "areasource": "2",
            "numbldgs": "1",
            "numfloors": "29.0000000",
            "unitsres": "357",
            "unitstotal": "358",
            "lotfront": "117.0000000",
            "lotdepth": "110.0000000",
            "bldgfront": "0.0000000",
            "bldgdepth": "0.0000000",
            "proxcode": "1",
            "irrlotcode": true,
            "lottype": "5",
            "bsmtcode": "0",
            "assessland": "3648150.00000",
            "assesstot": "41266350.00000",
            "exempttot": "41266350.00000",
            "yearbuilt": "2023",
            "yearalter1": "0",
            "yearalter2": "0",
            "builtfar": "14.87000000000",
            "residfar": "3.44000000000",
            "commfar": "0.00000000000",
            "facilfar": "6.50000000000",
            "affresfar": "5.01000000000",
            "mnffar": "0.00000000000",
            "borocode": "1",
            "bbl": "1013730010.00000000",
            "tract2010": "23801",
            "xcoord": "997559",
            "ycoord": "215551",
            "latitude": "40.7583041",
            "longitude": "-73.9519597",
            "zonemap": "9b",
            "sanborn": "16E 070",
            "taxmap": "10507",
            "appbbl": "1013730001.00000000",
            "appdate": "2023-12-06T00:00:00.000",
            "plutomapid": "1",
            "version": "26v2",
            "sanitdistrict": "8",
            "healthcenterdistrict": "13",
            "firm07_flag": "1",
            "pfirm15_flag": "1",
            "bct2020": "1023804",
            "bctcb2020": "10238042000",
            "transitzone": "Inner Transit Zone"
          }
        }
      },
      "geometry": {
        "type": "MultiPolygon",
        "coordinates": [
          [
            [
              [
                -73.952217514989,
                40.758443221758
              ],
              [
                -73.952038587524,
                40.758324109627
              ],
              [
                -73.952332809821,
                40.758068555798
              ],
              [
                -73.952511737125,
                40.758187666576
              ],
              [
                -73.952511648252,
                40.758187743082
              ],
              [
                -73.952648177504,
                40.758278628737
              ],
              [
                -73.952585902985,
                40.758332718984
              ],
              [
                -73.952610186443,
                40.758348884939
              ],
              [
                -73.952547147509,
                40.758403640323
              ],
              [
                -73.952522862862,
                40.758387474355
              ],
              [
                -73.952506558609,
                40.758401636183
              ],
              [
                -73.952370030482,
                40.758310750362
              ],
              [
                -73.952346926745,
                40.758330817571
              ],
              [
                -73.952362025893,
                40.758340868951
              ],
              [
                -73.952245958353,
                40.758441682882
              ],
              [
                -73.9522308592,
                40.758431631487
              ],
              [
                -73.952217514989,
                40.758443221758
              ]
            ]
          ]
        ]
      }
    },
    {
      "type": "Feature",
      "id": "1089262",
      "properties": {
        "bin": "1089262",
        "bbl": "1013730001",
        "address": "MAIN STREET",
        "building_use": "Multi-Family Elevator Buildings",
        "pluto_landuse_code": "3",
        "building_class": "D4",
        "pluto_year_built": "1975",
        "pluto_floors": "18.0000000",
        "residential_units": "8018",
        "total_units": "8088",
        "building_area_sqft": "4786701",
        "lot_area_sqft": "4227757",
        "construction_year": "1975",
        "height_roof": "43",
        "feature_code": "2100",
        "geometry_source": "Other (Manual)",
        "last_status_type": "Constructed",
        "retrieved_on": "2026-09-29",
        "source_footprint": "NYC DoITT BUILDING (Socrata 5zhs-2jue)",
        "source_taxlot": "NYC DCP PLUTO 26v2 (Socrata 64uk-42ks)",
        "source_boundary": "OpenStreetMap relation 2389564 (Roosevelt Island)",
        "source_attributes": {
          "building": {
            "name": null,
            "base_bbl": "1013730001",
            "shape_area": "248.3671875",
            "construction_year": "1975",
            "ground_elevation": "21",
            "mappluto_bbl": "1013730001",
            "objectid": "50696",
            "feature_code": "2100",
            "shape_length": "63.079877365424132",
            "height_roof": "43",
            "last_status_type": "Constructed",
            "bin": "1089262",
            "last_edited_date": "2017-08-10T15:25:08.000Z",
            "geom_source": "Other (Manual)",
            "doitt_id": "305977"
          },
          "pluto": {
            "borough": "MN",
            "block": "1373",
            "lot": "1",
            "cd": "108",
            "ct2010": "238.01",
            "cb2010": "1015",
            "schooldist": "2",
            "council": "5",
            "zipcode": "10044",
            "firecomp": "E260",
            "policeprct": "114",
            "healtharea": "8300",
            "sanitboro": "1",
            "address": "MAIN STREET",
            "zonedist1": "R7-2",
            "splitzone": false,
            "bldgclass": "D4",
            "landuse": "3",
            "easements": "1",
            "ownertype": "C",
            "ownername": "RIVERWALK 8 AFFORDABLE, L.P.",
            "lotarea": "4227757",
            "bldgarea": "4786701",
            "comarea": "1046956",
            "resarea": "3739745",
            "officearea": "7496",
            "retailarea": "537154",
            "garagearea": "406500",
            "strgearea": "0",
            "factryarea": "0",
            "otherarea": "95806",
            "areasource": "2",
            "numbldgs": "38",
            "numfloors": "18.0000000",
            "unitsres": "8018",
            "unitstotal": "8088",
            "lotfront": "200.0000000",
            "lotdepth": "102.5000000",
            "bldgfront": "0.0000000",
            "bldgdepth": "0.0000000",
            "ext": "N",
            "proxcode": "0",
            "irrlotcode": true,
            "lottype": "7",
            "bsmtcode": "0",
            "assessland": "134391150.00000",
            "assesstot": "592936650.00000",
            "exempttot": "592936650.00000",
            "yearbuilt": "1975",
            "yearalter1": "0",
            "yearalter2": "0",
            "landmark": "INDIVIDUAL LANDMARK",
            "builtfar": "1.13000000000",
            "residfar": "3.44000000000",
            "commfar": "0.00000000000",
            "facilfar": "6.50000000000",
            "affresfar": "5.01000000000",
            "mnffar": "0.00000000000",
            "borocode": "1",
            "bbl": "1013730001.00000000",
            "tract2010": "23801",
            "xcoord": "996792",
            "ycoord": "215349",
            "latitude": "40.7577508",
            "longitude": "-73.9547287",
            "zonemap": "9a",
            "zmcode": true,
            "sanborn": "106E070",
            "taxmap": "10507",
            "appbbl": "1013730001.00000000",
            "appdate": "2023-12-06T00:00:00.000",
            "plutomapid": "1",
            "version": "26v2",
            "sanitdistrict": "8",
            "healthcenterdistrict": "13",
            "firm07_flag": "1",
            "pfirm15_flag": "1",
            "bct2020": "1023804",
            "bctcb2020": "10238041000",
            "transitzone": "Inner Transit Zone"
          }
        }
      },
      "geometry": {
        "type": "MultiPolygon",
        "coordinates": [
          [
            [
              [
                -73.954367108333,
                40.757220298979
              ],
              [
                -73.954402024264,
                40.757173606295
              ],
              [
                -73.954445533137,
                40.757192419755
              ],
              [
                -73.954520635163,
                40.757224892834
              ],
              [
                -73.954448305897,
                40.75732161635
              ],
              [
                -73.954329694882,
                40.757270329737
              ],
              [
                -73.954367108333,
                40.757220298979
              ]
            ]
          ]
        ]
      }
    },
    {
      "type": "Feature",
      "id": "1089263",
      "properties": {
        "bin": "1089263",
        "bbl": "1013730001",
        "address": "MAIN STREET",
        "building_use": "Multi-Family Elevator Buildings",
        "pluto_landuse_code": "3",
        "building_class": "D4",
        "pluto_year_built": "1975",
        "pluto_floors": "18.0000000",
        "residential_units": "8018",
        "total_units": "8088",
        "building_area_sqft": "4786701",
        "lot_area_sqft": "4227757",
        "construction_year": "1975",
        "height_roof": "35",
        "feature_code": "2100",
        "geometry_source": "Other (Manual)",
        "last_status_type": "Constructed",
        "retrieved_on": "2026-09-29",
        "source_footprint": "NYC DoITT BUILDING (Socrata 5zhs-2jue)",
        "source_taxlot": "NYC DCP PLUTO 26v2 (Socrata 64uk-42ks)",
        "source_boundary": "OpenStreetMap relation 2389564 (Roosevelt Island)",
        "source_attributes": {
          "building": {
            "name": null,
            "base_bbl": "1013730001",
            "shape_area": "3017.4140625",
            "construction_year": "1975",
            "ground_elevation": "18",
            "mappluto_bbl": "1013730001",
            "objectid": "50418",
            "feature_code": "2100",
            "shape_length": "260.44239890692967",
            "height_roof": "35",
            "last_status_type": "Constructed",
            "bin": "1089263",
            "last_edited_date": "2017-08-22T18:04:35.000Z",
            "geom_source": "Other (Manual)",
            "doitt_id": "271453"
          },
          "pluto": {
            "borough": "MN",
            "block": "1373",
            "lot": "1",
            "cd": "108",
            "ct2010": "238.01",
            "cb2010": "1015",
            "schooldist": "2",
            "council": "5",
            "zipcode": "10044",
            "firecomp": "E260",
            "policeprct": "114",
            "healtharea": "8300",
            "sanitboro": "1",
            "address": "MAIN STREET",
            "zonedist1": "R7-2",
            "splitzone": false,
            "bldgclass": "D4",
            "landuse": "3",
            "easements": "1",
            "ownertype": "C",
            "ownername": "RIVERWALK 8 AFFORDABLE, L.P.",
            "lotarea": "4227757",
            "bldgarea": "4786701",
            "comarea": "1046956",
            "resarea": "3739745",
            "officearea": "7496",
            "retailarea": "537154",
            "garagearea": "406500",
            "strgearea": "0",
            "factryarea": "0",
            "otherarea": "95806",
            "areasource": "2",
            "numbldgs": "38",
            "numfloors": "18.0000000",
            "unitsres": "8018",
            "unitstotal": "8088",
            "lotfront": "200.0000000",
            "lotdepth": "102.5000000",
            "bldgfront": "0.0000000",
            "bldgdepth": "0.0000000",
            "ext": "N",
            "proxcode": "0",
            "irrlotcode": true,
            "lottype": "7",
            "bsmtcode": "0",
            "assessland": "134391150.00000",
            "assesstot": "592936650.00000",
            "exempttot": "592936650.00000",
            "yearbuilt": "1975",
            "yearalter1": "0",
            "yearalter2": "0",
            "landmark": "INDIVIDUAL LANDMARK",
            "builtfar": "1.13000000000",
            "residfar": "3.44000000000",
            "commfar": "0.00000000000",
            "facilfar": "6.50000000000",
            "affresfar": "5.01000000000",
            "mnffar": "0.00000000000",
            "borocode": "1",
            "bbl": "1013730001.00000000",
            "tract2010": "23801",
            "xcoord": "996792",
            "ycoord": "215349",
            "latitude": "40.7577508",
            "longitude": "-73.9547287",
            "zonemap": "9a",
            "zmcode": true,
            "sanborn": "106E070",
            "taxmap": "10507",
            "appbbl": "1013730001.00000000",
            "appdate": "2023-12-06T00:00:00.000",
            "plutomapid": "1",
            "version": "26v2",
            "sanitdistrict": "8",
            "healthcenterdistrict": "13",
            "firm07_flag": "1",
            "pfirm15_flag": "1",
            "bct2020": "1023804",
            "bctcb2020": "10238041000",
            "transitzone": "Inner Transit Zone"
          }
        }
      },
      "geometry": {
        "type": "MultiPolygon",
        "coordinates": [
          [
            [
              [
                -73.945083696898,
                40.766261652573
              ],
              [
                -73.944995213055,
                40.766215884564
              ],
              [
                -73.945096568533,
                40.766102609856
              ],
              [
                -73.945058912655,
                40.76608313201
              ],
              [
                -73.945014785682,
                40.766060308392
              ],
              [
                -73.944983912328,
                40.766044338521
              ],
              [
                -73.944952419817,
                40.766028049567
              ],
              [
                -73.944921238683,
                40.766011921043
              ],
              [
                -73.945065772741,
                40.765850390059
              ],
              [
                -73.945066872567,
                40.765850958801
              ],
              [
                -73.945067379269,
                40.76585122109
              ],
              [
                -73.945668320629,
                40.766162051217
              ],
              [
                -73.945669836012,
                40.76616283537
              ],
              [
                -73.945666067392,
                40.766167047052
              ],
              [
                -73.945626777216,
                40.766210957813
              ],
              [
                -73.945525301556,
                40.766324368004
              ],
              [
                -73.945486337224,
                40.766304214302
              ],
              [
                -73.945413809551,
                40.76626670008
              ],
              [
                -73.945348135506,
                40.766232730745
              ],
              [
                -73.945246780258,
                40.766346005673
              ],
              [
                -73.945083696898,
                40.766261652573
              ]
            ]
          ]
        ]
      }
    },
    {
      "type": "Feature",
      "id": "1089264",
      "properties": {
        "bin": "1089264",
        "bbl": "1013730001",
        "address": "MAIN STREET",
        "building_use": "Multi-Family Elevator Buildings",
        "pluto_landuse_code": "3",
        "building_class": "D4",
        "pluto_year_built": "1975",
        "pluto_floors": "18.0000000",
        "residential_units": "8018",
        "total_units": "8088",
        "building_area_sqft": "4786701",
        "lot_area_sqft": "4227757",
        "construction_year": "1975",
        "height_roof": "72",
        "feature_code": "2100",
        "geometry_source": "Other (Manual)",
        "last_status_type": "Constructed",
        "retrieved_on": "2026-09-29",
        "source_footprint": "NYC DoITT BUILDING (Socrata 5zhs-2jue)",
        "source_taxlot": "NYC DCP PLUTO 26v2 (Socrata 64uk-42ks)",
        "source_boundary": "OpenStreetMap relation 2389564 (Roosevelt Island)",
        "source_attributes": {
          "building": {
            "name": null,
            "base_bbl": "1013730001",
            "shape_area": "2838.7890625",
            "construction_year": "1975",
            "ground_elevation": "21",
            "mappluto_bbl": "1013730001",
            "objectid": "52706",
            "feature_code": "2100",
            "shape_length": "244.82937763488897",
            "height_roof": "72",
            "last_status_type": "Constructed",
            "bin": "1089264",
            "last_edited_date": "2017-08-10T15:09:36.000Z",
            "geom_source": "Other (Manual)",
            "doitt_id": "398365"
          },
          "pluto": {
            "borough": "MN",
            "block": "1373",
            "lot": "1",
            "cd": "108",
            "ct2010": "238.01",
            "cb2010": "1015",
            "schooldist": "2",
            "council": "5",
            "zipcode": "10044",
            "firecomp": "E260",
            "policeprct": "114",
            "healtharea": "8300",
            "sanitboro": "1",
            "address": "MAIN STREET",
            "zonedist1": "R7-2",
            "splitzone": false,
            "bldgclass": "D4",
            "landuse": "3",
            "easements": "1",
            "ownertype": "C",
            "ownername": "RIVERWALK 8 AFFORDABLE, L.P.",
            "lotarea": "4227757",
            "bldgarea": "4786701",
            "comarea": "1046956",
            "resarea": "3739745",
            "officearea": "7496",
            "retailarea": "537154",
            "garagearea": "406500",
            "strgearea": "0",
            "factryarea": "0",
            "otherarea": "95806",
            "areasource": "2",
            "numbldgs": "38",
            "numfloors": "18.0000000",
            "unitsres": "8018",
            "unitstotal": "8088",
            "lotfront": "200.0000000",
            "lotdepth": "102.5000000",
            "bldgfront": "0.0000000",
            "bldgdepth": "0.0000000",
            "ext": "N",
            "proxcode": "0",
            "irrlotcode": true,
            "lottype": "7",
            "bsmtcode": "0",
            "assessland": "134391150.00000",
            "assesstot": "592936650.00000",
            "exempttot": "592936650.00000",
            "yearbuilt": "1975",
            "yearalter1": "0",
            "yearalter2": "0",
            "landmark": "INDIVIDUAL LANDMARK",
            "builtfar": "1.13000000000",
            "residfar": "3.44000000000",
            "commfar": "0.00000000000",
            "facilfar": "6.50000000000",
            "affresfar": "5.01000000000",
            "mnffar": "0.00000000000",
            "borocode": "1",
            "bbl": "1013730001.00000000",
            "tract2010": "23801",
            "xcoord": "996792",
            "ycoord": "215349",
            "latitude": "40.7577508",
            "longitude": "-73.9547287",
            "zonemap": "9a",
            "zmcode": true,
            "sanborn": "106E070",
            "taxmap": "10507",
            "appbbl": "1013730001.00000000",
            "appdate": "2023-12-06T00:00:00.000",
            "plutomapid": "1",
            "version": "26v2",
            "sanitdistrict": "8",
            "healthcenterdistrict": "13",
            "firm07_flag": "1",
            "pfirm15_flag": "1",
            "bct2020": "1023804",
            "bctcb2020": "10238041000",
            "transitzone": "Inner Transit Zone"
          }
        }
      },
      "geometry": {
        "type": "MultiPolygon",
        "coordinates": [
          [
            [
              [
                -73.954007497518,
                40.757174733585
              ],
              [
                -73.954000042633,
                40.757171505899
              ],
              [
                -73.953932013436,
                40.757142052902
              ],
              [
                -73.953791302588,
                40.757081134093
              ],
              [
                -73.953742270029,
                40.757059905714
              ],
              [
                -73.953668096753,
                40.757027793603
              ],
              [
                -73.953598432365,
                40.757120837295
              ],
              [
                -73.95359805826,
                40.757120675053
              ],
              [
                -73.953536857876,
                40.757094179131
              ],
              [
                -73.953436770876,
                40.757050846926
              ],
              [
                -73.953392521293,
                40.757031689692
              ],
              [
                -73.953393588097,
                40.757030264624
              ],
              [
                -73.953420789216,
                40.756993934831
              ],
              [
                -73.953515698934,
                40.756867175706
              ],
              [
                -73.953516848706,
                40.756865639908
              ],
              [
                -73.953555189426,
                40.756814431924
              ],
              [
                -73.953584871261,
                40.756774789231
              ],
              [
                -73.953608368023,
                40.756743407078
              ],
              [
                -73.953711886711,
                40.756788224548
              ],
              [
                -73.954180811858,
                40.756991240035
              ],
              [
                -73.954152545552,
                40.757028993282
              ],
              [
                -73.954127663306,
                40.757062225532
              ],
              [
                -73.954130090256,
                40.757063276487
              ],
              [
                -73.954091724943,
                40.75711451797
              ],
              [
                -73.954089297992,
                40.757113467013
              ],
              [
                -73.954034630845,
                40.757186479799
              ],
              [
                -73.954007497518,
                40.757174733585
              ]
            ]
          ]
        ]
      }
    },
    {
      "type": "Feature",
      "id": "1089266",
      "properties": {
        "bin": "1089266",
        "bbl": "1013730001",
        "address": "MAIN STREET",
        "building_use": "Multi-Family Elevator Buildings",
        "pluto_landuse_code": "3",
        "building_class": "D4",
        "pluto_year_built": "1975",
        "pluto_floors": "18.0000000",
        "residential_units": "8018",
        "total_units": "8088",
        "building_area_sqft": "4786701",
        "lot_area_sqft": "4227757",
        "construction_year": "1975",
        "height_roof": "32",
        "feature_code": "2100",
        "geometry_source": "Other (Manual)",
        "last_status_type": "Constructed",
        "retrieved_on": "2026-09-29",
        "source_footprint": "NYC DoITT BUILDING (Socrata 5zhs-2jue)",
        "source_taxlot": "NYC DCP PLUTO 26v2 (Socrata 64uk-42ks)",
        "source_boundary": "OpenStreetMap relation 2389564 (Roosevelt Island)",
        "source_attributes": {
          "building": {
            "name": null,
            "base_bbl": "1013730001",
            "shape_area": "282.6953125",
            "construction_year": "1975",
            "ground_elevation": "8",
            "mappluto_bbl": "1013730001",
            "objectid": "1062463",
            "feature_code": "2100",
            "shape_length": "81.165072640638272",
            "height_roof": "32",
            "last_status_type": "Constructed",
            "bin": "1089266",
            "last_edited_date": "2017-08-10T15:11:29.000Z",
            "geom_source": "Other (Manual)",
            "doitt_id": "803508"
          },
          "pluto": {
            "borough": "MN",
            "block": "1373",
            "lot": "1",
            "cd": "108",
            "ct2010": "238.01",
            "cb2010": "1015",
            "schooldist": "2",
            "council": "5",
            "zipcode": "10044",
            "firecomp": "E260",
            "policeprct": "114",
            "healtharea": "8300",
            "sanitboro": "1",
            "address": "MAIN STREET",
            "zonedist1": "R7-2",
            "splitzone": false,
            "bldgclass": "D4",
            "landuse": "3",
            "easements": "1",
            "ownertype": "C",
            "ownername": "RIVERWALK 8 AFFORDABLE, L.P.",
            "lotarea": "4227757",
            "bldgarea": "4786701",
            "comarea": "1046956",
            "resarea": "3739745",
            "officearea": "7496",
            "retailarea": "537154",
            "garagearea": "406500",
            "strgearea": "0",
            "factryarea": "0",
            "otherarea": "95806",
            "areasource": "2",
            "numbldgs": "38",
            "numfloors": "18.0000000",
            "unitsres": "8018",
            "unitstotal": "8088",
            "lotfront": "200.0000000",
            "lotdepth": "102.5000000",
            "bldgfront": "0.0000000",
            "bldgdepth": "0.0000000",
            "ext": "N",
            "proxcode": "0",
            "irrlotcode": true,
            "lottype": "7",
            "bsmtcode": "0",
            "assessland": "134391150.00000",
            "assesstot": "592936650.00000",
            "exempttot": "592936650.00000",
            "yearbuilt": "1975",
            "yearalter1": "0",
            "yearalter2": "0",
            "landmark": "INDIVIDUAL LANDMARK",
            "builtfar": "1.13000000000",
            "residfar": "3.44000000000",
            "commfar": "0.00000000000",
            "facilfar": "6.50000000000",
            "affresfar": "5.01000000000",
            "mnffar": "0.00000000000",
            "borocode": "1",
            "bbl": "1013730001.00000000",
            "tract2010": "23801",
            "xcoord": "996792",
            "ycoord": "215349",
            "latitude": "40.7577508",
            "longitude": "-73.9547287",
            "zonemap": "9a",
            "zmcode": true,
            "sanborn": "106E070",
            "taxmap": "10507",
            "appbbl": "1013730001.00000000",
            "appdate": "2023-12-06T00:00:00.000",
            "plutomapid": "1",
            "version": "26v2",
            "sanitdistrict": "8",
            "healthcenterdistrict": "13",
            "firm07_flag": "1",
            "pfirm15_flag": "1",
            "bct2020": "1023804",
            "bctcb2020": "10238041000",
            "transitzone": "Inner Transit Zone"
          }
        }
      },
      "geometry": {
        "type": "MultiPolygon",
        "coordinates": [
          [
            [
              [
                -73.953682245363,
                40.75923079344
              ],
              [
                -73.953682401829,
                40.759230588187
              ],
              [
                -73.953682632691,
                40.759230690037
              ],
              [
                -73.95370238026,
                40.759239385147
              ],
              [
                -73.953721315674,
                40.759247723327
              ],
              [
                -73.95373924477,
                40.759255618953
              ],
              [
                -73.953753863665,
                40.759262055328
              ],
              [
                -73.953763388206,
                40.759266249201
              ],
              [
                -73.953764113941,
                40.759266569172
              ],
              [
                -73.953632500595,
                40.759439386231
              ],
              [
                -73.95362917804,
                40.759443748741
              ],
              [
                -73.953618541792,
                40.759439065436
              ],
              [
                -73.95360477647,
                40.759433003997
              ],
              [
                -73.953625217944,
                40.759406162768
              ],
              [
                -73.953609940778,
                40.759399435248
              ],
              [
                -73.95358960477,
                40.75939048054
              ],
              [
                -73.953568764423,
                40.759381304101
              ],
              [
                -73.953567907273,
                40.759380926444
              ],
              [
                -73.953570192641,
                40.759377925982
              ],
              [
                -73.953619000849,
                40.759313836886
              ],
              [
                -73.953682245363,
                40.75923079344
              ]
            ]
          ]
        ]
      }
    },
    {
      "type": "Feature",
      "id": "1089267",
      "properties": {
        "bin": "1089267",
        "bbl": "1013730001",
        "address": "MAIN STREET",
        "building_use": "Multi-Family Elevator Buildings",
        "pluto_landuse_code": "3",
        "building_class": "D4",
        "pluto_year_built": "1975",
        "pluto_floors": "18.0000000",
        "residential_units": "8018",
        "total_units": "8088",
        "building_area_sqft": "4786701",
        "lot_area_sqft": "4227757",
        "construction_year": "1975",
        "height_roof": "53",
        "feature_code": "2100",
        "geometry_source": "Other (Manual)",
        "last_status_type": "Constructed",
        "retrieved_on": "2026-09-29",
        "source_footprint": "NYC DoITT BUILDING (Socrata 5zhs-2jue)",
        "source_taxlot": "NYC DCP PLUTO 26v2 (Socrata 64uk-42ks)",
        "source_boundary": "OpenStreetMap relation 2389564 (Roosevelt Island)",
        "source_attributes": {
          "building": {
            "name": null,
            "base_bbl": "1013730001",
            "shape_area": "1086.5",
            "construction_year": "1975",
            "ground_elevation": "18",
            "mappluto_bbl": "1013730001",
            "objectid": "47918",
            "feature_code": "2100",
            "shape_length": "141.1752136127096",
            "height_roof": "53",
            "last_status_type": "Constructed",
            "bin": "1089267",
            "last_edited_date": "2017-08-10T15:24:28.000Z",
            "geom_source": "Other (Manual)",
            "doitt_id": "533761"
          },
          "pluto": {
            "borough": "MN",
            "block": "1373",
            "lot": "1",
            "cd": "108",
            "ct2010": "238.01",
            "cb2010": "1015",
            "schooldist": "2",
            "council": "5",
            "zipcode": "10044",
            "firecomp": "E260",
            "policeprct": "114",
            "healtharea": "8300",
            "sanitboro": "1",
            "address": "MAIN STREET",
            "zonedist1": "R7-2",
            "splitzone": false,
            "bldgclass": "D4",
            "landuse": "3",
            "easements": "1",
            "ownertype": "C",
            "ownername": "RIVERWALK 8 AFFORDABLE, L.P.",
            "lotarea": "4227757",
            "bldgarea": "4786701",
            "comarea": "1046956",
            "resarea": "3739745",
            "officearea": "7496",
            "retailarea": "537154",
            "garagearea": "406500",
            "strgearea": "0",
            "factryarea": "0",
            "otherarea": "95806",
            "areasource": "2",
            "numbldgs": "38",
            "numfloors": "18.0000000",
            "unitsres": "8018",
            "unitstotal": "8088",
            "lotfront": "200.0000000",
            "lotdepth": "102.5000000",
            "bldgfront": "0.0000000",
            "bldgdepth": "0.0000000",
            "ext": "N",
            "proxcode": "0",
            "irrlotcode": true,
            "lottype": "7",
            "bsmtcode": "0",
            "assessland": "134391150.00000",
            "assesstot": "592936650.00000",
            "exempttot": "592936650.00000",
            "yearbuilt": "1975",
            "yearalter1": "0",
            "yearalter2": "0",
            "landmark": "INDIVIDUAL LANDMARK",
            "builtfar": "1.13000000000",
            "residfar": "3.44000000000",
            "commfar": "0.00000000000",
            "facilfar": "6.50000000000",
            "affresfar": "5.01000000000",
            "mnffar": "0.00000000000",
            "borocode": "1",
            "bbl": "1013730001.00000000",
            "tract2010": "23801",
            "xcoord": "996792",
            "ycoord": "215349",
            "latitude": "40.7577508",
            "longitude": "-73.9547287",
            "zonemap": "9a",
            "zmcode": true,
            "sanborn": "106E070",
            "taxmap": "10507",
            "appbbl": "1013730001.00000000",
            "appdate": "2023-12-06T00:00:00.000",
            "plutomapid": "1",
            "version": "26v2",
            "sanitdistrict": "8",
            "healthcenterdistrict": "13",
            "firm07_flag": "1",
            "pfirm15_flag": "1",
            "bct2020": "1023804",
            "bctcb2020": "10238041000",
            "transitzone": "Inner Transit Zone"
          }
        }
      },
      "geometry": {
        "type": "MultiPolygon",
        "coordinates": [
          [
            [
              [
                -73.953890539913,
                40.757346403292
              ],
              [
                -73.953973251109,
                40.757222117105
              ],
              [
                -73.953994242119,
                40.757190573584
              ],
              [
                -73.953995240162,
                40.757190957598
              ],
              [
                -73.954005645622,
                40.757194961797
              ],
              [
                -73.954012900676,
                40.757197753558
              ],
              [
                -73.954073214251,
                40.757220962029
              ],
              [
                -73.954094473128,
                40.75718901607
              ],
              [
                -73.954107976911,
                40.757194211963
              ],
              [
                -73.954121070315,
                40.757174538435
              ],
              [
                -73.95415390158,
                40.757187172088
              ],
              [
                -73.954140567534,
                40.757207207527
              ],
              [
                -73.95430715941,
                40.757271311357
              ],
              [
                -73.954283709884,
                40.757306549633
              ],
              [
                -73.954278465419,
                40.757314429675
              ],
              [
                -73.954201615602,
                40.757429910567
              ],
              [
                -73.95418243956,
                40.757458725415
              ],
              [
                -73.953890539913,
                40.757346403292
              ]
            ]
          ]
        ]
      }
    },
    {
      "type": "Feature",
      "id": "1089268",
      "properties": {
        "bin": "1089268",
        "bbl": "1013730001",
        "address": "MAIN STREET",
        "building_use": "Multi-Family Elevator Buildings",
        "pluto_landuse_code": "3",
        "building_class": "D4",
        "pluto_year_built": "1975",
        "pluto_floors": "18.0000000",
        "residential_units": "8018",
        "total_units": "8088",
        "building_area_sqft": "4786701",
        "lot_area_sqft": "4227757",
        "construction_year": "1975",
        "height_roof": "10",
        "feature_code": "2100",
        "geometry_source": "Other (Manual)",
        "last_status_type": "Constructed",
        "retrieved_on": "2026-09-29",
        "source_footprint": "NYC DoITT BUILDING (Socrata 5zhs-2jue)",
        "source_taxlot": "NYC DCP PLUTO 26v2 (Socrata 64uk-42ks)",
        "source_boundary": "OpenStreetMap relation 2389564 (Roosevelt Island)",
        "source_attributes": {
          "building": {
            "name": null,
            "base_bbl": "1013730001",
            "shape_area": "264.609375",
            "construction_year": "1975",
            "ground_elevation": "11",
            "mappluto_bbl": "1013730001",
            "objectid": "58265",
            "feature_code": "2100",
            "shape_length": "94.378300033674265",
            "height_roof": "10",
            "last_status_type": "Constructed",
            "bin": "1089268",
            "last_edited_date": "2017-08-10T15:27:19.000Z",
            "geom_source": "Other (Manual)",
            "doitt_id": "509113"
          },
          "pluto": {
            "borough": "MN",
            "block": "1373",
            "lot": "1",
            "cd": "108",
            "ct2010": "238.01",
            "cb2010": "1015",
            "schooldist": "2",
            "council": "5",
            "zipcode": "10044",
            "firecomp": "E260",
            "policeprct": "114",
            "healtharea": "8300",
            "sanitboro": "1",
            "address": "MAIN STREET",
            "zonedist1": "R7-2",
            "splitzone": false,
            "bldgclass": "D4",
            "landuse": "3",
            "easements": "1",
            "ownertype": "C",
            "ownername": "RIVERWALK 8 AFFORDABLE, L.P.",
            "lotarea": "4227757",
            "bldgarea": "4786701",
            "comarea": "1046956",
            "resarea": "3739745",
            "officearea": "7496",
            "retailarea": "537154",
            "garagearea": "406500",
            "strgearea": "0",
            "factryarea": "0",
            "otherarea": "95806",
            "areasource": "2",
            "numbldgs": "38",
            "numfloors": "18.0000000",
            "unitsres": "8018",
            "unitstotal": "8088",
            "lotfront": "200.0000000",
            "lotdepth": "102.5000000",
            "bldgfront": "0.0000000",
            "bldgdepth": "0.0000000",
            "ext": "N",
            "proxcode": "0",
            "irrlotcode": true,
            "lottype": "7",
            "bsmtcode": "0",
            "assessland": "134391150.00000",
            "assesstot": "592936650.00000",
            "exempttot": "592936650.00000",
            "yearbuilt": "1975",
            "yearalter1": "0",
            "yearalter2": "0",
            "landmark": "INDIVIDUAL LANDMARK",
            "builtfar": "1.13000000000",
            "residfar": "3.44000000000",
            "commfar": "0.00000000000",
            "facilfar": "6.50000000000",
            "affresfar": "5.01000000000",
            "mnffar": "0.00000000000",
            "borocode": "1",
            "bbl": "1013730001.00000000",
            "tract2010": "23801",
            "xcoord": "996792",
            "ycoord": "215349",
            "latitude": "40.7577508",
            "longitude": "-73.9547287",
            "zonemap": "9a",
            "zmcode": true,
            "sanborn": "106E070",
            "taxmap": "10507",
            "appbbl": "1013730001.00000000",
            "appdate": "2023-12-06T00:00:00.000",
            "plutomapid": "1",
            "version": "26v2",
            "sanitdistrict": "8",
            "healthcenterdistrict": "13",
            "firm07_flag": "1",
            "pfirm15_flag": "1",
            "bct2020": "1023804",
            "bctcb2020": "10238041000",
            "transitzone": "Inner Transit Zone"
          }
        }
      },
      "geometry": {
        "type": "MultiPolygon",
        "coordinates": [
          [
            [
              [
                -73.945299573294,
                40.765597816199
              ],
              [
                -73.945297802211,
                40.765596899545
              ],
              [
                -73.945330582825,
                40.765560269983
              ],
              [
                -73.945632382772,
                40.765716397237
              ],
              [
                -73.945599603432,
                40.765753026884
              ],
              [
                -73.945299573294,
                40.765597816199
              ]
            ]
          ]
        ]
      }
    },
    {
      "type": "Feature",
      "id": "1089269",
      "properties": {
        "bin": "1089269",
        "bbl": "1013730001",
        "address": "MAIN STREET",
        "building_use": "Multi-Family Elevator Buildings",
        "pluto_landuse_code": "3",
        "building_class": "D4",
        "pluto_year_built": "1975",
        "pluto_floors": "18.0000000",
        "residential_units": "8018",
        "total_units": "8088",
        "building_area_sqft": "4786701",
        "lot_area_sqft": "4227757",
        "construction_year": "1975",
        "height_roof": "21.08",
        "feature_code": "2100",
        "geometry_source": "Photogrammetric",
        "last_status_type": "Constructed",
        "retrieved_on": "2026-09-29",
        "source_footprint": "NYC DoITT BUILDING (Socrata 5zhs-2jue)",
        "source_taxlot": "NYC DCP PLUTO 26v2 (Socrata 64uk-42ks)",
        "source_boundary": "OpenStreetMap relation 2389564 (Roosevelt Island)",
        "name": "Roosevelt Isld Pool Bldg",
        "source_attributes": {
          "building": {
            "name": "Roosevelt Isld Pool Bldg",
            "base_bbl": "1013730001",
            "shape_area": "391.31640625",
            "construction_year": "1975",
            "ground_elevation": "12",
            "mappluto_bbl": "1013730001",
            "objectid": "87952",
            "feature_code": "2100",
            "shape_length": "109.63482037593637",
            "height_roof": "21.08",
            "last_status_type": "Constructed",
            "bin": "1089269",
            "last_edited_date": "2015-01-01T00:00:00.000Z",
            "geom_source": "Photogrammetric",
            "doitt_id": "265631"
          },
          "pluto": {
            "borough": "MN",
            "block": "1373",
            "lot": "1",
            "cd": "108",
            "ct2010": "238.01",
            "cb2010": "1015",
            "schooldist": "2",
            "council": "5",
            "zipcode": "10044",
            "firecomp": "E260",
            "policeprct": "114",
            "healtharea": "8300",
            "sanitboro": "1",
            "address": "MAIN STREET",
            "zonedist1": "R7-2",
            "splitzone": false,
            "bldgclass": "D4",
            "landuse": "3",
            "easements": "1",
            "ownertype": "C",
            "ownername": "RIVERWALK 8 AFFORDABLE, L.P.",
            "lotarea": "4227757",
            "bldgarea": "4786701",
            "comarea": "1046956",
            "resarea": "3739745",
            "officearea": "7496",
            "retailarea": "537154",
            "garagearea": "406500",
            "strgearea": "0",
            "factryarea": "0",
            "otherarea": "95806",
            "areasource": "2",
            "numbldgs": "38",
            "numfloors": "18.0000000",
            "unitsres": "8018",
            "unitstotal": "8088",
            "lotfront": "200.0000000",
            "lotdepth": "102.5000000",
            "bldgfront": "0.0000000",
            "bldgdepth": "0.0000000",
            "ext": "N",
            "proxcode": "0",
            "irrlotcode": true,
            "lottype": "7",
            "bsmtcode": "0",
            "assessland": "134391150.00000",
            "assesstot": "592936650.00000",
            "exempttot": "592936650.00000",
            "yearbuilt": "1975",
            "yearalter1": "0",
            "yearalter2": "0",
            "landmark": "INDIVIDUAL LANDMARK",
            "builtfar": "1.13000000000",
            "residfar": "3.44000000000",
            "commfar": "0.00000000000",
            "facilfar": "6.50000000000",
            "affresfar": "5.01000000000",
            "mnffar": "0.00000000000",
            "borocode": "1",
            "bbl": "1013730001.00000000",
            "tract2010": "23801",
            "xcoord": "996792",
            "ycoord": "215349",
            "latitude": "40.7577508",
            "longitude": "-73.9547287",
            "zonemap": "9a",
            "zmcode": true,
            "sanborn": "106E070",
            "taxmap": "10507",
            "appbbl": "1013730001.00000000",
            "appdate": "2023-12-06T00:00:00.000",
            "plutomapid": "1",
            "version": "26v2",
            "sanitdistrict": "8",
            "healthcenterdistrict": "13",
            "firm07_flag": "1",
            "pfirm15_flag": "1",
            "bct2020": "1023804",
            "bctcb2020": "10238041000",
            "transitzone": "Inner Transit Zone"
          }
        }
      },
      "geometry": {
        "type": "MultiPolygon",
        "coordinates": [
          [
            [
              [
                -73.946633797526,
                40.766667264742
              ],
              [
                -73.946595861495,
                40.766709660008
              ],
              [
                -73.946567657027,
                40.766695263179
              ],
              [
                -73.946503680202,
                40.766767715069
              ],
              [
                -73.946475955367,
                40.766753374272
              ],
              [
                -73.946462710956,
                40.766746523387
              ],
              [
                -73.946471986056,
                40.766736158391
              ],
              [
                -73.946538698172,
                40.76666160241
              ],
              [
                -73.946560637565,
                40.766637082855
              ],
              [
                -73.946514366835,
                40.766613149399
              ],
              [
                -73.946575937432,
                40.766544339826
              ],
              [
                -73.946623123297,
                40.766568746447
              ],
              [
                -73.94665752893,
                40.766530296446
              ],
              [
                -73.946725087535,
                40.766565241149
              ],
              [
                -73.946686518582,
                40.766608346651
              ],
              [
                -73.946692792123,
                40.766611592269
              ],
              [
                -73.946663334588,
                40.766644512774
              ],
              [
                -73.946640072254,
                40.766670510363
              ],
              [
                -73.946633797526,
                40.766667264742
              ]
            ]
          ]
        ]
      }
    },
    {
      "type": "Feature",
      "id": "1089270",
      "properties": {
        "bin": "1089270",
        "bbl": "1013730001",
        "address": "MAIN STREET",
        "building_use": "Multi-Family Elevator Buildings",
        "pluto_landuse_code": "3",
        "building_class": "D4",
        "pluto_year_built": "1975",
        "pluto_floors": "18.0000000",
        "residential_units": "8018",
        "total_units": "8088",
        "building_area_sqft": "4786701",
        "lot_area_sqft": "4227757",
        "construction_year": "1975",
        "height_roof": "28.47",
        "feature_code": "2100",
        "geometry_source": "Photogrammetric",
        "last_status_type": "Constructed",
        "retrieved_on": "2026-09-29",
        "source_footprint": "NYC DoITT BUILDING (Socrata 5zhs-2jue)",
        "source_taxlot": "NYC DCP PLUTO 26v2 (Socrata 64uk-42ks)",
        "source_boundary": "OpenStreetMap relation 2389564 (Roosevelt Island)",
        "name": "Roosevelt Isld Subway Station",
        "source_attributes": {
          "building": {
            "name": "Roosevelt Isld Subway Station",
            "base_bbl": "1013730001",
            "shape_area": "641.203125",
            "construction_year": "1975",
            "ground_elevation": "16",
            "mappluto_bbl": "1013730001",
            "objectid": "3925",
            "feature_code": "2100",
            "shape_length": "126.74164072396817",
            "height_roof": "28.47",
            "last_status_type": "Constructed",
            "bin": "1089270",
            "last_edited_date": "2008-03-25T00:00:00.000Z",
            "geom_source": "Photogrammetric",
            "doitt_id": "996736"
          },
          "pluto": {
            "borough": "MN",
            "block": "1373",
            "lot": "1",
            "cd": "108",
            "ct2010": "238.01",
            "cb2010": "1015",
            "schooldist": "2",
            "council": "5",
            "zipcode": "10044",
            "firecomp": "E260",
            "policeprct": "114",
            "healtharea": "8300",
            "sanitboro": "1",
            "address": "MAIN STREET",
            "zonedist1": "R7-2",
            "splitzone": false,
            "bldgclass": "D4",
            "landuse": "3",
            "easements": "1",
            "ownertype": "C",
            "ownername": "RIVERWALK 8 AFFORDABLE, L.P.",
            "lotarea": "4227757",
            "bldgarea": "4786701",
            "comarea": "1046956",
            "resarea": "3739745",
            "officearea": "7496",
            "retailarea": "537154",
            "garagearea": "406500",
            "strgearea": "0",
            "factryarea": "0",
            "otherarea": "95806",
            "areasource": "2",
            "numbldgs": "38",
            "numfloors": "18.0000000",
            "unitsres": "8018",
            "unitstotal": "8088",
            "lotfront": "200.0000000",
            "lotdepth": "102.5000000",
            "bldgfront": "0.0000000",
            "bldgdepth": "0.0000000",
            "ext": "N",
            "proxcode": "0",
            "irrlotcode": true,
            "lottype": "7",
            "bsmtcode": "0",
            "assessland": "134391150.00000",
            "assesstot": "592936650.00000",
            "exempttot": "592936650.00000",
            "yearbuilt": "1975",
            "yearalter1": "0",
            "yearalter2": "0",
            "landmark": "INDIVIDUAL LANDMARK",
            "builtfar": "1.13000000000",
            "residfar": "3.44000000000",
            "commfar": "0.00000000000",
            "facilfar": "6.50000000000",
            "affresfar": "5.01000000000",
            "mnffar": "0.00000000000",
            "borocode": "1",
            "bbl": "1013730001.00000000",
            "tract2010": "23801",
            "xcoord": "996792",
            "ycoord": "215349",
            "latitude": "40.7577508",
            "longitude": "-73.9547287",
            "zonemap": "9a",
            "zmcode": true,
            "sanborn": "106E070",
            "taxmap": "10507",
            "appbbl": "1013730001.00000000",
            "appdate": "2023-12-06T00:00:00.000",
            "plutomapid": "1",
            "version": "26v2",
            "sanitdistrict": "8",
            "healthcenterdistrict": "13",
            "firm07_flag": "1",
            "pfirm15_flag": "1",
            "bct2020": "1023804",
            "bctcb2020": "10238041000",
            "transitzone": "Inner Transit Zone"
          }
        }
      },
      "geometry": {
        "type": "MultiPolygon",
        "coordinates": [
          [
            [
              [
                -73.953173599428,
                40.75925251512
              ],
              [
                -73.953219247987,
                40.759192240348
              ],
              [
                -73.953210508404,
                40.759188413254
              ],
              [
                -73.953206036797,
                40.759186455541
              ],
              [
                -73.953242942019,
                40.759137726185
              ],
              [
                -73.953276985718,
                40.759092775076
              ],
              [
                -73.953289887897,
                40.759098424674
              ],
              [
                -73.953299906596,
                40.759085195813
              ],
              [
                -73.953368074422,
                40.758995185523
              ],
              [
                -73.953393396912,
                40.759006273784
              ],
              [
                -73.953398557543,
                40.759008533438
              ],
              [
                -73.953403957775,
                40.759008560836
              ],
              [
                -73.953415486557,
                40.759008619529
              ],
              [
                -73.953517077223,
                40.759009133328
              ],
              [
                -73.953344749343,
                40.759236677135
              ],
              [
                -73.953233801709,
                40.75923406301
              ],
              [
                -73.953227998885,
                40.759233926479
              ],
              [
                -73.953204501316,
                40.759264951944
              ],
              [
                -73.953199744428,
                40.759271232836
              ],
              [
                -73.953197698639,
                40.759270336902
              ],
              [
                -73.953190577445,
                40.759267219162
              ],
              [
                -73.953169464858,
                40.759257974102
              ],
              [
                -73.953171564148,
                40.7592552023
              ],
              [
                -73.953173599428,
                40.75925251512
              ]
            ]
          ]
        ]
      }
    },
    {
      "type": "Feature",
      "id": "1089271",
      "properties": {
        "bin": "1089271",
        "bbl": "1013730001",
        "address": "MAIN STREET",
        "building_use": "Multi-Family Elevator Buildings",
        "pluto_landuse_code": "3",
        "building_class": "D4",
        "pluto_year_built": "1975",
        "pluto_floors": "18.0000000",
        "residential_units": "8018",
        "total_units": "8088",
        "building_area_sqft": "4786701",
        "lot_area_sqft": "4227757",
        "construction_year": "1975",
        "height_roof": "33",
        "feature_code": "2100",
        "geometry_source": "Other (Manual)",
        "last_status_type": "Constructed",
        "retrieved_on": "2026-09-29",
        "source_footprint": "NYC DoITT BUILDING (Socrata 5zhs-2jue)",
        "source_taxlot": "NYC DCP PLUTO 26v2 (Socrata 64uk-42ks)",
        "source_boundary": "OpenStreetMap relation 2389564 (Roosevelt Island)",
        "source_attributes": {
          "building": {
            "name": null,
            "base_bbl": "1013730001",
            "shape_area": "301.99609375",
            "construction_year": "1975",
            "ground_elevation": "10",
            "mappluto_bbl": "1013730001",
            "objectid": "62823",
            "feature_code": "2100",
            "shape_length": "78.601079382051211",
            "height_roof": "33",
            "last_status_type": "Constructed",
            "bin": "1089271",
            "last_edited_date": "2017-08-10T15:11:56.000Z",
            "geom_source": "Other (Manual)",
            "doitt_id": "6466"
          },
          "pluto": {
            "borough": "MN",
            "block": "1373",
            "lot": "1",
            "cd": "108",
            "ct2010": "238.01",
            "cb2010": "1015",
            "schooldist": "2",
            "council": "5",
            "zipcode": "10044",
            "firecomp": "E260",
            "policeprct": "114",
            "healtharea": "8300",
            "sanitboro": "1",
            "address": "MAIN STREET",
            "zonedist1": "R7-2",
            "splitzone": false,
            "bldgclass": "D4",
            "landuse": "3",
            "easements": "1",
            "ownertype": "C",
            "ownername": "RIVERWALK 8 AFFORDABLE, L.P.",
            "lotarea": "4227757",
            "bldgarea": "4786701",
            "comarea": "1046956",
            "resarea": "3739745",
            "officearea": "7496",
            "retailarea": "537154",
            "garagearea": "406500",
            "strgearea": "0",
            "factryarea": "0",
            "otherarea": "95806",
            "areasource": "2",
            "numbldgs": "38",
            "numfloors": "18.0000000",
            "unitsres": "8018",
            "unitstotal": "8088",
            "lotfront": "200.0000000",
            "lotdepth": "102.5000000",
            "bldgfront": "0.0000000",
            "bldgdepth": "0.0000000",
            "ext": "N",
            "proxcode": "0",
            "irrlotcode": true,
            "lottype": "7",
            "bsmtcode": "0",
            "assessland": "134391150.00000",
            "assesstot": "592936650.00000",
            "exempttot": "592936650.00000",
            "yearbuilt": "1975",
            "yearalter1": "0",
            "yearalter2": "0",
            "landmark": "INDIVIDUAL LANDMARK",
            "builtfar": "1.13000000000",
            "residfar": "3.44000000000",
            "commfar": "0.00000000000",
            "facilfar": "6.50000000000",
            "affresfar": "5.01000000000",
            "mnffar": "0.00000000000",
            "borocode": "1",
            "bbl": "1013730001.00000000",
            "tract2010": "23801",
            "xcoord": "996792",
            "ycoord": "215349",
            "latitude": "40.7577508",
            "longitude": "-73.9547287",
            "zonemap": "9a",
            "zmcode": true,
            "sanborn": "106E070",
            "taxmap": "10507",
            "appbbl": "1013730001.00000000",
            "appdate": "2023-12-06T00:00:00.000",
            "plutomapid": "1",
            "version": "26v2",
            "sanitdistrict": "8",
            "healthcenterdistrict": "13",
            "firm07_flag": "1",
            "pfirm15_flag": "1",
            "bct2020": "1023804",
            "bctcb2020": "10238041000",
            "transitzone": "Inner Transit Zone"
          }
        }
      },
      "geometry": {
        "type": "MultiPolygon",
        "coordinates": [
          [
            [
              [
                -73.958115534793,
                40.752283383212
              ],
              [
                -73.958164316206,
                40.752235403971
              ],
              [
                -73.958187451782,
                40.752249007309
              ],
              [
                -73.958259312105,
                40.752178327443
              ],
              [
                -73.958339487063,
                40.752225469137
              ],
              [
                -73.958267626774,
                40.752296149053
              ],
              [
                -73.958287023051,
                40.752307552881
              ],
              [
                -73.958238241673,
                40.752355532174
              ],
              [
                -73.958115534793,
                40.752283383212
              ]
            ]
          ]
        ]
      }
    },
    {
      "type": "Feature",
      "id": "1089272",
      "properties": {
        "bin": "1089272",
        "bbl": "1013730001",
        "address": "MAIN STREET",
        "building_use": "Multi-Family Elevator Buildings",
        "pluto_landuse_code": "3",
        "building_class": "D4",
        "pluto_year_built": "1975",
        "pluto_floors": "18.0000000",
        "residential_units": "8018",
        "total_units": "8088",
        "building_area_sqft": "4786701",
        "lot_area_sqft": "4227757",
        "construction_year": "1975",
        "height_roof": "15",
        "feature_code": "2100",
        "geometry_source": "Other (Manual)",
        "last_status_type": "Constructed",
        "retrieved_on": "2026-09-29",
        "source_footprint": "NYC DoITT BUILDING (Socrata 5zhs-2jue)",
        "source_taxlot": "NYC DCP PLUTO 26v2 (Socrata 64uk-42ks)",
        "source_boundary": "OpenStreetMap relation 2389564 (Roosevelt Island)",
        "source_attributes": {
          "building": {
            "name": null,
            "base_bbl": "1013730001",
            "shape_area": "570.42578125",
            "construction_year": "1975",
            "ground_elevation": "14",
            "mappluto_bbl": "1013730001",
            "objectid": "227770",
            "feature_code": "2100",
            "shape_length": "131.0772794978536",
            "height_roof": "15",
            "last_status_type": "Constructed",
            "bin": "1089272",
            "last_edited_date": "2017-08-10T15:19:30.000Z",
            "geom_source": "Other (Manual)",
            "doitt_id": "43616"
          },
          "pluto": {
            "borough": "MN",
            "block": "1373",
            "lot": "1",
            "cd": "108",
            "ct2010": "238.01",
            "cb2010": "1015",
            "schooldist": "2",
            "council": "5",
            "zipcode": "10044",
            "firecomp": "E260",
            "policeprct": "114",
            "healtharea": "8300",
            "sanitboro": "1",
            "address": "MAIN STREET",
            "zonedist1": "R7-2",
            "splitzone": false,
            "bldgclass": "D4",
            "landuse": "3",
            "easements": "1",
            "ownertype": "C",
            "ownername": "RIVERWALK 8 AFFORDABLE, L.P.",
            "lotarea": "4227757",
            "bldgarea": "4786701",
            "comarea": "1046956",
            "resarea": "3739745",
            "officearea": "7496",
            "retailarea": "537154",
            "garagearea": "406500",
            "strgearea": "0",
            "factryarea": "0",
            "otherarea": "95806",
            "areasource": "2",
            "numbldgs": "38",
            "numfloors": "18.0000000",
            "unitsres": "8018",
            "unitstotal": "8088",
            "lotfront": "200.0000000",
            "lotdepth": "102.5000000",
            "bldgfront": "0.0000000",
            "bldgdepth": "0.0000000",
            "ext": "N",
            "proxcode": "0",
            "irrlotcode": true,
            "lottype": "7",
            "bsmtcode": "0",
            "assessland": "134391150.00000",
            "assesstot": "592936650.00000",
            "exempttot": "592936650.00000",
            "yearbuilt": "1975",
            "yearalter1": "0",
            "yearalter2": "0",
            "landmark": "INDIVIDUAL LANDMARK",
            "builtfar": "1.13000000000",
            "residfar": "3.44000000000",
            "commfar": "0.00000000000",
            "facilfar": "6.50000000000",
            "affresfar": "5.01000000000",
            "mnffar": "0.00000000000",
            "borocode": "1",
            "bbl": "1013730001.00000000",
            "tract2010": "23801",
            "xcoord": "996792",
            "ycoord": "215349",
            "latitude": "40.7577508",
            "longitude": "-73.9547287",
            "zonemap": "9a",
            "zmcode": true,
            "sanborn": "106E070",
            "taxmap": "10507",
            "appbbl": "1013730001.00000000",
            "appdate": "2023-12-06T00:00:00.000",
            "plutomapid": "1",
            "version": "26v2",
            "sanitdistrict": "8",
            "healthcenterdistrict": "13",
            "firm07_flag": "1",
            "pfirm15_flag": "1",
            "bct2020": "1023804",
            "bctcb2020": "10238041000",
            "transitzone": "Inner Transit Zone"
          }
        }
      },
      "geometry": {
        "type": "MultiPolygon",
        "coordinates": [
          [
            [
              [
                -73.944688706391,
                40.767959898962
              ],
              [
                -73.944617765822,
                40.76792363401
              ],
              [
                -73.944608235274,
                40.767934411162
              ],
              [
                -73.944583738773,
                40.767921887781
              ],
              [
                -73.944595698492,
                40.767908364361
              ],
              [
                -73.944533304739,
                40.767876468208
              ],
              [
                -73.944597336847,
                40.767804065176
              ],
              [
                -73.944601001075,
                40.767805938185
              ],
              [
                -73.944620390112,
                40.767815849448
              ],
              [
                -73.944677618406,
                40.767845105498
              ],
              [
                -73.944740709012,
                40.767773767231
              ],
              [
                -73.944793698889,
                40.767800855478
              ],
              [
                -73.944853007397,
                40.767831174132
              ],
              [
                -73.944847613224,
                40.767837273365
              ],
              [
                -73.94479347346,
                40.767898491613
              ],
              [
                -73.94478733956,
                40.767895356721
              ],
              [
                -73.944658069748,
                40.768041527542
              ],
              [
                -73.944629453146,
                40.768026898614
              ],
              [
                -73.944688706391,
                40.767959898962
              ]
            ]
          ]
        ]
      }
    },
    {
      "type": "Feature",
      "id": "1089274",
      "properties": {
        "bin": "1089274",
        "bbl": "1013730001",
        "address": "MAIN STREET",
        "building_use": "Multi-Family Elevator Buildings",
        "pluto_landuse_code": "3",
        "building_class": "D4",
        "pluto_year_built": "1975",
        "pluto_floors": "18.0000000",
        "residential_units": "8018",
        "total_units": "8088",
        "building_area_sqft": "4786701",
        "lot_area_sqft": "4227757",
        "construction_year": "1975",
        "height_roof": "15",
        "feature_code": "2100",
        "geometry_source": "Other (Manual)",
        "last_status_type": "Constructed",
        "retrieved_on": "2026-09-29",
        "source_footprint": "NYC DoITT BUILDING (Socrata 5zhs-2jue)",
        "source_taxlot": "NYC DCP PLUTO 26v2 (Socrata 64uk-42ks)",
        "source_boundary": "OpenStreetMap relation 2389564 (Roosevelt Island)",
        "source_attributes": {
          "building": {
            "name": null,
            "base_bbl": "1013730001",
            "shape_area": "136.21875",
            "construction_year": "1975",
            "ground_elevation": "12",
            "mappluto_bbl": "1013730001",
            "objectid": "45472",
            "feature_code": "2100",
            "shape_length": "48.589190266849954",
            "height_roof": "15",
            "last_status_type": "Constructed",
            "bin": "1089274",
            "last_edited_date": "2017-08-22T17:36:43.000Z",
            "geom_source": "Other (Manual)",
            "doitt_id": "621601"
          },
          "pluto": {
            "borough": "MN",
            "block": "1373",
            "lot": "1",
            "cd": "108",
            "ct2010": "238.01",
            "cb2010": "1015",
            "schooldist": "2",
            "council": "5",
            "zipcode": "10044",
            "firecomp": "E260",
            "policeprct": "114",
            "healtharea": "8300",
            "sanitboro": "1",
            "address": "MAIN STREET",
            "zonedist1": "R7-2",
            "splitzone": false,
            "bldgclass": "D4",
            "landuse": "3",
            "easements": "1",
            "ownertype": "C",
            "ownername": "RIVERWALK 8 AFFORDABLE, L.P.",
            "lotarea": "4227757",
            "bldgarea": "4786701",
            "comarea": "1046956",
            "resarea": "3739745",
            "officearea": "7496",
            "retailarea": "537154",
            "garagearea": "406500",
            "strgearea": "0",
            "factryarea": "0",
            "otherarea": "95806",
            "areasource": "2",
            "numbldgs": "38",
            "numfloors": "18.0000000",
            "unitsres": "8018",
            "unitstotal": "8088",
            "lotfront": "200.0000000",
            "lotdepth": "102.5000000",
            "bldgfront": "0.0000000",
            "bldgdepth": "0.0000000",
            "ext": "N",
            "proxcode": "0",
            "irrlotcode": true,
            "lottype": "7",
            "bsmtcode": "0",
            "assessland": "134391150.00000",
            "assesstot": "592936650.00000",
            "exempttot": "592936650.00000",
            "yearbuilt": "1975",
            "yearalter1": "0",
            "yearalter2": "0",
            "landmark": "INDIVIDUAL LANDMARK",
            "builtfar": "1.13000000000",
            "residfar": "3.44000000000",
            "commfar": "0.00000000000",
            "facilfar": "6.50000000000",
            "affresfar": "5.01000000000",
            "mnffar": "0.00000000000",
            "borocode": "1",
            "bbl": "1013730001.00000000",
            "tract2010": "23801",
            "xcoord": "996792",
            "ycoord": "215349",
            "latitude": "40.7577508",
            "longitude": "-73.9547287",
            "zonemap": "9a",
            "zmcode": true,
            "sanborn": "106E070",
            "taxmap": "10507",
            "appbbl": "1013730001.00000000",
            "appdate": "2023-12-06T00:00:00.000",
            "plutomapid": "1",
            "version": "26v2",
            "sanitdistrict": "8",
            "healthcenterdistrict": "13",
            "firm07_flag": "1",
            "pfirm15_flag": "1",
            "bct2020": "1023804",
            "bctcb2020": "10238041000",
            "transitzone": "Inner Transit Zone"
          }
        }
      },
      "geometry": {
        "type": "MultiPolygon",
        "coordinates": [
          [
            [
              [
                -73.946320379645,
                40.766635345762
              ],
              [
                -73.946364247207,
                40.766585695284
              ],
              [
                -73.946479793694,
                40.76664470592
              ],
              [
                -73.946460713395,
                40.76666630285
              ],
              [
                -73.946435927364,
                40.766694357342
              ],
              [
                -73.946396048354,
                40.766673991005
              ],
              [
                -73.946320379645,
                40.766635345762
              ]
            ]
          ]
        ]
      }
    },
    {
      "type": "Feature",
      "id": "1089275",
      "properties": {
        "bin": "1089275",
        "bbl": "1013730001",
        "address": "MAIN STREET",
        "building_use": "Multi-Family Elevator Buildings",
        "pluto_landuse_code": "3",
        "building_class": "D4",
        "pluto_year_built": "1975",
        "pluto_floors": "18.0000000",
        "residential_units": "8018",
        "total_units": "8088",
        "building_area_sqft": "4786701",
        "lot_area_sqft": "4227757",
        "construction_year": "1975",
        "height_roof": "38",
        "feature_code": "2100",
        "geometry_source": "Other (Manual)",
        "last_status_type": "Constructed",
        "retrieved_on": "2026-09-29",
        "source_footprint": "NYC DoITT BUILDING (Socrata 5zhs-2jue)",
        "source_taxlot": "NYC DCP PLUTO 26v2 (Socrata 64uk-42ks)",
        "source_boundary": "OpenStreetMap relation 2389564 (Roosevelt Island)",
        "name": "Roosevelt Isld Racquet Club",
        "source_attributes": {
          "building": {
            "name": "Roosevelt Isld Racquet Club",
            "base_bbl": "1013730001",
            "shape_area": "13522.12109375",
            "construction_year": "1975",
            "ground_elevation": "21",
            "mappluto_bbl": "1013730001",
            "objectid": "1059654",
            "feature_code": "2100",
            "shape_length": "538.17404304439833",
            "height_roof": "38",
            "last_status_type": "Constructed",
            "bin": "1089275",
            "last_edited_date": "2017-08-22T18:43:19.000Z",
            "geom_source": "Other (Manual)",
            "doitt_id": "77995"
          },
          "pluto": {
            "borough": "MN",
            "block": "1373",
            "lot": "1",
            "cd": "108",
            "ct2010": "238.01",
            "cb2010": "1015",
            "schooldist": "2",
            "council": "5",
            "zipcode": "10044",
            "firecomp": "E260",
            "policeprct": "114",
            "healtharea": "8300",
            "sanitboro": "1",
            "address": "MAIN STREET",
            "zonedist1": "R7-2",
            "splitzone": false,
            "bldgclass": "D4",
            "landuse": "3",
            "easements": "1",
            "ownertype": "C",
            "ownername": "RIVERWALK 8 AFFORDABLE, L.P.",
            "lotarea": "4227757",
            "bldgarea": "4786701",
            "comarea": "1046956",
            "resarea": "3739745",
            "officearea": "7496",
            "retailarea": "537154",
            "garagearea": "406500",
            "strgearea": "0",
            "factryarea": "0",
            "otherarea": "95806",
            "areasource": "2",
            "numbldgs": "38",
            "numfloors": "18.0000000",
            "unitsres": "8018",
            "unitstotal": "8088",
            "lotfront": "200.0000000",
            "lotdepth": "102.5000000",
            "bldgfront": "0.0000000",
            "bldgdepth": "0.0000000",
            "ext": "N",
            "proxcode": "0",
            "irrlotcode": true,
            "lottype": "7",
            "bsmtcode": "0",
            "assessland": "134391150.00000",
            "assesstot": "592936650.00000",
            "exempttot": "592936650.00000",
            "yearbuilt": "1975",
            "yearalter1": "0",
            "yearalter2": "0",
            "landmark": "INDIVIDUAL LANDMARK",
            "builtfar": "1.13000000000",
            "residfar": "3.44000000000",
            "commfar": "0.00000000000",
            "facilfar": "6.50000000000",
            "affresfar": "5.01000000000",
            "mnffar": "0.00000000000",
            "borocode": "1",
            "bbl": "1013730001.00000000",
            "tract2010": "23801",
            "xcoord": "996792",
            "ycoord": "215349",
            "latitude": "40.7577508",
            "longitude": "-73.9547287",
            "zonemap": "9a",
            "zmcode": true,
            "sanborn": "106E070",
            "taxmap": "10507",
            "appbbl": "1013730001.00000000",
            "appdate": "2023-12-06T00:00:00.000",
            "plutomapid": "1",
            "version": "26v2",
            "sanitdistrict": "8",
            "healthcenterdistrict": "13",
            "firm07_flag": "1",
            "pfirm15_flag": "1",
            "bct2020": "1023804",
            "bctcb2020": "10238041000",
            "transitzone": "Inner Transit Zone"
          }
        }
      },
      "geometry": {
        "type": "MultiPolygon",
        "coordinates": [
          [
            [
              [
                -73.954900314679,
                40.757350855295
              ],
              [
                -73.954301754394,
                40.757093756577
              ],
              [
                -73.954257329215,
                40.757074674347
              ],
              [
                -73.954283070943,
                40.757040021413
              ],
              [
                -73.954349336476,
                40.756950815714
              ],
              [
                -73.954352881775,
                40.75694604354
              ],
              [
                -73.954358398264,
                40.756938616557
              ],
              [
                -73.954370701902,
                40.756922053933
              ],
              [
                -73.954372605528,
                40.756919491848
              ],
              [
                -73.954375022398,
                40.756916237479
              ],
              [
                -73.954379226732,
                40.756910577666
              ],
              [
                -73.954334499764,
                40.756891365674
              ],
              [
                -73.95394133449,
                40.756722486865
              ],
              [
                -73.953774405003,
                40.7566507839
              ],
              [
                -73.953747444722,
                40.756639203385
              ],
              [
                -73.953757410984,
                40.756625787154
              ],
              [
                -73.95376000923,
                40.756622288833
              ],
              [
                -73.953761204043,
                40.756620680109
              ],
              [
                -73.953779947668,
                40.756595448265
              ],
              [
                -73.953782945366,
                40.756591412502
              ],
              [
                -73.953797324594,
                40.756572056503
              ],
              [
                -73.953798508738,
                40.756570461282
              ],
              [
                -73.953803736038,
                40.756563424128
              ],
              [
                -73.953803758559,
                40.756563393519
              ],
              [
                -73.953804692597,
                40.756562136788
              ],
              [
                -73.953825598228,
                40.756533992669
              ],
              [
                -73.953828838913,
                40.756529630118
              ],
              [
                -73.953846329596,
                40.756506085308
              ],
              [
                -73.953847868149,
                40.756504014762
              ],
              [
                -73.95385152251,
                40.756499095864
              ],
              [
                -73.953865457201,
                40.756480337614
              ],
              [
                -73.953866450503,
                40.756479000761
              ],
              [
                -73.953883214556,
                40.756456433603
              ],
              [
                -73.953885721518,
                40.756453058612
              ],
              [
                -73.954037159308,
                40.756249195171
              ],
              [
                -73.954087066357,
                40.756270632694
              ],
              [
                -73.954988562065,
                40.756657855486
              ],
              [
                -73.955145151663,
                40.756725115876
              ],
              [
                -73.95515574386,
                40.756729664851
              ],
              [
                -73.955155231811,
                40.756730354438
              ],
              [
                -73.955116429828,
                40.756782591152
              ],
              [
                -73.955128865338,
                40.756787933292
              ],
              [
                -73.955164073487,
                40.756740534491
              ],
              [
                -73.955180580367,
                40.75674762429
              ],
              [
                -73.955240056307,
                40.756773171338
              ],
              [
                -73.955272833918,
                40.756908065365
              ],
              [
                -73.955285718253,
                40.756961090321
              ],
              [
                -73.955289167856,
                40.756975289027
              ],
              [
                -73.955238842327,
                40.757043037916
              ],
              [
                -73.955236981402,
                40.757045543299
              ],
              [
                -73.955221338956,
                40.75706660094
              ],
              [
                -73.955219229116,
                40.757069441215
              ],
              [
                -73.955204773149,
                40.757088901818
              ],
              [
                -73.95520138792,
                40.75709345886
              ],
              [
                -73.955199897992,
                40.757095464607
              ],
              [
                -73.955179167007,
                40.757123374009
              ],
              [
                -73.955176375612,
                40.757127131633
              ],
              [
                -73.955176038986,
                40.757127584456
              ],
              [
                -73.955172730014,
                40.757126163071
              ],
              [
                -73.955141693166,
                40.757112832516
              ],
              [
                -73.955137698724,
                40.757111116399
              ],
              [
                -73.955120509407,
                40.757134256293
              ],
              [
                -73.955119776887,
                40.757135242061
              ],
              [
                -73.955114365959,
                40.757142527742
              ],
              [
                -73.955113191319,
                40.757144109473
              ],
              [
                -73.955098556323,
                40.757163811329
              ],
              [
                -73.955096221266,
                40.757166954983
              ],
              [
                -73.955079258314,
                40.757189789688
              ],
              [
                -73.955076432537,
                40.757193593221
              ],
              [
                -73.955072003036,
                40.757199556441
              ],
              [
                -73.955061242794,
                40.757214042275
              ],
              [
                -73.955058303226,
                40.757217998849
              ],
              [
                -73.955056628383,
                40.757220253061
              ],
              [
                -73.95504285626,
                40.757238793595
              ],
              [
                -73.955038966069,
                40.757244030316
              ],
              [
                -73.955035205077,
                40.75724909329
              ],
              [
                -73.954945269426,
                40.75737016441
              ],
              [
                -73.954943854674,
                40.757369556917
              ],
              [
                -73.954900314679,
                40.757350855295
              ]
            ]
          ]
        ]
      }
    },
    {
      "type": "Feature",
      "id": "1089279",
      "properties": {
        "bin": "1089279",
        "bbl": "1013730001",
        "address": "MAIN STREET",
        "building_use": "Multi-Family Elevator Buildings",
        "pluto_landuse_code": "3",
        "building_class": "D4",
        "pluto_year_built": "1975",
        "pluto_floors": "18.0000000",
        "residential_units": "8018",
        "total_units": "8088",
        "building_area_sqft": "4786701",
        "lot_area_sqft": "4227757",
        "construction_year": "1900",
        "height_roof": "14",
        "feature_code": "2100",
        "geometry_source": "Other (Manual)",
        "last_status_type": "Constructed",
        "retrieved_on": "2026-09-29",
        "source_footprint": "NYC DoITT BUILDING (Socrata 5zhs-2jue)",
        "source_taxlot": "NYC DCP PLUTO 26v2 (Socrata 64uk-42ks)",
        "source_boundary": "OpenStreetMap relation 2389564 (Roosevelt Island)",
        "source_attributes": {
          "building": {
            "name": null,
            "base_bbl": "1013730001",
            "shape_area": "363.01171875",
            "construction_year": "1900",
            "ground_elevation": "10",
            "mappluto_bbl": "1013730001",
            "objectid": "1059657",
            "feature_code": "2100",
            "shape_length": "77.838632311635166",
            "height_roof": "14",
            "last_status_type": "Constructed",
            "bin": "1089279",
            "last_edited_date": "2018-12-07T18:34:03.000Z",
            "geom_source": "Other (Manual)",
            "doitt_id": "432447"
          },
          "pluto": {
            "borough": "MN",
            "block": "1373",
            "lot": "1",
            "cd": "108",
            "ct2010": "238.01",
            "cb2010": "1015",
            "schooldist": "2",
            "council": "5",
            "zipcode": "10044",
            "firecomp": "E260",
            "policeprct": "114",
            "healtharea": "8300",
            "sanitboro": "1",
            "address": "MAIN STREET",
            "zonedist1": "R7-2",
            "splitzone": false,
            "bldgclass": "D4",
            "landuse": "3",
            "easements": "1",
            "ownertype": "C",
            "ownername": "RIVERWALK 8 AFFORDABLE, L.P.",
            "lotarea": "4227757",
            "bldgarea": "4786701",
            "comarea": "1046956",
            "resarea": "3739745",
            "officearea": "7496",
            "retailarea": "537154",
            "garagearea": "406500",
            "strgearea": "0",
            "factryarea": "0",
            "otherarea": "95806",
            "areasource": "2",
            "numbldgs": "38",
            "numfloors": "18.0000000",
            "unitsres": "8018",
            "unitstotal": "8088",
            "lotfront": "200.0000000",
            "lotdepth": "102.5000000",
            "bldgfront": "0.0000000",
            "bldgdepth": "0.0000000",
            "ext": "N",
            "proxcode": "0",
            "irrlotcode": true,
            "lottype": "7",
            "bsmtcode": "0",
            "assessland": "134391150.00000",
            "assesstot": "592936650.00000",
            "exempttot": "592936650.00000",
            "yearbuilt": "1975",
            "yearalter1": "0",
            "yearalter2": "0",
            "landmark": "INDIVIDUAL LANDMARK",
            "builtfar": "1.13000000000",
            "residfar": "3.44000000000",
            "commfar": "0.00000000000",
            "facilfar": "6.50000000000",
            "affresfar": "5.01000000000",
            "mnffar": "0.00000000000",
            "borocode": "1",
            "bbl": "1013730001.00000000",
            "tract2010": "23801",
            "xcoord": "996792",
            "ycoord": "215349",
            "latitude": "40.7577508",
            "longitude": "-73.9547287",
            "zonemap": "9a",
            "zmcode": true,
            "sanborn": "106E070",
            "taxmap": "10507",
            "appbbl": "1013730001.00000000",
            "appdate": "2023-12-06T00:00:00.000",
            "plutomapid": "1",
            "version": "26v2",
            "sanitdistrict": "8",
            "healthcenterdistrict": "13",
            "firm07_flag": "1",
            "pfirm15_flag": "1",
            "bct2020": "1023804",
            "bctcb2020": "10238041000",
            "transitzone": "Inner Transit Zone"
          }
        }
      },
      "geometry": {
        "type": "MultiPolygon",
        "coordinates": [
          [
            [
              [
                -73.942528906682,
                40.771328452201
              ],
              [
                -73.942642061263,
                40.771194153456
              ],
              [
                -73.942759193061,
                40.771251194666
              ],
              [
                -73.942646038618,
                40.771385493525
              ],
              [
                -73.942528906682,
                40.771328452201
              ]
            ]
          ]
        ]
      }
    },
    {
      "type": "Feature",
      "id": "1089280",
      "properties": {
        "bin": "1089280",
        "bbl": "1013730050",
        "address": "900 MAIN STREET",
        "building_use": "Public Facilities & Institutions",
        "pluto_landuse_code": "8",
        "building_class": "I1",
        "pluto_year_built": "1900",
        "pluto_floors": "8.0000000",
        "residential_units": "0",
        "total_units": "1",
        "building_area_sqft": "661538",
        "lot_area_sqft": "490397",
        "construction_year": "1900",
        "height_roof": "10",
        "feature_code": "2100",
        "geometry_source": "Other (Manual)",
        "last_status_type": "Constructed",
        "retrieved_on": "2026-09-29",
        "source_footprint": "NYC DoITT BUILDING (Socrata 5zhs-2jue)",
        "source_taxlot": "NYC DCP PLUTO 26v2 (Socrata 64uk-42ks)",
        "source_boundary": "OpenStreetMap relation 2389564 (Roosevelt Island)",
        "source_attributes": {
          "building": {
            "name": null,
            "base_bbl": "1013730050",
            "shape_area": "157.76171875",
            "construction_year": "1900",
            "ground_elevation": "11",
            "mappluto_bbl": "1013730050",
            "objectid": "1059718",
            "feature_code": "2100",
            "shape_length": "52.399581700779891",
            "height_roof": "10",
            "last_status_type": "Constructed",
            "bin": "1089280",
            "last_edited_date": "2017-08-10T15:35:05.000Z",
            "geom_source": "Other (Manual)",
            "doitt_id": "329478"
          },
          "pluto": {
            "borough": "MN",
            "block": "1373",
            "lot": "50",
            "cd": "108",
            "ct2010": "238.02",
            "cb2010": "1000",
            "schooldist": "2",
            "council": "5",
            "zipcode": "10044",
            "firecomp": "E260",
            "policeprct": "114",
            "healtharea": "8300",
            "sanitboro": "1",
            "address": "900 MAIN STREET",
            "zonedist1": "R7-2",
            "splitzone": false,
            "bldgclass": "I1",
            "landuse": "8",
            "easements": "0",
            "ownertype": "C",
            "ownername": "NYC HEALTH AND HOSPITALS CORPORATION",
            "lotarea": "490397",
            "bldgarea": "661538",
            "comarea": "661538",
            "resarea": "0",
            "officearea": "0",
            "retailarea": "0",
            "garagearea": "0",
            "strgearea": "0",
            "factryarea": "0",
            "otherarea": "661538",
            "areasource": "2",
            "numbldgs": "4",
            "numfloors": "8.0000000",
            "unitsres": "0",
            "unitstotal": "1",
            "lotfront": "465.5800000",
            "lotdepth": "1053.2500000",
            "bldgfront": "200.0000000",
            "bldgdepth": "400.0000000",
            "ext": "N",
            "proxcode": "0",
            "irrlotcode": false,
            "lottype": "5",
            "bsmtcode": "0",
            "assessland": "39784050.00000",
            "assesstot": "116261550.00000",
            "exempttot": "116261550.00000",
            "yearbuilt": "1900",
            "yearalter1": "0",
            "yearalter2": "0",
            "builtfar": "1.35000000000",
            "residfar": "3.44000000000",
            "commfar": "0.00000000000",
            "facilfar": "6.50000000000",
            "affresfar": "5.01000000000",
            "mnffar": "0.00000000000",
            "borocode": "1",
            "bbl": "1013730050.00000000",
            "tract2010": "23802",
            "xcoord": "1000315",
            "ycoord": "219954",
            "latitude": "40.7703846",
            "longitude": "-73.9420011",
            "zonemap": "9a",
            "sanborn": "106E070",
            "taxmap": "10507",
            "plutomapid": "1",
            "version": "26v2",
            "sanitdistrict": "8",
            "healthcenterdistrict": "13",
            "firm07_flag": "1",
            "pfirm15_flag": "1",
            "dcpedited": "t",
            "bct2020": "1023802",
            "bctcb2020": "10238023000",
            "transitzone": "Inner Transit Zone"
          }
        }
      },
      "geometry": {
        "type": "MultiPolygon",
        "coordinates": [
          [
            [
              [
                -73.941872476219,
                40.771165331699
              ],
              [
                -73.941937070359,
                40.77108697273
              ],
              [
                -73.941952493201,
                40.771068263534
              ],
              [
                -73.942023810772,
                40.77110224212
              ],
              [
                -73.942008973694,
                40.771120241123
              ],
              [
                -73.941943793852,
                40.771199311234
              ],
              [
                -73.941872476219,
                40.771165331699
              ]
            ]
          ]
        ]
      }
    },
    {
      "type": "Feature",
      "id": "1089281",
      "properties": {
        "bin": "1089281",
        "bbl": "1013730050",
        "address": "900 MAIN STREET",
        "building_use": "Public Facilities & Institutions",
        "pluto_landuse_code": "8",
        "building_class": "I1",
        "pluto_year_built": "1900",
        "pluto_floors": "8.0000000",
        "residential_units": "0",
        "total_units": "1",
        "building_area_sqft": "661538",
        "lot_area_sqft": "490397",
        "construction_year": "1900",
        "height_roof": "12",
        "feature_code": "2100",
        "geometry_source": "Other (Manual)",
        "last_status_type": "Constructed",
        "retrieved_on": "2026-09-29",
        "source_footprint": "NYC DoITT BUILDING (Socrata 5zhs-2jue)",
        "source_taxlot": "NYC DCP PLUTO 26v2 (Socrata 64uk-42ks)",
        "source_boundary": "OpenStreetMap relation 2389564 (Roosevelt Island)",
        "source_attributes": {
          "building": {
            "name": null,
            "base_bbl": "1013730050",
            "shape_area": "331.15625",
            "construction_year": "1900",
            "ground_elevation": "9",
            "mappluto_bbl": "1013730050",
            "objectid": "1068768",
            "feature_code": "2100",
            "shape_length": "72.82332481233172",
            "height_roof": "12",
            "last_status_type": "Constructed",
            "bin": "1089281",
            "last_edited_date": "2017-08-10T15:27:20.000Z",
            "geom_source": "Other (Manual)",
            "doitt_id": "780978"
          },
          "pluto": {
            "borough": "MN",
            "block": "1373",
            "lot": "50",
            "cd": "108",
            "ct2010": "238.02",
            "cb2010": "1000",
            "schooldist": "2",
            "council": "5",
            "zipcode": "10044",
            "firecomp": "E260",
            "policeprct": "114",
            "healtharea": "8300",
            "sanitboro": "1",
            "address": "900 MAIN STREET",
            "zonedist1": "R7-2",
            "splitzone": false,
            "bldgclass": "I1",
            "landuse": "8",
            "easements": "0",
            "ownertype": "C",
            "ownername": "NYC HEALTH AND HOSPITALS CORPORATION",
            "lotarea": "490397",
            "bldgarea": "661538",
            "comarea": "661538",
            "resarea": "0",
            "officearea": "0",
            "retailarea": "0",
            "garagearea": "0",
            "strgearea": "0",
            "factryarea": "0",
            "otherarea": "661538",
            "areasource": "2",
            "numbldgs": "4",
            "numfloors": "8.0000000",
            "unitsres": "0",
            "unitstotal": "1",
            "lotfront": "465.5800000",
            "lotdepth": "1053.2500000",
            "bldgfront": "200.0000000",
            "bldgdepth": "400.0000000",
            "ext": "N",
            "proxcode": "0",
            "irrlotcode": false,
            "lottype": "5",
            "bsmtcode": "0",
            "assessland": "39784050.00000",
            "assesstot": "116261550.00000",
            "exempttot": "116261550.00000",
            "yearbuilt": "1900",
            "yearalter1": "0",
            "yearalter2": "0",
            "builtfar": "1.35000000000",
            "residfar": "3.44000000000",
            "commfar": "0.00000000000",
            "facilfar": "6.50000000000",
            "affresfar": "5.01000000000",
            "mnffar": "0.00000000000",
            "borocode": "1",
            "bbl": "1013730050.00000000",
            "tract2010": "23802",
            "xcoord": "1000315",
            "ycoord": "219954",
            "latitude": "40.7703846",
            "longitude": "-73.9420011",
            "zonemap": "9a",
            "sanborn": "106E070",
            "taxmap": "10507",
            "plutomapid": "1",
            "version": "26v2",
            "sanitdistrict": "8",
            "healthcenterdistrict": "13",
            "firm07_flag": "1",
            "pfirm15_flag": "1",
            "dcpedited": "t",
            "bct2020": "1023802",
            "bctcb2020": "10238023000",
            "transitzone": "Inner Transit Zone"
          }
        }
      },
      "geometry": {
        "type": "MultiPolygon",
        "coordinates": [
          [
            [
              [
                -73.940766923449,
                40.770999084133
              ],
              [
                -73.940854786403,
                40.770890272791
              ],
              [
                -73.940989872238,
                40.770953318769
              ],
              [
                -73.940902009421,
                40.771062130213
              ],
              [
                -73.940766923449,
                40.770999084133
              ]
            ]
          ]
        ]
      }
    },
    {
      "type": "Feature",
      "id": "1089340",
      "properties": {
        "bin": "1089340",
        "bbl": "1013730001",
        "address": "MAIN STREET",
        "building_use": "Multi-Family Elevator Buildings",
        "pluto_landuse_code": "3",
        "building_class": "D4",
        "pluto_year_built": "1975",
        "pluto_floors": "18.0000000",
        "residential_units": "8018",
        "total_units": "8088",
        "building_area_sqft": "4786701",
        "lot_area_sqft": "4227757",
        "construction_year": "1975",
        "height_roof": "110.06735857",
        "feature_code": "2100",
        "geometry_source": "Photogrammetric",
        "last_status_type": "Constructed",
        "retrieved_on": "2026-09-29",
        "source_footprint": "NYC DoITT BUILDING (Socrata 5zhs-2jue)",
        "source_taxlot": "NYC DCP PLUTO 26v2 (Socrata 64uk-42ks)",
        "source_boundary": "OpenStreetMap relation 2389564 (Roosevelt Island)",
        "source_attributes": {
          "building": {
            "name": null,
            "base_bbl": "1013730001",
            "shape_area": "596.19140625",
            "construction_year": "1975",
            "ground_elevation": "19",
            "mappluto_bbl": "1013730001",
            "objectid": "25990",
            "feature_code": "2100",
            "shape_length": "101.850091931612",
            "height_roof": "110.06735857",
            "last_status_type": "Constructed",
            "bin": "1089340",
            "last_edited_date": "2018-12-07T18:34:04.000Z",
            "geom_source": "Photogrammetric",
            "doitt_id": "1257220"
          },
          "pluto": {
            "borough": "MN",
            "block": "1373",
            "lot": "1",
            "cd": "108",
            "ct2010": "238.01",
            "cb2010": "1015",
            "schooldist": "2",
            "council": "5",
            "zipcode": "10044",
            "firecomp": "E260",
            "policeprct": "114",
            "healtharea": "8300",
            "sanitboro": "1",
            "address": "MAIN STREET",
            "zonedist1": "R7-2",
            "splitzone": false,
            "bldgclass": "D4",
            "landuse": "3",
            "easements": "1",
            "ownertype": "C",
            "ownername": "RIVERWALK 8 AFFORDABLE, L.P.",
            "lotarea": "4227757",
            "bldgarea": "4786701",
            "comarea": "1046956",
            "resarea": "3739745",
            "officearea": "7496",
            "retailarea": "537154",
            "garagearea": "406500",
            "strgearea": "0",
            "factryarea": "0",
            "otherarea": "95806",
            "areasource": "2",
            "numbldgs": "38",
            "numfloors": "18.0000000",
            "unitsres": "8018",
            "unitstotal": "8088",
            "lotfront": "200.0000000",
            "lotdepth": "102.5000000",
            "bldgfront": "0.0000000",
            "bldgdepth": "0.0000000",
            "ext": "N",
            "proxcode": "0",
            "irrlotcode": true,
            "lottype": "7",
            "bsmtcode": "0",
            "assessland": "134391150.00000",
            "assesstot": "592936650.00000",
            "exempttot": "592936650.00000",
            "yearbuilt": "1975",
            "yearalter1": "0",
            "yearalter2": "0",
            "landmark": "INDIVIDUAL LANDMARK",
            "builtfar": "1.13000000000",
            "residfar": "3.44000000000",
            "commfar": "0.00000000000",
            "facilfar": "6.50000000000",
            "affresfar": "5.01000000000",
            "mnffar": "0.00000000000",
            "borocode": "1",
            "bbl": "1013730001.00000000",
            "tract2010": "23801",
            "xcoord": "996792",
            "ycoord": "215349",
            "latitude": "40.7577508",
            "longitude": "-73.9547287",
            "zonemap": "9a",
            "zmcode": true,
            "sanborn": "106E070",
            "taxmap": "10507",
            "appbbl": "1013730001.00000000",
            "appdate": "2023-12-06T00:00:00.000",
            "plutomapid": "1",
            "version": "26v2",
            "sanitdistrict": "8",
            "healthcenterdistrict": "13",
            "firm07_flag": "1",
            "pfirm15_flag": "1",
            "bct2020": "1023804",
            "bctcb2020": "10238041000",
            "transitzone": "Inner Transit Zone"
          }
        }
      },
      "geometry": {
        "type": "MultiPolygon",
        "coordinates": [
          [
            [
              [
                -73.95025803255,
                40.762302369412
              ],
              [
                -73.950308539634,
                40.762244679662
              ],
              [
                -73.950329158494,
                40.762221128649
              ],
              [
                -73.950370945768,
                40.762242279701
              ],
              [
                -73.950421412073,
                40.762267823533
              ],
              [
                -73.950436590567,
                40.762275505966
              ],
              [
                -73.950438650671,
                40.762273154734
              ],
              [
                -73.950474736454,
                40.762291419879
              ],
              [
                -73.95056497882,
                40.762337096213
              ],
              [
                -73.950567424717,
                40.762338333655
              ],
              [
                -73.950471608456,
                40.762447775862
              ],
              [
                -73.950466979481,
                40.76244543256
              ],
              [
                -73.950380899555,
                40.762401863323
              ],
              [
                -73.950341949935,
                40.762382148903
              ],
              [
                -73.950344800665,
                40.762378892105
              ],
              [
                -73.950332706163,
                40.762372769764
              ],
              [
                -73.95028419321,
                40.76234821459
              ],
              [
                -73.950238252857,
                40.762324961736
              ],
              [
                -73.95025803255,
                40.762302369412
              ]
            ]
          ]
        ]
      }
    },
    {
      "type": "Feature",
      "id": "1089341",
      "properties": {
        "bin": "1089341",
        "bbl": "1013730030",
        "address": "510 MAIN STREET",
        "building_use": "Mixed Residential & Commercial Buildings",
        "pluto_landuse_code": "4",
        "building_class": "D6",
        "pluto_year_built": "1969",
        "pluto_floors": "16.0000000",
        "residential_units": "1003",
        "total_units": "1017",
        "building_area_sqft": "804200",
        "lot_area_sqft": "230012",
        "construction_year": "1969",
        "height_roof": "178",
        "feature_code": "2100",
        "geometry_source": "Other (Manual)",
        "last_status_type": "Constructed",
        "retrieved_on": "2026-09-29",
        "source_footprint": "NYC DoITT BUILDING (Socrata 5zhs-2jue)",
        "source_taxlot": "NYC DCP PLUTO 26v2 (Socrata 64uk-42ks)",
        "source_boundary": "OpenStreetMap relation 2389564 (Roosevelt Island)",
        "source_attributes": {
          "building": {
            "name": null,
            "base_bbl": "1013730030",
            "shape_area": "3461.0859375",
            "construction_year": "1969",
            "ground_elevation": "14",
            "mappluto_bbl": "1013730030",
            "objectid": "49994",
            "feature_code": "2100",
            "shape_length": "592.868657986788",
            "height_roof": "178",
            "last_status_type": "Constructed",
            "bin": "1089341",
            "last_edited_date": "2017-08-22T19:19:39.000Z",
            "geom_source": "Other (Manual)",
            "doitt_id": "1257207"
          },
          "pluto": {
            "borough": "MN",
            "block": "1373",
            "lot": "30",
            "cd": "108",
            "ct2010": "238.01",
            "cb2010": "1005",
            "schooldist": "2",
            "council": "5",
            "zipcode": "10044",
            "firecomp": "E260",
            "policeprct": "114",
            "healtharea": "8300",
            "sanitboro": "1",
            "address": "510 MAIN STREET",
            "zonedist1": "R7-2",
            "splitzone": false,
            "bldgclass": "D6",
            "landuse": "4",
            "easements": "0",
            "ownertype": "C",
            "ownername": "ROOSEVELT ISLAND OPERATING CORPORATION",
            "lotarea": "230012",
            "bldgarea": "804200",
            "comarea": "35500",
            "resarea": "768700",
            "officearea": "0",
            "retailarea": "35500",
            "garagearea": "0",
            "strgearea": "0",
            "factryarea": "0",
            "otherarea": "0",
            "areasource": "2",
            "numbldgs": "6",
            "numfloors": "16.0000000",
            "unitsres": "1003",
            "unitstotal": "1017",
            "lotfront": "0.0000000",
            "lotdepth": "0.0000000",
            "bldgfront": "780.0000000",
            "bldgdepth": "250.0000000",
            "ext": "N",
            "proxcode": "0",
            "irrlotcode": true,
            "lottype": "5",
            "bsmtcode": "2",
            "assessland": "18135000.00000",
            "assesstot": "92847150.00000",
            "exempttot": "92847150.00000",
            "yearbuilt": "1969",
            "yearalter1": "0",
            "yearalter2": "0",
            "builtfar": "3.50000000000",
            "residfar": "3.44000000000",
            "commfar": "0.00000000000",
            "facilfar": "6.50000000000",
            "affresfar": "5.01000000000",
            "mnffar": "0.00000000000",
            "borocode": "1",
            "bbl": "1013730030.00000000",
            "tract2010": "23801",
            "xcoord": "998020",
            "ycoord": "216499",
            "latitude": "40.7609054",
            "longitude": "-73.9502937",
            "zonemap": "9a",
            "sanborn": "106E070",
            "taxmap": "10507",
            "appbbl": "1013730001.00000000",
            "appdate": "2007-03-05T00:00:00.000",
            "plutomapid": "1",
            "version": "26v2",
            "sanitdistrict": "8",
            "healthcenterdistrict": "13",
            "firm07_flag": "1",
            "pfirm15_flag": "1",
            "bct2020": "1023803",
            "bctcb2020": "10238031001",
            "transitzone": "Inner Transit Zone"
          }
        }
      },
      "geometry": {
        "type": "MultiPolygon",
        "coordinates": [
          [
            [
              [
                -73.94825454587,
                40.762351281307
              ],
              [
                -73.948284537726,
                40.762366519606
              ],
              [
                -73.948303362257,
                40.762376083309
              ],
              [
                -73.948309801199,
                40.76236875609
              ],
              [
                -73.948345316961,
                40.762386800123
              ],
              [
                -73.948338876837,
                40.762394128244
              ],
              [
                -73.948395999249,
                40.762423150994
              ],
              [
                -73.948400855444,
                40.762425617851
              ],
              [
                -73.948407294379,
                40.762418290626
              ],
              [
                -73.948444559941,
                40.76243722421
              ],
              [
                -73.94843787208,
                40.762444834083
              ],
              [
                -73.948467785885,
                40.762460032677
              ],
              [
                -73.948474473743,
                40.762452422802
              ],
              [
                -73.948507832599,
                40.762469370806
              ],
              [
                -73.948512328907,
                40.762471655594
              ],
              [
                -73.9485045837,
                40.762480468974
              ],
              [
                -73.948567272783,
                40.762512319911
              ],
              [
                -73.948573312239,
                40.762505447254
              ],
              [
                -73.948645723273,
                40.762542238153
              ],
              [
                -73.948639683822,
                40.762549109914
              ],
              [
                -73.948670769745,
                40.762564904211
              ],
              [
                -73.948676815123,
                40.762558024347
              ],
              [
                -73.948685799475,
                40.762562589405
              ],
              [
                -73.948714688162,
                40.762577266986
              ],
              [
                -73.948707236941,
                40.762585745522
              ],
              [
                -73.948769893072,
                40.762617579224
              ],
              [
                -73.948776524015,
                40.762610033242
              ],
              [
                -73.948813255865,
                40.762628694516
              ],
              [
                -73.948806623739,
                40.7626362414
              ],
              [
                -73.948837521509,
                40.762651939214
              ],
              [
                -73.948844153632,
                40.762644393229
              ],
              [
                -73.948879986962,
                40.762662599327
              ],
              [
                -73.948871548344,
                40.762672201266
              ],
              [
                -73.94893579102,
                40.762704840632
              ],
              [
                -73.94894379342,
                40.762695734674
              ],
              [
                -73.948955752875,
                40.762701811175
              ],
              [
                -73.948980192696,
                40.762714227352
              ],
              [
                -73.948972189114,
                40.762723334213
              ],
              [
                -73.949002493844,
                40.762738730051
              ],
              [
                -73.949010496239,
                40.762729624088
              ],
              [
                -73.949048210833,
                40.762748785502
              ],
              [
                -73.949070727245,
                40.762736534186
              ],
              [
                -73.949125386849,
                40.762633768433
              ],
              [
                -73.94908399359,
                40.762621039524
              ],
              [
                -73.949075856534,
                40.76260647927
              ],
              [
                -73.949078756805,
                40.762602030258
              ],
              [
                -73.949096751756,
                40.762597052116
              ],
              [
                -73.949137043835,
                40.762609441944
              ],
              [
                -73.949161840196,
                40.762562819355
              ],
              [
                -73.949221370528,
                40.762450895769
              ],
              [
                -73.949307494827,
                40.762288969825
              ],
              [
                -73.949313140286,
                40.762278355358
              ],
              [
                -73.949335744921,
                40.76228530549
              ],
              [
                -73.949405015231,
                40.762306605852
              ],
              [
                -73.949437773094,
                40.76231667887
              ],
              [
                -73.949423404419,
                40.762343792162
              ],
              [
                -73.949434161497,
                40.762347100835
              ],
              [
                -73.949417041324,
                40.762379289064
              ],
              [
                -73.949406284241,
                40.762375981289
              ],
              [
                -73.949392057936,
                40.762402729035
              ],
              [
                -73.949402815023,
                40.762406036811
              ],
              [
                -73.949386058929,
                40.76243753991
              ],
              [
                -73.949375301838,
                40.762434232133
              ],
              [
                -73.949361584312,
                40.762460022862
              ],
              [
                -73.949372342591,
                40.762463330641
              ],
              [
                -73.949355289962,
                40.762495391918
              ],
              [
                -73.949344531678,
                40.762492084138
              ],
              [
                -73.949331069124,
                40.762517395906
              ],
              [
                -73.94934182741,
                40.762520704589
              ],
              [
                -73.949324480618,
                40.762553317741
              ],
              [
                -73.949313722327,
                40.762550009958
              ],
              [
                -73.949285816315,
                40.762602478188
              ],
              [
                -73.949297588162,
                40.762606097995
              ],
              [
                -73.949281560189,
                40.762636231731
              ],
              [
                -73.949269788338,
                40.762632611922
              ],
              [
                -73.949255618853,
                40.762659252515
              ],
              [
                -73.949267390708,
                40.762662872325
              ],
              [
                -73.949250718693,
                40.762694217852
              ],
              [
                -73.949238946833,
                40.762690598041
              ],
              [
                -73.949224891182,
                40.76271702526
              ],
              [
                -73.949236663045,
                40.762720645974
              ],
              [
                -73.949220216348,
                40.762751566557
              ],
              [
                -73.94921050355,
                40.762748579805
              ],
              [
                -73.949209067292,
                40.762748137924
              ],
              [
                -73.949194926223,
                40.762774725392
              ],
              [
                -73.949164271052,
                40.762765298895
              ],
              [
                -73.949137704427,
                40.762757129499
              ],
              [
                -73.949098594565,
                40.762801632275
              ],
              [
                -73.949129943535,
                40.762817560738
              ],
              [
                -73.949131129777,
                40.762818162799
              ],
              [
                -73.949134166109,
                40.762832510979
              ],
              [
                -73.94913057054,
                40.76283707495
              ],
              [
                -73.9491129376,
                40.762839387764
              ],
              [
                -73.949112417626,
                40.762839455973
              ],
              [
                -73.949091935424,
                40.762829049698
              ],
              [
                -73.949079907531,
                40.762842735655
              ],
              [
                -73.949092584454,
                40.762849175362
              ],
              [
                -73.949061734137,
                40.762884280506
              ],
              [
                -73.948915381383,
                40.762809924077
              ],
              [
                -73.948846129659,
                40.76277473945
              ],
              [
                -73.94881793092,
                40.762806825414
              ],
              [
                -73.948799836205,
                40.762808984889
              ],
              [
                -73.948794626037,
                40.762806277458
              ],
              [
                -73.948789967898,
                40.762792618334
              ],
              [
                -73.948818166645,
                40.762760531477
              ],
              [
                -73.948629230741,
                40.762664538243
              ],
              [
                -73.948473558393,
                40.762585444941
              ],
              [
                -73.948447865433,
                40.762614680038
              ],
              [
                -73.948431327613,
                40.762617535341
              ],
              [
                -73.948424170036,
                40.762613816655
              ],
              [
                -73.948421035529,
                40.762601047896
              ],
              [
                -73.948446727309,
                40.762571813706
              ],
              [
                -73.948435736324,
                40.76256622926
              ],
              [
                -73.948309628984,
                40.762502156775
              ],
              [
                -73.948263568529,
                40.762478754497
              ],
              [
                -73.948258921859,
                40.762484041975
              ],
              [
                -73.948221934531,
                40.762465248935
              ],
              [
                -73.948227869706,
                40.762458495116
              ],
              [
                -73.948209555406,
                40.762449189174
              ],
              [
                -73.948184669625,
                40.76247750606
              ],
              [
                -73.948167614148,
                40.762480526786
              ],
              [
                -73.948159114115,
                40.762476111389
              ],
              [
                -73.948156558893,
                40.762463224017
              ],
              [
                -73.948181420973,
                40.762434935042
              ],
              [
                -73.948180748541,
                40.762434593448
              ],
              [
                -73.948165269594,
                40.762426729582
              ],
              [
                -73.948160061052,
                40.762432655261
              ],
              [
                -73.948123325943,
                40.762413990174
              ],
              [
                -73.948127875417,
                40.762408814321
              ],
              [
                -73.948073350515,
                40.762381111847
              ],
              [
                -73.948061028938,
                40.762374851388
              ],
              [
                -73.948056480645,
                40.762380027239
              ],
              [
                -73.948050850225,
                40.762377166499
              ],
              [
                -73.948031926285,
                40.762367552281
              ],
              [
                -73.948027572064,
                40.762365339578
              ],
              [
                -73.948021149646,
                40.762362076853
              ],
              [
                -73.948025699125,
                40.762356900103
              ],
              [
                -73.947998721428,
                40.762343193955
              ],
              [
                -73.947994106761,
                40.762340848759
              ],
              [
                -73.947999565426,
                40.76233463684
              ],
              [
                -73.94799582326,
                40.762332735987
              ],
              [
                -73.947995179243,
                40.762332408813
              ],
              [
                -73.947994058132,
                40.762331839188
              ],
              [
                -73.947989151054,
                40.762329346177
              ],
              [
                -73.948012365481,
                40.762302931344
              ],
              [
                -73.948016916219,
                40.762305243192
              ],
              [
                -73.948017910656,
                40.762305748824
              ],
              [
                -73.948018918117,
                40.762306260765
              ],
              [
                -73.94802320959,
                40.762308441022
              ],
              [
                -73.948069531702,
                40.762255731958
              ],
              [
                -73.94807165672,
                40.76225681262
              ],
              [
                -73.948101682823,
                40.762272068092
              ],
              [
                -73.948108765434,
                40.762264009965
              ],
              [
                -73.948120907049,
                40.762270179387
              ],
              [
                -73.94813819015,
                40.762278959885
              ],
              [
                -73.948142816656,
                40.762281311384
              ],
              [
                -73.948146743505,
                40.762283305969
              ],
              [
                -73.948139662081,
                40.762291364099
              ],
              [
                -73.94814957332,
                40.76229639968
              ],
              [
                -73.94820151856,
                40.762322792525
              ],
              [
                -73.94820859998,
                40.76231473439
              ],
              [
                -73.948247610432,
                40.762334554919
              ],
              [
                -73.948239589015,
                40.762343681532
              ],
              [
                -73.948253849762,
                40.762350927096
              ],
              [
                -73.94825454587,
                40.762351281307
              ]
            ]
          ]
        ]
      }
    },
    {
      "type": "Feature",
      "id": "1089348",
      "properties": {
        "bin": "1089348",
        "bbl": "1013730001",
        "address": "MAIN STREET",
        "building_use": "Multi-Family Elevator Buildings",
        "pluto_landuse_code": "3",
        "building_class": "D4",
        "pluto_year_built": "1975",
        "pluto_floors": "18.0000000",
        "residential_units": "8018",
        "total_units": "8088",
        "building_area_sqft": "4786701",
        "lot_area_sqft": "4227757",
        "construction_year": "1975",
        "height_roof": "165.61",
        "feature_code": "2100",
        "geometry_source": "Photogrammetric",
        "last_status_type": "Constructed",
        "retrieved_on": "2026-09-29",
        "source_footprint": "NYC DoITT BUILDING (Socrata 5zhs-2jue)",
        "source_taxlot": "NYC DCP PLUTO 26v2 (Socrata 64uk-42ks)",
        "source_boundary": "OpenStreetMap relation 2389564 (Roosevelt Island)",
        "source_attributes": {
          "building": {
            "name": null,
            "base_bbl": "1013730001",
            "shape_area": "2955.19921875",
            "construction_year": "1975",
            "ground_elevation": "18",
            "mappluto_bbl": "1013730001",
            "objectid": "412447",
            "feature_code": "2100",
            "shape_length": "314.58265963894928",
            "height_roof": "165.61",
            "last_status_type": "Constructed",
            "bin": "1089348",
            "last_edited_date": "2017-08-22T18:53:07.000Z",
            "geom_source": "Photogrammetric",
            "doitt_id": "275612"
          },
          "pluto": {
            "borough": "MN",
            "block": "1373",
            "lot": "1",
            "cd": "108",
            "ct2010": "238.01",
            "cb2010": "1015",
            "schooldist": "2",
            "council": "5",
            "zipcode": "10044",
            "firecomp": "E260",
            "policeprct": "114",
            "healtharea": "8300",
            "sanitboro": "1",
            "address": "MAIN STREET",
            "zonedist1": "R7-2",
            "splitzone": false,
            "bldgclass": "D4",
            "landuse": "3",
            "easements": "1",
            "ownertype": "C",
            "ownername": "RIVERWALK 8 AFFORDABLE, L.P.",
            "lotarea": "4227757",
            "bldgarea": "4786701",
            "comarea": "1046956",
            "resarea": "3739745",
            "officearea": "7496",
            "retailarea": "537154",
            "garagearea": "406500",
            "strgearea": "0",
            "factryarea": "0",
            "otherarea": "95806",
            "areasource": "2",
            "numbldgs": "38",
            "numfloors": "18.0000000",
            "unitsres": "8018",
            "unitstotal": "8088",
            "lotfront": "200.0000000",
            "lotdepth": "102.5000000",
            "bldgfront": "0.0000000",
            "bldgdepth": "0.0000000",
            "ext": "N",
            "proxcode": "0",
            "irrlotcode": true,
            "lottype": "7",
            "bsmtcode": "0",
            "assessland": "134391150.00000",
            "assesstot": "592936650.00000",
            "exempttot": "592936650.00000",
            "yearbuilt": "1975",
            "yearalter1": "0",
            "yearalter2": "0",
            "landmark": "INDIVIDUAL LANDMARK",
            "builtfar": "1.13000000000",
            "residfar": "3.44000000000",
            "commfar": "0.00000000000",
            "facilfar": "6.50000000000",
            "affresfar": "5.01000000000",
            "mnffar": "0.00000000000",
            "borocode": "1",
            "bbl": "1013730001.00000000",
            "tract2010": "23801",
            "xcoord": "996792",
            "ycoord": "215349",
            "latitude": "40.7577508",
            "longitude": "-73.9547287",
            "zonemap": "9a",
            "zmcode": true,
            "sanborn": "106E070",
            "taxmap": "10507",
            "appbbl": "1013730001.00000000",
            "appdate": "2023-12-06T00:00:00.000",
            "plutomapid": "1",
            "version": "26v2",
            "sanitdistrict": "8",
            "healthcenterdistrict": "13",
            "firm07_flag": "1",
            "pfirm15_flag": "1",
            "bct2020": "1023804",
            "bctcb2020": "10238041000",
            "transitzone": "Inner Transit Zone"
          }
        }
      },
      "geometry": {
        "type": "MultiPolygon",
        "coordinates": [
          [
            [
              [
                -73.948720961185,
                40.763337694586
              ],
              [
                -73.94881018104,
                40.763407318048
              ],
              [
                -73.948819298195,
                40.763414924158
              ],
              [
                -73.948873338357,
                40.763460008498
              ],
              [
                -73.948883971136,
                40.763452640785
              ],
              [
                -73.948891514134,
                40.763458934155
              ],
              [
                -73.948918054896,
                40.763481075825
              ],
              [
                -73.948910373889,
                40.763486398903
              ],
              [
                -73.948958486757,
                40.763526537705
              ],
              [
                -73.948963623534,
                40.76353082278
              ],
              [
                -73.9489732479,
                40.763524154304
              ],
              [
                -73.949006090149,
                40.763551554088
              ],
              [
                -73.948996289221,
                40.763558344957
              ],
              [
                -73.949051515579,
                40.763604418491
              ],
              [
                -73.949062702929,
                40.763596666492
              ],
              [
                -73.949097506463,
                40.763625702432
              ],
              [
                -73.949088967532,
                40.763631619477
              ],
              [
                -73.949123808972,
                40.763660686043
              ],
              [
                -73.949140928479,
                40.763674967498
              ],
              [
                -73.949150350218,
                40.763668438497
              ],
              [
                -73.949183913421,
                40.763696438283
              ],
              [
                -73.949175745387,
                40.763702097053
              ],
              [
                -73.949192088476,
                40.763715730695
              ],
              [
                -73.949230236975,
                40.763747556933
              ],
              [
                -73.949239003423,
                40.76374148239
              ],
              [
                -73.949272011592,
                40.763769019947
              ],
              [
                -73.949265693302,
                40.76377339902
              ],
              [
                -73.949320414628,
                40.763819049865
              ],
              [
                -73.949327798211,
                40.763813933744
              ],
              [
                -73.949360640749,
                40.763841333426
              ],
              [
                -73.949353029649,
                40.763846607937
              ],
              [
                -73.949356773378,
                40.763849731632
              ],
              [
                -73.949372821824,
                40.763863119281
              ],
              [
                -73.949388999289,
                40.763876615946
              ],
              [
                -73.949407422054,
                40.763891984842
              ],
              [
                -73.949407964144,
                40.763892437133
              ],
              [
                -73.949416729411,
                40.763886362577
              ],
              [
                -73.94945148709,
                40.763915359667
              ],
              [
                -73.949382526185,
                40.763963147079
              ],
              [
                -73.949395594349,
                40.763974049824
              ],
              [
                -73.949358580375,
                40.763999698838
              ],
              [
                -73.949344633978,
                40.763988064493
              ],
              [
                -73.949340645339,
                40.763990829089
              ],
              [
                -73.949253247004,
                40.763917917304
              ],
              [
                -73.949174138969,
                40.763972735762
              ],
              [
                -73.948913880331,
                40.763755611685
              ],
              [
                -73.948799924205,
                40.763660542567
              ],
              [
                -73.94878282253,
                40.763646275477
              ],
              [
                -73.948691880417,
                40.76357040533
              ],
              [
                -73.948597095417,
                40.7634913294
              ],
              [
                -73.948585698698,
                40.76348182039
              ],
              [
                -73.948615989117,
                40.763460830535
              ],
              [
                -73.948629161331,
                40.763451703492
              ],
              [
                -73.948633224571,
                40.763455093002
              ],
              [
                -73.948659563065,
                40.763436841609
              ],
              [
                -73.948638856285,
                40.763419566106
              ],
              [
                -73.94861425198,
                40.76339903984
              ],
              [
                -73.94865033807,
                40.76337403451
              ],
              [
                -73.948658587636,
                40.763380917141
              ],
              [
                -73.948720961185,
                40.763337694586
              ]
            ]
          ]
        ]
      }
    },
    {
      "type": "Feature",
      "id": "1089349",
      "properties": {
        "bin": "1089349",
        "bbl": "1013730001",
        "address": "MAIN STREET",
        "building_use": "Multi-Family Elevator Buildings",
        "pluto_landuse_code": "3",
        "building_class": "D4",
        "pluto_year_built": "1975",
        "pluto_floors": "18.0000000",
        "residential_units": "8018",
        "total_units": "8088",
        "building_area_sqft": "4786701",
        "lot_area_sqft": "4227757",
        "construction_year": null,
        "height_roof": "0",
        "feature_code": "1000",
        "geometry_source": "Other (Manual)",
        "last_status_type": "Geometry",
        "retrieved_on": "2026-09-29",
        "source_footprint": "NYC DoITT BUILDING (Socrata 5zhs-2jue)",
        "source_taxlot": "NYC DCP PLUTO 26v2 (Socrata 64uk-42ks)",
        "source_boundary": "OpenStreetMap relation 2389564 (Roosevelt Island)",
        "source_attributes": {
          "building": {
            "name": null,
            "base_bbl": "1013730001",
            "shape_area": "163.0078125",
            "construction_year": null,
            "ground_elevation": null,
            "mappluto_bbl": "1013730001",
            "objectid": "62157",
            "feature_code": "1000",
            "shape_length": "59.257547631344522",
            "height_roof": "0",
            "last_status_type": "Geometry",
            "bin": "1089349",
            "last_edited_date": "2018-08-20T17:30:53.000Z",
            "geom_source": "Other (Manual)",
            "doitt_id": "1286256"
          },
          "pluto": {
            "borough": "MN",
            "block": "1373",
            "lot": "1",
            "cd": "108",
            "ct2010": "238.01",
            "cb2010": "1015",
            "schooldist": "2",
            "council": "5",
            "zipcode": "10044",
            "firecomp": "E260",
            "policeprct": "114",
            "healtharea": "8300",
            "sanitboro": "1",
            "address": "MAIN STREET",
            "zonedist1": "R7-2",
            "splitzone": false,
            "bldgclass": "D4",
            "landuse": "3",
            "easements": "1",
            "ownertype": "C",
            "ownername": "RIVERWALK 8 AFFORDABLE, L.P.",
            "lotarea": "4227757",
            "bldgarea": "4786701",
            "comarea": "1046956",
            "resarea": "3739745",
            "officearea": "7496",
            "retailarea": "537154",
            "garagearea": "406500",
            "strgearea": "0",
            "factryarea": "0",
            "otherarea": "95806",
            "areasource": "2",
            "numbldgs": "38",
            "numfloors": "18.0000000",
            "unitsres": "8018",
            "unitstotal": "8088",
            "lotfront": "200.0000000",
            "lotdepth": "102.5000000",
            "bldgfront": "0.0000000",
            "bldgdepth": "0.0000000",
            "ext": "N",
            "proxcode": "0",
            "irrlotcode": true,
            "lottype": "7",
            "bsmtcode": "0",
            "assessland": "134391150.00000",
            "assesstot": "592936650.00000",
            "exempttot": "592936650.00000",
            "yearbuilt": "1975",
            "yearalter1": "0",
            "yearalter2": "0",
            "landmark": "INDIVIDUAL LANDMARK",
            "builtfar": "1.13000000000",
            "residfar": "3.44000000000",
            "commfar": "0.00000000000",
            "facilfar": "6.50000000000",
            "affresfar": "5.01000000000",
            "mnffar": "0.00000000000",
            "borocode": "1",
            "bbl": "1013730001.00000000",
            "tract2010": "23801",
            "xcoord": "996792",
            "ycoord": "215349",
            "latitude": "40.7577508",
            "longitude": "-73.9547287",
            "zonemap": "9a",
            "zmcode": true,
            "sanborn": "106E070",
            "taxmap": "10507",
            "appbbl": "1013730001.00000000",
            "appdate": "2023-12-06T00:00:00.000",
            "plutomapid": "1",
            "version": "26v2",
            "sanitdistrict": "8",
            "healthcenterdistrict": "13",
            "firm07_flag": "1",
            "pfirm15_flag": "1",
            "bct2020": "1023804",
            "bctcb2020": "10238041000",
            "transitzone": "Inner Transit Zone"
          }
        }
      },
      "geometry": {
        "type": "MultiPolygon",
        "coordinates": [
          [
            [
              [
                -73.960204989934,
                40.751085636457
              ],
              [
                -73.960085977822,
                40.751015308979
              ],
              [
                -73.960267258082,
                40.750954972903
              ],
              [
                -73.960204989934,
                40.751085636457
              ]
            ]
          ]
        ]
      }
    },
    {
      "type": "Feature",
      "id": "1089538",
      "properties": {
        "bin": "1089538",
        "bbl": "1013730065",
        "address": "8 NORTH LOOP ROAD",
        "building_use": null,
        "pluto_landuse_code": null,
        "building_class": "Z9",
        "pluto_year_built": "2015",
        "pluto_floors": "1.0000000",
        "residential_units": "0",
        "total_units": "1",
        "building_area_sqft": "10753",
        "lot_area_sqft": "11327",
        "construction_year": "2017",
        "height_roof": "285",
        "feature_code": "2100",
        "geometry_source": "Other (Manual)",
        "last_status_type": "Constructed",
        "retrieved_on": "2026-09-29",
        "source_footprint": "NYC DoITT BUILDING (Socrata 5zhs-2jue)",
        "source_taxlot": "NYC DCP PLUTO 26v2 (Socrata 64uk-42ks)",
        "source_boundary": "OpenStreetMap relation 2389564 (Roosevelt Island)",
        "source_attributes": {
          "building": {
            "name": null,
            "base_bbl": "1013730065",
            "shape_area": "1706.2109375",
            "construction_year": "2017",
            "ground_elevation": "11",
            "mappluto_bbl": "1013730065",
            "objectid": "52644",
            "feature_code": "2100",
            "shape_length": "187.04070617548822",
            "height_roof": "285",
            "last_status_type": "Constructed",
            "bin": "1089538",
            "last_edited_date": "2018-12-07T18:34:06.000Z",
            "geom_source": "Other (Manual)",
            "doitt_id": "1281893"
          },
          "pluto": {
            "borough": "MN",
            "block": "1373",
            "lot": "65",
            "cd": "108",
            "ct2010": "238.01",
            "cb2010": "1016",
            "schooldist": "2",
            "council": "5",
            "zipcode": "10044",
            "firecomp": "E260",
            "policeprct": "114",
            "healtharea": "8300",
            "sanitboro": "1",
            "address": "8 NORTH LOOP ROAD",
            "zonedist1": "C4-5",
            "spdist1": "SRI",
            "splitzone": false,
            "bldgclass": "Z9",
            "easements": "0",
            "ownertype": "C",
            "ownername": "NYC ECONOMIC DEVELOPMENT CORPORATION",
            "lotarea": "11327",
            "bldgarea": "10753",
            "comarea": "10753",
            "resarea": "0",
            "officearea": "0",
            "retailarea": "0",
            "garagearea": "0",
            "strgearea": "0",
            "factryarea": "0",
            "otherarea": "10753",
            "areasource": "2",
            "numbldgs": "1",
            "numfloors": "1.0000000",
            "unitsres": "0",
            "unitstotal": "1",
            "lotfront": "204.6500000",
            "lotdepth": "167.0800000",
            "bldgfront": "0.0000000",
            "bldgdepth": "0.0000000",
            "ext": "N",
            "proxcode": "1",
            "irrlotcode": true,
            "lottype": "0",
            "bsmtcode": "0",
            "assessland": "1195560.00000",
            "assesstot": "6045750.00000",
            "exempttot": "6045750.00000",
            "yearbuilt": "2015",
            "yearalter1": "2015",
            "yearalter2": "0",
            "builtfar": "0.95000000000",
            "residfar": "3.44000000000",
            "commfar": "3.40000000000",
            "facilfar": "6.50000000000",
            "affresfar": "5.01000000000",
            "mnffar": "0.00000000000",
            "borocode": "1",
            "bbl": "1013730065.00000000",
            "tract2010": "23801",
            "xcoord": "996666",
            "ycoord": "214641",
            "latitude": "40.7558077",
            "longitude": "-73.9551848",
            "zonemap": "9b",
            "sanborn": "106E070",
            "taxmap": "10507",
            "appbbl": "1013730020.00000000",
            "appdate": "2014-08-25T00:00:00.000",
            "plutomapid": "1",
            "version": "26v2",
            "sanitdistrict": "8",
            "healthcenterdistrict": "13",
            "pfirm15_flag": "1",
            "dcpedited": "t",
            "bct2020": "1023804",
            "bctcb2020": "10238041001",
            "transitzone": "Inner Transit Zone"
          }
        }
      },
      "geometry": {
        "type": "MultiPolygon",
        "coordinates": [
          [
            [
              [
                -73.955236115846,
                40.755847021572
              ],
              [
                -73.95511193703,
                40.755861483098
              ],
              [
                -73.954716943325,
                40.75586242893
              ],
              [
                -73.954577314252,
                40.755836552866
              ],
              [
                -73.95457610555,
                40.755771745709
              ],
              [
                -73.954654217444,
                40.755682494061
              ],
              [
                -73.954757974854,
                40.755684789721
              ],
              [
                -73.955082770564,
                40.755691973179
              ],
              [
                -73.955082468858,
                40.755721434
              ],
              [
                -73.955248871134,
                40.755730422771
              ],
              [
                -73.955236115846,
                40.755847021572
              ]
            ]
          ]
        ]
      }
    },
    {
      "type": "Feature",
      "id": "1089785",
      "properties": {
        "bin": "1089785",
        "bbl": "1013737507",
        "address": "11 EAST LOOP ROAD",
        "building_use": "Commercial & Office Buildings",
        "pluto_landuse_code": "5",
        "building_class": "RC",
        "pluto_year_built": "2015",
        "pluto_floors": "6.0000000",
        "residential_units": "0",
        "total_units": "4",
        "building_area_sqft": "165343",
        "lot_area_sqft": "65112",
        "construction_year": "2017",
        "height_roof": "106",
        "feature_code": "2100",
        "geometry_source": "Other (Manual)",
        "last_status_type": "Constructed",
        "retrieved_on": "2026-09-29",
        "source_footprint": "NYC DoITT BUILDING (Socrata 5zhs-2jue)",
        "source_taxlot": "NYC DCP PLUTO 26v2 (Socrata 64uk-42ks)",
        "source_boundary": "OpenStreetMap relation 2389564 (Roosevelt Island)",
        "source_attributes": {
          "building": {
            "name": null,
            "base_bbl": "1013730075",
            "shape_area": "5746.2265625",
            "construction_year": "2017",
            "ground_elevation": "6",
            "mappluto_bbl": "1013737507",
            "objectid": "818851",
            "feature_code": "2100",
            "shape_length": "360.72099601617651",
            "height_roof": "106",
            "last_status_type": "Constructed",
            "bin": "1089785",
            "last_edited_date": "2019-10-17T20:15:52.000Z",
            "geom_source": "Other (Manual)",
            "doitt_id": "1281891"
          },
          "pluto": {
            "borough": "MN",
            "block": "1373",
            "lot": "7507",
            "cd": "108",
            "ct2010": "238.01",
            "cb2010": "1016",
            "schooldist": "2",
            "council": "5",
            "zipcode": "10044",
            "firecomp": "E260",
            "policeprct": "114",
            "healtharea": "8300",
            "sanitboro": "1",
            "address": "11 EAST LOOP ROAD",
            "zonedist1": "C4-5",
            "spdist1": "SRI",
            "splitzone": false,
            "bldgclass": "RC",
            "landuse": "5",
            "easements": "0",
            "ownername": "UNAVAILABLE OWNER",
            "lotarea": "65112",
            "bldgarea": "165343",
            "comarea": "165343",
            "resarea": "0",
            "officearea": "158684",
            "retailarea": "6659",
            "garagearea": "0",
            "strgearea": "0",
            "factryarea": "0",
            "otherarea": "0",
            "areasource": "2",
            "numbldgs": "1",
            "numfloors": "6.0000000",
            "unitsres": "0",
            "unitstotal": "4",
            "lotfront": "392.1000000",
            "lotdepth": "294.8000000",
            "bldgfront": "0.0000000",
            "bldgdepth": "0.0000000",
            "proxcode": "0",
            "irrlotcode": true,
            "lottype": "5",
            "bsmtcode": "5",
            "assessland": "6873751.00000",
            "assesstot": "26972551.00000",
            "exempttot": "26776007.00000",
            "yearbuilt": "2015",
            "yearalter1": "2015",
            "yearalter2": "0",
            "builtfar": "2.54000000000",
            "residfar": "3.44000000000",
            "commfar": "3.40000000000",
            "facilfar": "6.50000000000",
            "affresfar": "5.01000000000",
            "mnffar": "0.00000000000",
            "borocode": "1",
            "bbl": "1013737507.00000000",
            "condono": "2660",
            "tract2010": "23801",
            "xcoord": "996536",
            "ycoord": "214384",
            "latitude": "40.7551025",
            "longitude": "-73.9556545",
            "zonemap": "9b",
            "sanborn": "106E070",
            "taxmap": "10507",
            "appbbl": "1013730075.00000000",
            "appdate": "2017-07-14T00:00:00.000",
            "plutomapid": "1",
            "version": "26v2",
            "sanitdistrict": "8",
            "healthcenterdistrict": "13",
            "pfirm15_flag": "1",
            "bct2020": "1023804",
            "bctcb2020": "10238041001",
            "transitzone": "Inner Transit Zone"
          }
        }
      },
      "geometry": {
        "type": "MultiPolygon",
        "coordinates": [
          [
            [
              [
                -73.955750127312,
                40.75549648451
              ],
              [
                -73.954951156796,
                40.755499153718
              ],
              [
                -73.955076584118,
                40.755353268568
              ],
              [
                -73.955221502692,
                40.755341412201
              ],
              [
                -73.955217684647,
                40.755195476584
              ],
              [
                -73.955174618397,
                40.755171634257
              ],
              [
                -73.955378430186,
                40.754942388823
              ],
              [
                -73.955958061005,
                40.754954524669
              ],
              [
                -73.955934508687,
                40.755034928112
              ],
              [
                -73.95578562931,
                40.755115283516
              ],
              [
                -73.955777689092,
                40.755276105363
              ],
              [
                -73.955840355311,
                40.75527315143
              ],
              [
                -73.955750127312,
                40.75549648451
              ]
            ]
          ]
        ]
      }
    },
    {
      "type": "Feature",
      "id": "1089982",
      "properties": {
        "bin": "1089982",
        "bbl": "1013730001",
        "address": "MAIN STREET",
        "building_use": "Multi-Family Elevator Buildings",
        "pluto_landuse_code": "3",
        "building_class": "D4",
        "pluto_year_built": "1975",
        "pluto_floors": "18.0000000",
        "residential_units": "8018",
        "total_units": "8088",
        "building_area_sqft": "4786701",
        "lot_area_sqft": "4227757",
        "construction_year": null,
        "height_roof": "14.15056188",
        "feature_code": "5110",
        "geometry_source": "Photogrammetric",
        "last_status_type": "Constructed",
        "retrieved_on": "2026-09-29",
        "source_footprint": "NYC DoITT BUILDING (Socrata 5zhs-2jue)",
        "source_taxlot": "NYC DCP PLUTO 26v2 (Socrata 64uk-42ks)",
        "source_boundary": "OpenStreetMap relation 2389564 (Roosevelt Island)",
        "source_attributes": {
          "building": {
            "name": null,
            "base_bbl": "1013730001",
            "shape_area": "66.11328125",
            "construction_year": null,
            "ground_elevation": "18",
            "mappluto_bbl": "1013730001",
            "objectid": "88147",
            "feature_code": "5110",
            "shape_length": "32.604112863795265",
            "height_roof": "14.15056188",
            "last_status_type": "Constructed",
            "bin": "1089982",
            "last_edited_date": "2017-08-17T16:21:06.000Z",
            "geom_source": "Photogrammetric",
            "doitt_id": "1268841"
          },
          "pluto": {
            "borough": "MN",
            "block": "1373",
            "lot": "1",
            "cd": "108",
            "ct2010": "238.01",
            "cb2010": "1015",
            "schooldist": "2",
            "council": "5",
            "zipcode": "10044",
            "firecomp": "E260",
            "policeprct": "114",
            "healtharea": "8300",
            "sanitboro": "1",
            "address": "MAIN STREET",
            "zonedist1": "R7-2",
            "splitzone": false,
            "bldgclass": "D4",
            "landuse": "3",
            "easements": "1",
            "ownertype": "C",
            "ownername": "RIVERWALK 8 AFFORDABLE, L.P.",
            "lotarea": "4227757",
            "bldgarea": "4786701",
            "comarea": "1046956",
            "resarea": "3739745",
            "officearea": "7496",
            "retailarea": "537154",
            "garagearea": "406500",
            "strgearea": "0",
            "factryarea": "0",
            "otherarea": "95806",
            "areasource": "2",
            "numbldgs": "38",
            "numfloors": "18.0000000",
            "unitsres": "8018",
            "unitstotal": "8088",
            "lotfront": "200.0000000",
            "lotdepth": "102.5000000",
            "bldgfront": "0.0000000",
            "bldgdepth": "0.0000000",
            "ext": "N",
            "proxcode": "0",
            "irrlotcode": true,
            "lottype": "7",
            "bsmtcode": "0",
            "assessland": "134391150.00000",
            "assesstot": "592936650.00000",
            "exempttot": "592936650.00000",
            "yearbuilt": "1975",
            "yearalter1": "0",
            "yearalter2": "0",
            "landmark": "INDIVIDUAL LANDMARK",
            "builtfar": "1.13000000000",
            "residfar": "3.44000000000",
            "commfar": "0.00000000000",
            "facilfar": "6.50000000000",
            "affresfar": "5.01000000000",
            "mnffar": "0.00000000000",
            "borocode": "1",
            "bbl": "1013730001.00000000",
            "tract2010": "23801",
            "xcoord": "996792",
            "ycoord": "215349",
            "latitude": "40.7577508",
            "longitude": "-73.9547287",
            "zonemap": "9a",
            "zmcode": true,
            "sanborn": "106E070",
            "taxmap": "10507",
            "appbbl": "1013730001.00000000",
            "appdate": "2023-12-06T00:00:00.000",
            "plutomapid": "1",
            "version": "26v2",
            "sanitdistrict": "8",
            "healthcenterdistrict": "13",
            "firm07_flag": "1",
            "pfirm15_flag": "1",
            "bct2020": "1023804",
            "bctcb2020": "10238041000",
            "transitzone": "Inner Transit Zone"
          }
        }
      },
      "geometry": {
        "type": "MultiPolygon",
        "coordinates": [
          [
            [
              [
                -73.954659973719,
                40.757619206086
              ],
              [
                -73.954734623876,
                40.757601248749
              ],
              [
                -73.95475509794,
                40.757650462201
              ],
              [
                -73.954680447733,
                40.757668419551
              ],
              [
                -73.954659973719,
                40.757619206086
              ]
            ]
          ]
        ]
      }
    },
    {
      "type": "Feature",
      "id": "1090009",
      "properties": {
        "bin": "1090009",
        "bbl": "1013730001",
        "address": "MAIN STREET",
        "building_use": "Multi-Family Elevator Buildings",
        "pluto_landuse_code": "3",
        "building_class": "D4",
        "pluto_year_built": "1975",
        "pluto_floors": "18.0000000",
        "residential_units": "8018",
        "total_units": "8088",
        "building_area_sqft": "4786701",
        "lot_area_sqft": "4227757",
        "construction_year": "2014",
        "height_roof": "213",
        "feature_code": "2100",
        "geometry_source": "Other (Manual)",
        "last_status_type": "Constructed",
        "retrieved_on": "2026-09-29",
        "source_footprint": "NYC DoITT BUILDING (Socrata 5zhs-2jue)",
        "source_taxlot": "NYC DCP PLUTO 26v2 (Socrata 64uk-42ks)",
        "source_boundary": "OpenStreetMap relation 2389564 (Roosevelt Island)",
        "source_attributes": {
          "building": {
            "name": null,
            "base_bbl": "1013730001",
            "shape_area": "1796.9765625",
            "construction_year": "2014",
            "ground_elevation": "14",
            "mappluto_bbl": "1013730001",
            "objectid": "87764",
            "feature_code": "2100",
            "shape_length": "194.35326393003282",
            "height_roof": "213",
            "last_status_type": "Constructed",
            "bin": "1090009",
            "last_edited_date": "2024-12-26T20:15:12.000Z",
            "geom_source": "Other (Manual)",
            "doitt_id": "1268364"
          },
          "pluto": {
            "borough": "MN",
            "block": "1373",
            "lot": "1",
            "cd": "108",
            "ct2010": "238.01",
            "cb2010": "1015",
            "schooldist": "2",
            "council": "5",
            "zipcode": "10044",
            "firecomp": "E260",
            "policeprct": "114",
            "healtharea": "8300",
            "sanitboro": "1",
            "address": "MAIN STREET",
            "zonedist1": "R7-2",
            "splitzone": false,
            "bldgclass": "D4",
            "landuse": "3",
            "easements": "1",
            "ownertype": "C",
            "ownername": "RIVERWALK 8 AFFORDABLE, L.P.",
            "lotarea": "4227757",
            "bldgarea": "4786701",
            "comarea": "1046956",
            "resarea": "3739745",
            "officearea": "7496",
            "retailarea": "537154",
            "garagearea": "406500",
            "strgearea": "0",
            "factryarea": "0",
            "otherarea": "95806",
            "areasource": "2",
            "numbldgs": "38",
            "numfloors": "18.0000000",
            "unitsres": "8018",
            "unitstotal": "8088",
            "lotfront": "200.0000000",
            "lotdepth": "102.5000000",
            "bldgfront": "0.0000000",
            "bldgdepth": "0.0000000",
            "ext": "N",
            "proxcode": "0",
            "irrlotcode": true,
            "lottype": "7",
            "bsmtcode": "0",
            "assessland": "134391150.00000",
            "assesstot": "592936650.00000",
            "exempttot": "592936650.00000",
            "yearbuilt": "1975",
            "yearalter1": "0",
            "yearalter2": "0",
            "landmark": "INDIVIDUAL LANDMARK",
            "builtfar": "1.13000000000",
            "residfar": "3.44000000000",
            "commfar": "0.00000000000",
            "facilfar": "6.50000000000",
            "affresfar": "5.01000000000",
            "mnffar": "0.00000000000",
            "borocode": "1",
            "bbl": "1013730001.00000000",
            "tract2010": "23801",
            "xcoord": "996792",
            "ycoord": "215349",
            "latitude": "40.7577508",
            "longitude": "-73.9547287",
            "zonemap": "9a",
            "zmcode": true,
            "sanborn": "106E070",
            "taxmap": "10507",
            "appbbl": "1013730001.00000000",
            "appdate": "2023-12-06T00:00:00.000",
            "plutomapid": "1",
            "version": "26v2",
            "sanitdistrict": "8",
            "healthcenterdistrict": "13",
            "firm07_flag": "1",
            "pfirm15_flag": "1",
            "bct2020": "1023804",
            "bctcb2020": "10238041000",
            "transitzone": "Inner Transit Zone"
          }
        }
      },
      "geometry": {
        "type": "MultiPolygon",
        "coordinates": [
          [
            [
              [
                -73.950986219741,
                40.759460489592
              ],
              [
                -73.951230533085,
                40.759203171293
              ],
              [
                -73.951414536243,
                40.759304183051
              ],
              [
                -73.951298477164,
                40.759426420834
              ],
              [
                -73.951482492875,
                40.759527445992
              ],
              [
                -73.95135424387,
                40.759662521696
              ],
              [
                -73.950986219741,
                40.759460489592
              ]
            ]
          ]
        ]
      }
    },
    {
      "type": "Feature",
      "id": "1090045",
      "properties": {
        "bin": "1090045",
        "bbl": "1013730001",
        "address": "MAIN STREET",
        "building_use": "Multi-Family Elevator Buildings",
        "pluto_landuse_code": "3",
        "building_class": "D4",
        "pluto_year_built": "1975",
        "pluto_floors": "18.0000000",
        "residential_units": "8018",
        "total_units": "8088",
        "building_area_sqft": "4786701",
        "lot_area_sqft": "4227757",
        "construction_year": null,
        "height_roof": "36.58218566",
        "feature_code": "5100",
        "geometry_source": "Photogrammetric",
        "last_status_type": "Constructed",
        "retrieved_on": "2026-09-29",
        "source_footprint": "NYC DoITT BUILDING (Socrata 5zhs-2jue)",
        "source_taxlot": "NYC DCP PLUTO 26v2 (Socrata 64uk-42ks)",
        "source_boundary": "OpenStreetMap relation 2389564 (Roosevelt Island)",
        "source_attributes": {
          "building": {
            "name": null,
            "base_bbl": "1013730001",
            "shape_area": "1971.6171875",
            "construction_year": null,
            "ground_elevation": "8",
            "mappluto_bbl": "1013730001",
            "objectid": "87537",
            "feature_code": "5100",
            "shape_length": "276.25798493371457",
            "height_roof": "36.58218566",
            "last_status_type": "Constructed",
            "bin": "1090045",
            "last_edited_date": "2016-11-28T00:00:00.000Z",
            "geom_source": "Photogrammetric",
            "doitt_id": "1268660"
          },
          "pluto": {
            "borough": "MN",
            "block": "1373",
            "lot": "1",
            "cd": "108",
            "ct2010": "238.01",
            "cb2010": "1015",
            "schooldist": "2",
            "council": "5",
            "zipcode": "10044",
            "firecomp": "E260",
            "policeprct": "114",
            "healtharea": "8300",
            "sanitboro": "1",
            "address": "MAIN STREET",
            "zonedist1": "R7-2",
            "splitzone": false,
            "bldgclass": "D4",
            "landuse": "3",
            "easements": "1",
            "ownertype": "C",
            "ownername": "RIVERWALK 8 AFFORDABLE, L.P.",
            "lotarea": "4227757",
            "bldgarea": "4786701",
            "comarea": "1046956",
            "resarea": "3739745",
            "officearea": "7496",
            "retailarea": "537154",
            "garagearea": "406500",
            "strgearea": "0",
            "factryarea": "0",
            "otherarea": "95806",
            "areasource": "2",
            "numbldgs": "38",
            "numfloors": "18.0000000",
            "unitsres": "8018",
            "unitstotal": "8088",
            "lotfront": "200.0000000",
            "lotdepth": "102.5000000",
            "bldgfront": "0.0000000",
            "bldgdepth": "0.0000000",
            "ext": "N",
            "proxcode": "0",
            "irrlotcode": true,
            "lottype": "7",
            "bsmtcode": "0",
            "assessland": "134391150.00000",
            "assesstot": "592936650.00000",
            "exempttot": "592936650.00000",
            "yearbuilt": "1975",
            "yearalter1": "0",
            "yearalter2": "0",
            "landmark": "INDIVIDUAL LANDMARK",
            "builtfar": "1.13000000000",
            "residfar": "3.44000000000",
            "commfar": "0.00000000000",
            "facilfar": "6.50000000000",
            "affresfar": "5.01000000000",
            "mnffar": "0.00000000000",
            "borocode": "1",
            "bbl": "1013730001.00000000",
            "tract2010": "23801",
            "xcoord": "996792",
            "ycoord": "215349",
            "latitude": "40.7577508",
            "longitude": "-73.9547287",
            "zonemap": "9a",
            "zmcode": true,
            "sanborn": "106E070",
            "taxmap": "10507",
            "appbbl": "1013730001.00000000",
            "appdate": "2023-12-06T00:00:00.000",
            "plutomapid": "1",
            "version": "26v2",
            "sanitdistrict": "8",
            "healthcenterdistrict": "13",
            "firm07_flag": "1",
            "pfirm15_flag": "1",
            "bct2020": "1023804",
            "bctcb2020": "10238041000",
            "transitzone": "Inner Transit Zone"
          }
        }
      },
      "geometry": {
        "type": "MultiPolygon",
        "coordinates": [
          [
            [
              [
                -73.959226059346,
                40.751694188853
              ],
              [
                -73.959304176916,
                40.75161638484
              ],
              [
                -73.959429357185,
                40.751689071916
              ],
              [
                -73.959650293795,
                40.751469020816
              ],
              [
                -73.959523986804,
                40.751395680715
              ],
              [
                -73.95959968541,
                40.751320284502
              ],
              [
                -73.959911984965,
                40.751501622252
              ],
              [
                -73.9598344654,
                40.751578831652
              ],
              [
                -73.959777378217,
                40.751545683917
              ],
              [
                -73.95955819417,
                40.751763990693
              ],
              [
                -73.959614219633,
                40.751796522217
              ],
              [
                -73.95953617212,
                40.751874257124
              ],
              [
                -73.959226059346,
                40.751694188853
              ]
            ]
          ]
        ]
      }
    },
    {
      "type": "Feature",
      "id": "1090298",
      "properties": {
        "bin": "1090298",
        "bbl": "1013730160",
        "address": "22 NORTH LOOP ROAD",
        "building_use": "Commercial & Office Buildings",
        "pluto_landuse_code": "5",
        "building_class": "H2",
        "pluto_year_built": "2018",
        "pluto_floors": "19.0000000",
        "residential_units": "0",
        "total_units": "197",
        "building_area_sqft": "142554",
        "lot_area_sqft": "18555",
        "construction_year": "2019",
        "height_roof": "80",
        "feature_code": "2100",
        "geometry_source": "Other (Manual)",
        "last_status_type": "Constructed",
        "retrieved_on": "2026-09-29",
        "source_footprint": "NYC DoITT BUILDING (Socrata 5zhs-2jue)",
        "source_taxlot": "NYC DCP PLUTO 26v2 (Socrata 64uk-42ks)",
        "source_boundary": "OpenStreetMap relation 2389564 (Roosevelt Island)",
        "source_attributes": {
          "building": {
            "name": null,
            "base_bbl": "1013730160",
            "shape_area": "1585.49609375",
            "construction_year": "2019",
            "ground_elevation": "9",
            "mappluto_bbl": "1013730160",
            "objectid": "1077889",
            "feature_code": "2100",
            "shape_length": "158.18572828556742",
            "height_roof": "80",
            "last_status_type": "Constructed",
            "bin": "1090298",
            "last_edited_date": "2021-08-16T20:16:42.000Z",
            "geom_source": "Other (Manual)",
            "doitt_id": "1282298"
          },
          "pluto": {
            "borough": "MN",
            "block": "1373",
            "lot": "160",
            "cd": "108",
            "ct2010": "238.01",
            "cb2010": "1016",
            "schooldist": "2",
            "council": "5",
            "zipcode": "10044",
            "firecomp": "E260",
            "policeprct": "114",
            "healtharea": "8300",
            "sanitboro": "1",
            "address": "22 NORTH LOOP ROAD",
            "zonedist1": "C4-5",
            "spdist1": "SRI",
            "splitzone": false,
            "bldgclass": "H2",
            "landuse": "5",
            "easements": "0",
            "ownertype": "C",
            "ownername": "CORNELL UNIVERSITY",
            "lotarea": "18555",
            "bldgarea": "142554",
            "areasource": "2",
            "numbldgs": "1",
            "numfloors": "19.0000000",
            "unitsres": "0",
            "unitstotal": "197",
            "lotfront": "159.4700000",
            "lotdepth": "166.7000000",
            "bldgfront": "113.5000000",
            "bldgdepth": "127.0000000",
            "proxcode": "2",
            "irrlotcode": true,
            "lottype": "0",
            "bsmtcode": "2",
            "assessland": "2688750.00000",
            "assesstot": "22355550.00000",
            "exempttot": "22355550.00000",
            "yearbuilt": "2018",
            "yearalter1": "2018",
            "yearalter2": "0",
            "builtfar": "7.68000000000",
            "residfar": "3.44000000000",
            "commfar": "3.40000000000",
            "facilfar": "6.50000000000",
            "affresfar": "5.01000000000",
            "mnffar": "0.00000000000",
            "borocode": "1",
            "bbl": "1013730160.00000000",
            "tract2010": "23801",
            "xcoord": "996560",
            "ycoord": "214690",
            "latitude": "40.7559424",
            "longitude": "-73.9555673",
            "zonemap": "9b",
            "sanborn": "106E070",
            "taxmap": "10507",
            "appbbl": "1013730035.00000000",
            "appdate": "2018-11-16T00:00:00.000",
            "plutomapid": "1",
            "version": "26v2",
            "sanitdistrict": "8",
            "healthcenterdistrict": "13",
            "bct2020": "1023804",
            "bctcb2020": "10238041001",
            "transitzone": "Inner Transit Zone"
          }
        }
      },
      "geometry": {
        "type": "MultiPolygon",
        "coordinates": [
          [
            [
              [
                -73.955389306018,
                40.755965966631
              ],
              [
                -73.95537896836,
                40.755961674421
              ],
              [
                -73.955378203113,
                40.755702161946
              ],
              [
                -73.955387607903,
                40.755693588273
              ],
              [
                -73.955737087454,
                40.755693449328
              ],
              [
                -73.955733240707,
                40.755964991682
              ],
              [
                -73.955389306018,
                40.755965966631
              ]
            ]
          ]
        ]
      }
    },
    {
      "type": "Feature",
      "id": "1090299",
      "properties": {
        "bin": "1090299",
        "bbl": "1013730035",
        "address": "2 WEST LOOP ROAD",
        "building_use": "Public Facilities & Institutions",
        "pluto_landuse_code": "8",
        "building_class": "W6",
        "pluto_year_built": "2015",
        "pluto_floors": "4.0000000",
        "residential_units": "0",
        "total_units": "1",
        "building_area_sqft": "136878",
        "lot_area_sqft": "71699",
        "construction_year": "2017",
        "height_roof": "78",
        "feature_code": "2100",
        "geometry_source": "Other (Manual)",
        "last_status_type": "Constructed",
        "retrieved_on": "2026-09-29",
        "source_footprint": "NYC DoITT BUILDING (Socrata 5zhs-2jue)",
        "source_taxlot": "NYC DCP PLUTO 26v2 (Socrata 64uk-42ks)",
        "source_boundary": "OpenStreetMap relation 2389564 (Roosevelt Island)",
        "source_attributes": {
          "building": {
            "name": null,
            "base_bbl": "1013730035",
            "shape_area": "6342.05859375",
            "construction_year": "2017",
            "ground_elevation": "8",
            "mappluto_bbl": "1013730035",
            "objectid": "72217",
            "feature_code": "2100",
            "shape_length": "380.41036960480119",
            "height_roof": "78",
            "last_status_type": "Constructed",
            "bin": "1090299",
            "last_edited_date": "2018-12-13T17:57:24.000Z",
            "geom_source": "Other (Manual)",
            "doitt_id": "1281894"
          },
          "pluto": {
            "borough": "MN",
            "block": "1373",
            "lot": "35",
            "cd": "108",
            "ct2010": "238.01",
            "cb2010": "1016",
            "schooldist": "2",
            "council": "5",
            "zipcode": "10044",
            "firecomp": "E260",
            "policeprct": "114",
            "healtharea": "8300",
            "sanitboro": "1",
            "address": "2 WEST LOOP ROAD",
            "zonedist1": "C4-5",
            "spdist1": "SRI",
            "splitzone": false,
            "bldgclass": "W6",
            "landuse": "8",
            "easements": "0",
            "ownertype": "C",
            "ownername": "NYC ECONOMIC DEVELOPMENT CORPORATION",
            "lotarea": "71699",
            "bldgarea": "136878",
            "comarea": "136878",
            "resarea": "0",
            "officearea": "0",
            "retailarea": "0",
            "garagearea": "0",
            "strgearea": "0",
            "factryarea": "0",
            "otherarea": "136878",
            "areasource": "2",
            "numbldgs": "1",
            "numfloors": "4.0000000",
            "unitsres": "0",
            "unitstotal": "1",
            "lotfront": "447.9100000",
            "lotdepth": "270.1800000",
            "bldgfront": "0.0000000",
            "bldgdepth": "0.0000000",
            "ext": "N",
            "proxcode": "1",
            "irrlotcode": true,
            "lottype": "3",
            "bsmtcode": "2",
            "assessland": "7866180.00000",
            "assesstot": "29763450.00000",
            "exempttot": "29763450.00000",
            "yearbuilt": "2015",
            "yearalter1": "2015",
            "yearalter2": "0",
            "builtfar": "1.91000000000",
            "residfar": "3.44000000000",
            "commfar": "3.40000000000",
            "facilfar": "6.50000000000",
            "affresfar": "5.01000000000",
            "mnffar": "0.00000000000",
            "borocode": "1",
            "bbl": "1013730035.00000000",
            "tract2010": "23801",
            "xcoord": "996377",
            "ycoord": "214524",
            "latitude": "40.7554870",
            "longitude": "-73.9562281",
            "zonemap": "9b",
            "zmcode": true,
            "sanborn": "106E070",
            "taxmap": "10507",
            "appbbl": "1013730035.00000000",
            "appdate": "2018-11-16T00:00:00.000",
            "plutomapid": "1",
            "version": "26v2",
            "sanitdistrict": "8",
            "healthcenterdistrict": "13",
            "dcpedited": "t",
            "bct2020": "1023804",
            "bctcb2020": "10238041001",
            "transitzone": "Inner Transit Zone"
          }
        }
      },
      "geometry": {
        "type": "MultiPolygon",
        "coordinates": [
          [
            [
              [
                -73.955946892211,
                40.756311099558
              ],
              [
                -73.955845545207,
                40.756251096101
              ],
              [
                -73.955893782277,
                40.756178974187
              ],
              [
                -73.955945798052,
                40.75598153035
              ],
              [
                -73.955915227969,
                40.755866495288
              ],
              [
                -73.955969791709,
                40.755796467634
              ],
              [
                -73.955995208197,
                40.755472257534
              ],
              [
                -73.955996466874,
                40.755463489792
              ],
              [
                -73.955998978363,
                40.755456628899
              ],
              [
                -73.956003492563,
                40.755453009691
              ],
              [
                -73.956007254293,
                40.755450152022
              ],
              [
                -73.956012017908,
                40.755449010199
              ],
              [
                -73.956016781145,
                40.755448440197
              ],
              [
                -73.956592766565,
                40.755339127474
              ],
              [
                -73.956623471838,
                40.755338901306
              ],
              [
                -73.956679391425,
                40.755385521709
              ],
              [
                -73.956685942703,
                40.755394200544
              ],
              [
                -73.956672678797,
                40.755555735445
              ],
              [
                -73.956658564166,
                40.755579555711
              ],
              [
                -73.956644452604,
                40.755596824798
              ],
              [
                -73.956627211529,
                40.755609922465
              ],
              [
                -73.956584897395,
                40.755633732101
              ],
              [
                -73.95646656605,
                40.755714696021
              ],
              [
                -73.956450890057,
                40.75573017699
              ],
              [
                -73.956447743406,
                40.755750427269
              ],
              [
                -73.956439891179,
                40.75577901535
              ],
              [
                -73.956430619578,
                40.755795978268
              ],
              [
                -73.955946892211,
                40.756311099558
              ]
            ]
          ]
        ]
      }
    },
    {
      "type": "Feature",
      "id": "1090300",
      "properties": {
        "bin": "1090300",
        "bbl": "1013730001",
        "address": "MAIN STREET",
        "building_use": "Multi-Family Elevator Buildings",
        "pluto_landuse_code": "3",
        "building_class": "D4",
        "pluto_year_built": "1975",
        "pluto_floors": "18.0000000",
        "residential_units": "8018",
        "total_units": "8088",
        "building_area_sqft": "4786701",
        "lot_area_sqft": "4227757",
        "construction_year": "2015",
        "height_roof": "38",
        "feature_code": "2100",
        "geometry_source": "Other (Manual)",
        "last_status_type": "Constructed",
        "retrieved_on": "2026-09-29",
        "source_footprint": "NYC DoITT BUILDING (Socrata 5zhs-2jue)",
        "source_taxlot": "NYC DCP PLUTO 26v2 (Socrata 64uk-42ks)",
        "source_boundary": "OpenStreetMap relation 2389564 (Roosevelt Island)",
        "source_attributes": {
          "building": {
            "name": null,
            "base_bbl": "1013730001",
            "shape_area": "1620.4375",
            "construction_year": "2015",
            "ground_elevation": "11",
            "mappluto_bbl": "1013730001",
            "objectid": "65248",
            "feature_code": "2100",
            "shape_length": "202.301117189611",
            "height_roof": "38",
            "last_status_type": "Constructed",
            "bin": "1090300",
            "last_edited_date": "2018-12-07T18:34:43.000Z",
            "geom_source": "Other (Manual)",
            "doitt_id": "1286814"
          },
          "pluto": {
            "borough": "MN",
            "block": "1373",
            "lot": "1",
            "cd": "108",
            "ct2010": "238.01",
            "cb2010": "1015",
            "schooldist": "2",
            "council": "5",
            "zipcode": "10044",
            "firecomp": "E260",
            "policeprct": "114",
            "healtharea": "8300",
            "sanitboro": "1",
            "address": "MAIN STREET",
            "zonedist1": "R7-2",
            "splitzone": false,
            "bldgclass": "D4",
            "landuse": "3",
            "easements": "1",
            "ownertype": "C",
            "ownername": "RIVERWALK 8 AFFORDABLE, L.P.",
            "lotarea": "4227757",
            "bldgarea": "4786701",
            "comarea": "1046956",
            "resarea": "3739745",
            "officearea": "7496",
            "retailarea": "537154",
            "garagearea": "406500",
            "strgearea": "0",
            "factryarea": "0",
            "otherarea": "95806",
            "areasource": "2",
            "numbldgs": "38",
            "numfloors": "18.0000000",
            "unitsres": "8018",
            "unitstotal": "8088",
            "lotfront": "200.0000000",
            "lotdepth": "102.5000000",
            "bldgfront": "0.0000000",
            "bldgdepth": "0.0000000",
            "ext": "N",
            "proxcode": "0",
            "irrlotcode": true,
            "lottype": "7",
            "bsmtcode": "0",
            "assessland": "134391150.00000",
            "assesstot": "592936650.00000",
            "exempttot": "592936650.00000",
            "yearbuilt": "1975",
            "yearalter1": "0",
            "yearalter2": "0",
            "landmark": "INDIVIDUAL LANDMARK",
            "builtfar": "1.13000000000",
            "residfar": "3.44000000000",
            "commfar": "0.00000000000",
            "facilfar": "6.50000000000",
            "affresfar": "5.01000000000",
            "mnffar": "0.00000000000",
            "borocode": "1",
            "bbl": "1013730001.00000000",
            "tract2010": "23801",
            "xcoord": "996792",
            "ycoord": "215349",
            "latitude": "40.7577508",
            "longitude": "-73.9547287",
            "zonemap": "9a",
            "zmcode": true,
            "sanborn": "106E070",
            "taxmap": "10507",
            "appbbl": "1013730001.00000000",
            "appdate": "2023-12-06T00:00:00.000",
            "plutomapid": "1",
            "version": "26v2",
            "sanitdistrict": "8",
            "healthcenterdistrict": "13",
            "firm07_flag": "1",
            "pfirm15_flag": "1",
            "bct2020": "1023804",
            "bctcb2020": "10238041000",
            "transitzone": "Inner Transit Zone"
          }
        }
      },
      "geometry": {
        "type": "MultiPolygon",
        "coordinates": [
          [
            [
              [
                -73.954716943325,
                40.75586242893
              ],
              [
                -73.95511193703,
                40.755861483098
              ],
              [
                -73.955264065225,
                40.755861614315
              ],
              [
                -73.955263363931,
                40.756205826858
              ],
              [
                -73.955257920222,
                40.756147451279
              ],
              [
                -73.955229877548,
                40.756148155386
              ],
              [
                -73.955229865138,
                40.756166620245
              ],
              [
                -73.955129802609,
                40.75612431429
              ],
              [
                -73.955129056796,
                40.756115164864
              ],
              [
                -73.955050872329,
                40.756082254229
              ],
              [
                -73.955050314624,
                40.756073391236
              ],
              [
                -73.954973541584,
                40.756040838599
              ],
              [
                -73.954973547382,
                40.756032261287
              ],
              [
                -73.954893672518,
                40.755998635783
              ],
              [
                -73.95489273903,
                40.7559886281
              ],
              [
                -73.954804405713,
                40.755952854217
              ],
              [
                -73.954719853461,
                40.755887776602
              ],
              [
                -73.954716943325,
                40.75586242893
              ]
            ]
          ]
        ]
      }
    },
    {
      "type": "Feature",
      "id": "1090301",
      "properties": {
        "bin": "1090301",
        "bbl": "1013730160",
        "address": "22 NORTH LOOP ROAD",
        "building_use": "Commercial & Office Buildings",
        "pluto_landuse_code": "5",
        "building_class": "H2",
        "pluto_year_built": "2018",
        "pluto_floors": "19.0000000",
        "residential_units": "0",
        "total_units": "197",
        "building_area_sqft": "142554",
        "lot_area_sqft": "18555",
        "construction_year": "2020",
        "height_roof": "230",
        "feature_code": "2100",
        "geometry_source": "Other (Manual)",
        "last_status_type": "Constructed",
        "retrieved_on": "2026-09-29",
        "source_footprint": "NYC DoITT BUILDING (Socrata 5zhs-2jue)",
        "source_taxlot": "NYC DCP PLUTO 26v2 (Socrata 64uk-42ks)",
        "source_boundary": "OpenStreetMap relation 2389564 (Roosevelt Island)",
        "source_attributes": {
          "building": {
            "name": null,
            "base_bbl": "1013730160",
            "shape_area": "1360.8515625",
            "construction_year": "2020",
            "ground_elevation": null,
            "mappluto_bbl": "1013730160",
            "objectid": "1077898",
            "feature_code": "2100",
            "shape_length": "154.00326862882213",
            "height_roof": "230",
            "last_status_type": "Constructed",
            "bin": "1090301",
            "last_edited_date": "2021-08-16T20:13:05.000Z",
            "geom_source": "Other (Manual)",
            "doitt_id": "1295145"
          },
          "pluto": {
            "borough": "MN",
            "block": "1373",
            "lot": "160",
            "cd": "108",
            "ct2010": "238.01",
            "cb2010": "1016",
            "schooldist": "2",
            "council": "5",
            "zipcode": "10044",
            "firecomp": "E260",
            "policeprct": "114",
            "healtharea": "8300",
            "sanitboro": "1",
            "address": "22 NORTH LOOP ROAD",
            "zonedist1": "C4-5",
            "spdist1": "SRI",
            "splitzone": false,
            "bldgclass": "H2",
            "landuse": "5",
            "easements": "0",
            "ownertype": "C",
            "ownername": "CORNELL UNIVERSITY",
            "lotarea": "18555",
            "bldgarea": "142554",
            "areasource": "2",
            "numbldgs": "1",
            "numfloors": "19.0000000",
            "unitsres": "0",
            "unitstotal": "197",
            "lotfront": "159.4700000",
            "lotdepth": "166.7000000",
            "bldgfront": "113.5000000",
            "bldgdepth": "127.0000000",
            "proxcode": "2",
            "irrlotcode": true,
            "lottype": "0",
            "bsmtcode": "2",
            "assessland": "2688750.00000",
            "assesstot": "22355550.00000",
            "exempttot": "22355550.00000",
            "yearbuilt": "2018",
            "yearalter1": "2018",
            "yearalter2": "0",
            "builtfar": "7.68000000000",
            "residfar": "3.44000000000",
            "commfar": "3.40000000000",
            "facilfar": "6.50000000000",
            "affresfar": "5.01000000000",
            "mnffar": "0.00000000000",
            "borocode": "1",
            "bbl": "1013730160.00000000",
            "tract2010": "23801",
            "xcoord": "996560",
            "ycoord": "214690",
            "latitude": "40.7559424",
            "longitude": "-73.9555673",
            "zonemap": "9b",
            "sanborn": "106E070",
            "taxmap": "10507",
            "appbbl": "1013730035.00000000",
            "appdate": "2018-11-16T00:00:00.000",
            "plutomapid": "1",
            "version": "26v2",
            "sanitdistrict": "8",
            "healthcenterdistrict": "13",
            "bct2020": "1023804",
            "bctcb2020": "10238041001",
            "transitzone": "Inner Transit Zone"
          }
        }
      },
      "geometry": {
        "type": "MultiPolygon",
        "coordinates": [
          [
            [
              [
                -73.955669580701,
                40.756392596082
              ],
              [
                -73.955631031969,
                40.756406877667
              ],
              [
                -73.955289002919,
                40.756225905927
              ],
              [
                -73.955282112919,
                40.756220959478
              ],
              [
                -73.955278981884,
                40.756217384156
              ],
              [
                -73.955276242824,
                40.756213809887
              ],
              [
                -73.955272719814,
                40.756210234413
              ],
              [
                -73.955270372931,
                40.756206361329
              ],
              [
                -73.955268417039,
                40.756202191229
              ],
              [
                -73.955267638873,
                40.756195340782
              ],
              [
                -73.955268102603,
                40.756088482481
              ],
              [
                -73.955271635421,
                40.756075676864
              ],
              [
                -73.955277121926,
                40.756070318285
              ],
              [
                -73.955284176543,
                40.756062875644
              ],
              [
                -73.955292013908,
                40.756057219909
              ],
              [
                -73.955307291079,
                40.756052460362
              ],
              [
                -73.955317867096,
                40.756050975929
              ],
              [
                -73.955328051138,
                40.756049490443
              ],
              [
                -73.95534410866,
                40.756050091902
              ],
              [
                -73.955358990445,
                40.756052183241
              ],
              [
                -73.955376608098,
                40.756062613417
              ],
              [
                -73.955670193306,
                40.756217655126
              ],
              [
                -73.955682299187,
                40.756232431675
              ],
              [
                -73.955688556314,
                40.756245300504
              ],
              [
                -73.955690427657,
                40.75625911948
              ],
              [
                -73.95568915804,
                40.756282469098
              ],
              [
                -73.955669580701,
                40.756392596082
              ]
            ]
          ]
        ]
      }
    },
    {
      "type": "Feature",
      "id": "1090953",
      "properties": {
        "bin": "1090953",
        "bbl": "1013730001",
        "address": "MAIN STREET",
        "building_use": "Multi-Family Elevator Buildings",
        "pluto_landuse_code": "3",
        "building_class": "D4",
        "pluto_year_built": "1975",
        "pluto_floors": "18.0000000",
        "residential_units": "8018",
        "total_units": "8088",
        "building_area_sqft": "4786701",
        "lot_area_sqft": "4227757",
        "construction_year": "1872",
        "height_roof": "57",
        "feature_code": "1004",
        "geometry_source": "Other (Manual)",
        "last_status_type": "Constructed",
        "retrieved_on": "2026-09-29",
        "source_footprint": "NYC DoITT BUILDING (Socrata 5zhs-2jue)",
        "source_taxlot": "NYC DCP PLUTO 26v2 (Socrata 64uk-42ks)",
        "source_boundary": "OpenStreetMap relation 2389564 (Roosevelt Island)",
        "source_attributes": {
          "building": {
            "name": null,
            "base_bbl": "1013730001",
            "shape_area": "22.70703125",
            "construction_year": "1872",
            "ground_elevation": "7",
            "mappluto_bbl": "1013730001",
            "objectid": "1043756",
            "feature_code": "1004",
            "shape_length": "17.372753303050434",
            "height_roof": "57",
            "last_status_type": "Constructed",
            "bin": "1090953",
            "last_edited_date": "2020-12-01T16:46:21.000Z",
            "geom_source": "Other (Manual)",
            "doitt_id": "1293541"
          },
          "pluto": {
            "borough": "MN",
            "block": "1373",
            "lot": "1",
            "cd": "108",
            "ct2010": "238.01",
            "cb2010": "1015",
            "schooldist": "2",
            "council": "5",
            "zipcode": "10044",
            "firecomp": "E260",
            "policeprct": "114",
            "healtharea": "8300",
            "sanitboro": "1",
            "address": "MAIN STREET",
            "zonedist1": "R7-2",
            "splitzone": false,
            "bldgclass": "D4",
            "landuse": "3",
            "easements": "1",
            "ownertype": "C",
            "ownername": "RIVERWALK 8 AFFORDABLE, L.P.",
            "lotarea": "4227757",
            "bldgarea": "4786701",
            "comarea": "1046956",
            "resarea": "3739745",
            "officearea": "7496",
            "retailarea": "537154",
            "garagearea": "406500",
            "strgearea": "0",
            "factryarea": "0",
            "otherarea": "95806",
            "areasource": "2",
            "numbldgs": "38",
            "numfloors": "18.0000000",
            "unitsres": "8018",
            "unitstotal": "8088",
            "lotfront": "200.0000000",
            "lotdepth": "102.5000000",
            "bldgfront": "0.0000000",
            "bldgdepth": "0.0000000",
            "ext": "N",
            "proxcode": "0",
            "irrlotcode": true,
            "lottype": "7",
            "bsmtcode": "0",
            "assessland": "134391150.00000",
            "assesstot": "592936650.00000",
            "exempttot": "592936650.00000",
            "yearbuilt": "1975",
            "yearalter1": "0",
            "yearalter2": "0",
            "landmark": "INDIVIDUAL LANDMARK",
            "builtfar": "1.13000000000",
            "residfar": "3.44000000000",
            "commfar": "0.00000000000",
            "facilfar": "6.50000000000",
            "affresfar": "5.01000000000",
            "mnffar": "0.00000000000",
            "borocode": "1",
            "bbl": "1013730001.00000000",
            "tract2010": "23801",
            "xcoord": "996792",
            "ycoord": "215349",
            "latitude": "40.7577508",
            "longitude": "-73.9547287",
            "zonemap": "9a",
            "zmcode": true,
            "sanborn": "106E070",
            "taxmap": "10507",
            "appbbl": "1013730001.00000000",
            "appdate": "2023-12-06T00:00:00.000",
            "plutomapid": "1",
            "version": "26v2",
            "sanitdistrict": "8",
            "healthcenterdistrict": "13",
            "firm07_flag": "1",
            "pfirm15_flag": "1",
            "bct2020": "1023804",
            "bctcb2020": "10238041000",
            "transitzone": "Inner Transit Zone"
          }
        }
      },
      "geometry": {
        "type": "MultiPolygon",
        "coordinates": [
          [
            [
              [
                -73.940197938329,
                40.772853112355
              ],
              [
                -73.940177815911,
                40.772855675549
              ],
              [
                -73.940162216369,
                40.772847233335
              ],
              [
                -73.940159597703,
                40.772831092254
              ],
              [
                -73.940169948656,
                40.772821091236
              ],
              [
                -73.940186498979,
                40.772818083142
              ],
              [
                -73.940204545388,
                40.772824253752
              ],
              [
                -73.94020833193,
                40.772840464777
              ],
              [
                -73.940197938329,
                40.772853112355
              ]
            ]
          ]
        ]
      }
    }
  ]
}
